Time,Open,High,Low,Close,Volume
2026-07-22 14:30:00,4117.65,4119.2,4116.63,4117.97,4055
2026-07-22 14:35:00,4117.975,4118.725,4116.755,4116.915,3820
2026-07-22 14:40:00,4116.91,4117.595,4114.21,4114.635,3618
2026-07-22 14:45:00,4114.64,4116.445,4113.385,4114.72,3630
2026-07-22 14:50:00,4114.725,4117.95,4113.82,4117.74,3648
2026-07-22 14:55:00,4117.74,4120.275,4117.64,4118.365,2576
2026-07-22 15:00:00,4118.355,4120.59,4117.895,4119.92,3643
2026-07-22 15:05:00,4119.925,4122.265,4118.115,4120.125,2921
2026-07-22 15:10:00,4120.1,4122.435,4119.735,4121.86,3040
2026-07-22 15:15:00,4121.865,4122.395,4119.815,4122.385,3052
2026-07-22 15:20:00,4122.38,4122.505,4119.545,4120.87,3351
2026-07-22 15:25:00,4120.865,4121.475,4117.95,4118.79,2687
2026-07-22 15:30:00,4118.78,4121.855,4116.47,4117.39,3370
2026-07-22 15:35:00,4117.4,4118.94,4114.505,4114.59,3672
2026-07-22 15:40:00,4114.57,4119.01,4114.485,4116.04,3231
2026-07-22 15:45:00,4116.045,4117.48,4115.78,4117.03,2304
2026-07-22 15:50:00,4117.035,4117.785,4113.32,4115.24,3089
2026-07-22 15:55:00,4115.265,4117.985,4114.22,4115.12,2767
2026-07-22 16:00:00,4115.13,4120.1,4114.84,4116.48,3250
2026-07-22 16:05:00,4116.475,4118.025,4116.11,4116.235,2964
2026-07-22 16:10:00,4116.21,4118.19,4116.1,4117.6,2690
2026-07-22 16:15:00,4117.59,4119.365,4116.555,4117.67,2650
2026-07-22 16:20:00,4117.68,4121.97,4117.68,4121.62,3709
2026-07-22 16:25:00,4121.635,4121.94,4119.04,4119.435,3080
2026-07-22 16:30:00,4119.45,4120.125,4118.01,4118.97,2649
2026-07-22 16:35:00,4118.965,4119.28,4116.795,4117.215,2857
2026-07-22 16:40:00,4117.21,4117.885,4115.95,4117.195,1924
2026-07-22 16:45:00,4117.175,4119.1,4116.36,4119.02,2726
2026-07-22 16:50:00,4119.03,4120.38,4118.045,4118.22,2432
2026-07-22 16:55:00,4118.21,4118.425,4116.255,4117.71,1780
2026-07-22 17:00:00,4117.72,4118.39,4115.31,4117.185,2843
2026-07-22 17:05:00,4117.155,4118.9,4116.195,4118.86,2240
2026-07-22 17:10:00,4118.865,4121.03,4118.075,4119.26,1936
2026-07-22 17:15:00,4119.275,4123.115,4118.715,4121.045,1819
2026-07-22 17:20:00,4121.04,4122.75,4120.355,4120.67,2415
2026-07-22 17:25:00,4120.68,4120.985,4117.52,4118.785,2224
2026-07-22 17:30:00,4118.795,4120.715,4118.405,4119.985,2122
2026-07-22 17:35:00,4119.975,4120,4117.255,4118.73,2618
2026-07-22 17:40:00,4118.75,4119.29,4112.595,4115.31,5944
2026-07-22 17:45:00,4115.3,4120.4,4114.88,4120.285,3918
2026-07-22 17:50:00,4120.275,4121.6,4118.05,4119.85,2921
2026-07-22 17:55:00,4119.865,4123.115,4119.54,4122.69,3321
2026-07-22 18:00:00,4122.7,4126.6,4121.86,4125.39,4381
2026-07-22 18:05:00,4125.4,4127.28,4123.555,4124.86,4246
2026-07-22 18:10:00,4124.865,4127.485,4123.63,4127.225,3550
2026-07-22 18:15:00,4127.29,4127.83,4124.845,4125.92,3636
2026-07-22 18:20:00,4125.97,4130.175,4125.725,4129.73,4433
2026-07-22 18:25:00,4129.735,4133.32,4128.63,4132.705,4067
2026-07-22 18:30:00,4132.7,4134.485,4127.44,4127.705,4533
2026-07-22 18:35:00,4127.715,4128.46,4124.8,4127.215,3917
2026-07-22 18:40:00,4127.195,4128.605,4125.425,4127.43,3849
2026-07-22 18:45:00,4127.445,4127.775,4118.89,4119.015,4687
2026-07-22 18:50:00,4119.02,4119.845,4116.805,4118.135,4292
2026-07-22 18:55:00,4118.125,4118.425,4106.775,4112.97,5882
2026-07-22 19:00:00,4112.96,4120.585,4112.725,4119.395,6476
2026-07-22 19:05:00,4119.385,4121.415,4117.505,4121.235,4462
2026-07-22 19:10:00,4121.225,4125.995,4120.475,4125.775,3649
2026-07-22 19:15:00,4125.765,4131.545,4125.085,4130.78,4472
2026-07-22 19:20:00,4130.85,4133.98,4128.645,4133.775,4428
2026-07-22 19:25:00,4133.77,4135.055,4131.255,4131.79,4334
2026-07-22 19:30:00,4131.805,4146.93,4131.805,4142.3,9355
2026-07-22 19:35:00,4142.295,4145.825,4138.68,4144.625,8737
2026-07-22 19:40:00,4144.63,4146.205,4140.995,4142.77,8211
2026-07-22 19:45:00,4142.78,4150.12,4142.63,4146.445,7929
2026-07-22 19:50:00,4146.47,4148.285,4144.045,4145.715,7609
2026-07-22 19:55:00,4145.725,4155.935,4144.75,4154.64,7406
2026-07-22 20:00:00,4154.65,4163.52,4153.49,4156.605,7478
2026-07-22 20:05:00,4156.6,4159.13,4153.53,4156.655,6855
2026-07-22 20:10:00,4156.66,4159.005,4155.43,4156.55,6775
2026-07-22 20:15:00,4156.57,4156.66,4148.95,4149.165,6966
2026-07-22 20:20:00,4149.155,4152.825,4148.645,4149.9,6851
2026-07-22 20:25:00,4149.895,4150.675,4144.515,4146.425,6480
2026-07-22 20:30:00,4146.43,4152.695,4146.235,4150.575,6123
2026-07-22 20:35:00,4150.57,4152.06,4148.89,4152.06,6526
2026-07-22 20:40:00,4152.02,4153.015,4147.635,4150.985,6237
2026-07-22 20:45:00,4150.96,4152.95,4145.74,4148.325,6235
2026-07-22 20:50:00,4148.335,4148.995,4146.255,4147.855,5951
2026-07-22 20:55:00,4147.865,4150.145,4144.155,4148.59,5457
2026-07-22 21:00:00,4148.595,4155.245,4148.57,4154.755,5469
2026-07-22 21:05:00,4154.705,4156.37,4153.78,4154.945,4962
2026-07-22 21:10:00,4154.9,4158.57,4154.23,4157.565,4310
2026-07-22 21:15:00,4157.56,4157.74,4153.34,4155.05,4516
2026-07-22 21:20:00,4155.035,4161.48,4154.43,4159.845,4261
2026-07-22 21:25:00,4159.86,4160.425,4156.57,4157.24,3627
2026-07-22 21:30:00,4157.245,4158.885,4156.165,4156.85,4029
2026-07-22 21:35:00,4156.845,4159.22,4155.7,4157.385,4564
2026-07-22 21:40:00,4157.415,4160.965,4157.335,4159.94,4232
2026-07-22 21:45:00,4159.965,4165.365,4158.645,4164.51,4162
2026-07-22 21:50:00,4164.515,4166.16,4162.42,4162.625,4097
2026-07-22 21:55:00,4162.62,4162.62,4158.535,4159.49,4529
2026-07-22 22:00:00,4159.485,4159.685,4156.215,4156.91,4443
2026-07-22 22:05:00,4156.885,4159.29,4156.365,4156.915,3465
2026-07-22 22:10:00,4156.92,4156.965,4153.26,4154.5,3320
2026-07-22 22:15:00,4154.565,4155.62,4151.27,4155.17,3022
2026-07-22 22:20:00,4155.16,4155.7,4152.255,4152.625,2769
2026-07-22 22:25:00,4152.635,4152.785,4147.975,4149.315,3279
2026-07-22 22:30:00,4149.325,4150.715,4146.265,4146.395,3426
2026-07-22 22:35:00,4146.37,4149.16,4144.54,4148.465,3486
2026-07-22 22:40:00,4148.46,4151.45,4146.615,4147.07,3469
2026-07-22 22:45:00,4147.125,4148.58,4145.93,4147.105,3674
2026-07-22 22:50:00,4147.095,4147.385,4144.61,4146.78,3585
2026-07-22 22:55:00,4146.79,4149.145,4146.005,4146.915,2682
2026-07-22 23:00:00,4146.9,4147.885,4144.61,4147.175,3300
2026-07-22 23:05:00,4147.195,4147.425,4143.195,4144.455,3039
2026-07-22 23:10:00,4144.46,4146.03,4143.28,4145.47,2508
2026-07-22 23:15:00,4145.4,4146,4142.89,4143.165,2971
2026-07-22 23:20:00,4143.13,4145.775,4142.82,4143.7,2822
2026-07-22 23:25:00,4143.685,4147.19,4143.29,4146.17,3057
2026-07-22 23:30:00,4146.165,4147.665,4144.375,4144.925,2427
2026-07-22 23:35:00,4144.9,4145.83,4138.905,4139.105,2980
2026-07-22 23:40:00,4139.11,4141.44,4138.47,4140.71,3051
2026-07-22 23:45:00,4140.705,4143.53,4140.475,4143.295,1857
2026-07-22 23:50:00,4143.295,4143.865,4142.25,4142.77,2062
2026-07-22 23:55:00,4142.755,4143.485,4141.195,4142.545,1659
2026-07-23 00:00:00,4142.54,4142.885,4136.78,4137.74,3785
2026-07-23 00:05:00,4137.75,4141.61,4137.56,4139.35,3160
2026-07-23 00:10:00,4139.345,4140.67,4137.655,4138.18,3013
2026-07-23 00:15:00,4138.17,4139.32,4136.76,4138.945,2763
2026-07-23 00:20:00,4138.95,4139.85,4135.295,4136.82,3587
2026-07-23 00:25:00,4136.815,4136.975,4134.8,4135.35,2896
2026-07-23 00:30:00,4135.335,4135.77,4132.075,4132.89,4122
2026-07-23 00:35:00,4132.88,4136.27,4132.74,4135.94,1993
2026-07-23 00:40:00,4135.955,4136.36,4133.905,4135.915,3058
2026-07-23 00:45:00,4136.01,4138.345,4135.34,4137.62,2408
2026-07-23 00:50:00,4137.635,4138.995,4137.525,4137.71,1999
2026-07-23 00:55:00,4137.715,4138.18,4136,4136.19,1770
2026-07-23 01:00:00,4136.165,4136.235,4133.145,4135.09,2804
2026-07-23 01:05:00,4135.095,4137.305,4135.095,4135.74,2037
2026-07-23 01:10:00,4135.73,4135.975,4134.105,4134.16,1570
2026-07-23 01:15:00,4134.155,4135.535,4133.385,4134.405,1766
2026-07-23 01:20:00,4134.405,4135.035,4131.835,4134.385,1933
2026-07-23 01:25:00,4134.38,4135.145,4132.735,4134.545,1921
2026-07-23 01:30:00,4134.525,4136.33,4132.77,4135.785,1925
2026-07-23 01:35:00,4135.78,4136.27,4133.765,4134.595,1761
2026-07-23 01:40:00,4134.585,4136.05,4133.625,4134.04,1629
2026-07-23 01:45:00,4134.065,4135.23,4133.305,4135.155,2584
2026-07-23 01:50:00,4135.16,4135.42,4129.05,4130.71,2895
2026-07-23 01:55:00,4130.74,4132.995,4129.995,4131.92,3169
2026-07-23 02:00:00,4131.875,4135.305,4130.475,4131.12,4721
2026-07-23 02:05:00,4131.09,4134.42,4130.555,4133.54,2104
2026-07-23 02:10:00,4133.495,4135.645,4132.345,4134.435,1401
2026-07-23 02:15:00,4134.51,4136.61,4134,4135.49,1595
2026-07-23 02:20:00,4135.475,4136.76,4134.985,4136.685,913
2026-07-23 02:25:00,4136.68,4137.95,4136.22,4136.74,944
2026-07-23 02:30:00,4136.695,4137.68,4135.47,4135.475,1178
2026-07-23 02:35:00,4135.47,4135.615,4133.83,4134.71,1225
2026-07-23 02:40:00,4134.705,4135.235,4130.87,4130.965,1417
2026-07-23 02:45:00,4130.94,4131.1,4128.35,4130.08,1872
2026-07-23 02:50:00,4130.095,4130.135,4128.27,4129.175,1558
2026-07-23 02:55:00,4129.16,4130.505,4128.975,4130.225,956
2026-07-23 04:00:00,4130.285,4137.905,4099.165,4120.74,3015
2026-07-23 04:05:00,4120.79,4125.615,4120.355,4123.485,1101
2026-07-23 04:10:00,4123.48,4123.89,4121.07,4123.875,782
2026-07-23 04:15:00,4123.925,4125.58,4120.79,4124.105,1494
2026-07-23 04:20:00,4124.085,4126.16,4122.17,4123.025,1266
2026-07-23 04:25:00,4123.035,4129.01,4122.875,4128.785,1076
2026-07-23 04:30:00,4128.755,4129.98,4125.635,4125.665,892
2026-07-23 04:35:00,4125.625,4128.185,4124.18,4125.675,1114
2026-07-23 04:40:00,4125.675,4126.255,4120.105,4121.675,1257
2026-07-23 04:45:00,4121.66,4125.815,4120.725,4124.565,992
2026-07-23 04:50:00,4124.735,4126.235,4121.21,4123.55,1362
2026-07-23 04:55:00,4123.56,4126.905,4120.91,4121.745,2080
2026-07-23 05:00:00,4121.88,4123.14,4117.33,4118.725,2544
2026-07-23 05:05:00,4118.745,4119.38,4116.65,4118.37,1899
2026-07-23 05:10:00,4118.395,4124.845,4116.88,4123.995,2415
2026-07-23 05:15:00,4123.99,4124.2,4119.96,4120.665,1532
2026-07-23 05:20:00,4120.62,4122.275,4119.56,4120.845,798
2026-07-23 05:25:00,4120.845,4122.625,4119.225,4120.105,1270
2026-07-23 05:30:00,4120.185,4122.69,4119.12,4120.54,809
2026-07-23 05:35:00,4120.505,4123.65,4119.955,4121.74,1108
2026-07-23 05:40:00,4121.755,4124.675,4121.295,4123.715,1011
2026-07-23 05:45:00,4123.71,4131.735,4123.11,4129.965,2652
2026-07-23 05:50:00,4129.96,4131.785,4128.875,4131.36,3535
2026-07-23 05:55:00,4131.335,4134.42,4130.8,4133.485,3176
2026-07-23 06:00:00,4133.53,4134.56,4128.37,4130.93,3960
2026-07-23 06:05:00,4130.925,4131.255,4127.42,4129.075,2040
2026-07-23 06:10:00,4128.97,4129.09,4126.23,4126.88,1876
2026-07-23 06:15:00,4126.86,4129.4,4126.765,4128.48,2073
2026-07-23 06:20:00,4128.505,4133.15,4127.68,4132.945,2324
2026-07-23 06:25:00,4132.955,4134.82,4128.935,4129.42,2273
2026-07-23 06:30:00,4129.375,4131.795,4128.165,4130.4,2026
2026-07-23 06:35:00,4130.385,4132.38,4127.95,4128.53,2221
2026-07-23 06:40:00,4128.535,4129.24,4127.19,4127.86,1948
2026-07-23 06:45:00,4127.88,4130.225,4126.965,4127.3,1958
2026-07-23 06:50:00,4127.285,4129.595,4125.13,4129.17,2138
2026-07-23 06:55:00,4129.14,4133.465,4127.62,4132.3,2266
2026-07-23 07:00:00,4132.28,4139.2,4129.94,4133.205,6628
2026-07-23 07:05:00,4133.115,4134.88,4130.615,4133.855,4899
2026-07-23 07:10:00,4133.785,4137.29,4132,4134.805,4410
2026-07-23 07:15:00,4134.78,4137.89,4133.755,4136.04,3876
2026-07-23 07:20:00,4136.035,4140.21,4134.93,4137.845,4159
2026-07-23 07:25:00,4137.88,4141.16,4136.68,4137.595,3455
2026-07-23 07:30:00,4137.59,4139.445,4129.14,4133.34,5834
2026-07-23 07:35:00,4133.38,4133.88,4123.01,4123.225,5769
2026-07-23 07:40:00,4123.235,4127.64,4121.585,4121.685,4446
2026-07-23 07:45:00,4121.665,4123.76,4118.05,4121.74,4622
2026-07-23 07:50:00,4121.72,4122.585,4118.02,4118.92,4199
2026-07-23 07:55:00,4118.935,4119.255,4114.345,4118.005,4897
2026-07-23 08:00:00,4117.935,4118.995,4113.065,4113.92,5568
2026-07-23 08:05:00,4113.995,4116.995,4112.2,4114.35,5434
2026-07-23 08:10:00,4114.345,4118.605,4114.245,4117.81,4319
2026-07-23 08:15:00,4117.815,4118.3,4113.41,4114.935,3594
2026-07-23 08:20:00,4114.925,4117.285,4113.71,4116.34,3634
2026-07-23 08:25:00,4116.335,4117.21,4114.11,4116.31,3847
2026-07-23 08:30:00,4116.305,4119.545,4113.895,4116.61,5887
2026-07-23 08:35:00,4116.605,4118.99,4114.915,4118.79,4939
2026-07-23 08:40:00,4118.8,4122.38,4117.92,4122.23,4182
2026-07-23 08:45:00,4122.24,4125.525,4122.155,4122.72,5210
2026-07-23 08:50:00,4122.73,4128.88,4121.36,4125.42,4855
2026-07-23 08:55:00,4125.465,4128.63,4125.055,4128.255,3365
2026-07-23 09:00:00,4128.24,4129.23,4126.04,4126.325,3831
2026-07-23 09:05:00,4126.315,4127.78,4124.495,4125.23,4529
2026-07-23 09:10:00,4125.225,4127.49,4124.13,4127.25,4056
2026-07-23 09:15:00,4127.245,4131.23,4126.735,4131.13,4104
2026-07-23 09:20:00,4131.135,4133.175,4130.66,4132.75,3711
2026-07-23 09:25:00,4132.76,4132.76,4129.59,4130.64,3408
2026-07-23 09:30:00,4130.61,4130.61,4128.415,4130.3,2880
2026-07-23 09:35:00,4130.305,4131.17,4128.615,4129.48,2508
2026-07-23 09:40:00,4129.49,4130.36,4125.995,4128.865,3091
2026-07-23 09:45:00,4128.885,4128.985,4125.21,4125.6,2737
2026-07-23 09:50:00,4125.61,4126.275,4125.025,4125.975,1617
2026-07-23 09:55:00,4125.97,4126.295,4124.215,4124.815,2066
2026-07-23 10:00:00,4124.71,4125.36,4122.775,4123.92,1999
2026-07-23 10:05:00,4123.83,4125.85,4122.57,4125.395,2569
2026-07-23 10:10:00,4125.405,4127.785,4124.135,4127.775,3240
2026-07-23 10:15:00,4127.785,4128.515,4125.135,4125.445,2985
2026-07-23 10:20:00,4125.445,4129.43,4125.445,4128.195,2410
2026-07-23 10:25:00,4128.13,4129.95,4127.245,4129.895,2383
2026-07-23 10:30:00,4129.88,4130.6,4125.765,4127.13,2988
2026-07-23 10:35:00,4127.125,4127.575,4125.875,4125.97,2214
2026-07-23 10:40:00,4125.965,4125.99,4123.21,4123.31,2265
2026-07-23 10:45:00,4123.32,4124.535,4121.695,4122.085,2492
2026-07-23 10:50:00,4122.075,4122.86,4120.245,4120.895,2092
2026-07-23 10:55:00,4120.9,4121.8,4120.075,4121.23,2153
2026-07-23 11:00:00,4121.225,4122.7,4119.505,4120.5,3468
2026-07-23 11:05:00,4120.52,4124.48,4120.455,4124.37,2693
2026-07-23 11:10:00,4124.375,4125.14,4123.585,4124.54,2663
2026-07-23 11:15:00,4124.535,4124.535,4121.305,4122.2,2495
2026-07-23 11:20:00,4122.205,4122.865,4119.945,4121.65,2543
2026-07-23 11:25:00,4121.655,4125.555,4121.285,4125.52,2785
2026-07-23 11:30:00,4125.515,4128.655,4123.54,4127.755,5505
2026-07-23 11:35:00,4127.765,4128.67,4126.37,4126.39,3887
2026-07-23 11:40:00,4126.385,4127.975,4124.745,4127.86,4612
2026-07-23 11:45:00,4127.84,4130.685,4126.285,4126.715,4402
2026-07-23 11:50:00,4126.72,4127.675,4124.23,4125.31,4383
2026-07-23 11:55:00,4125.3,4125.455,4120.735,4124.235,4314
2026-07-23 12:00:00,4124.23,4128.34,4123.38,4124.13,6396
2026-07-23 12:05:00,4124.125,4124.935,4121.26,4122.495,5749
2026-07-23 12:10:00,4122.49,4124.475,4121.8,4123.245,4120
2026-07-23 12:15:00,4123.23,4127.895,4122.495,4127.04,4438
2026-07-23 12:20:00,4127.045,4127.365,4123.495,4125.01,3424
2026-07-23 12:25:00,4125.005,4125.06,4121.395,4122.285,3886
2026-07-23 12:30:00,4122.27,4123.24,4120.595,4122.525,4067
2026-07-23 12:35:00,4122.5,4124,4120.89,4120.94,3459
2026-07-23 12:40:00,4120.945,4121.51,4116.995,4120.065,4289
2026-07-23 12:45:00,4120.075,4122.425,4119.11,4121.675,2857
2026-07-23 12:50:00,4121.67,4122.205,4119.73,4120.21,3552
2026-07-23 12:55:00,4120.205,4120.51,4117.95,4118.68,3588
2026-07-23 13:00:00,4118.635,4119.54,4114.075,4115.45,5191
2026-07-23 13:05:00,4115.455,4116.485,4109.6,4110.55,4613
2026-07-23 13:10:00,4110.535,4110.57,4102.11,4106.82,5696
2026-07-23 13:15:00,4106.815,4112.12,4106.575,4109.595,5208
2026-07-23 13:20:00,4109.575,4109.93,4105.58,4105.825,4218
2026-07-23 13:25:00,4105.835,4110.73,4105.835,4108.51,3686
2026-07-23 13:30:00,4108.565,4108.935,4102.225,4105.315,4114
2026-07-23 13:35:00,4105.335,4105.79,4099.39,4100.68,4067
2026-07-23 13:40:00,4100.695,4102.28,4091.35,4095.6,5163
2026-07-23 13:45:00,4095.62,4096.955,4091.34,4093.225,5041
2026-07-23 13:50:00,4093.23,4095.19,4090.13,4093.6,4997
2026-07-23 13:55:00,4093.605,4097.065,4092.37,4095.5,5026
2026-07-23 14:00:00,4095.46,4097.495,4090.27,4092.995,5727
2026-07-23 14:05:00,4092.905,4096.285,4092.45,4096.185,4229
2026-07-23 14:10:00,4096.215,4097.875,4090.28,4091.52,3951
2026-07-23 14:15:00,4091.505,4092.615,4089.52,4089.8,3935
2026-07-23 14:20:00,4089.77,4091.66,4088.785,4090.69,3460
2026-07-23 14:25:00,4090.685,4092.175,4089.035,4091.91,3304
2026-07-23 14:30:00,4091.915,4093.505,4090.01,4092.75,3941
2026-07-23 14:35:00,4092.745,4093.795,4090.905,4092.105,2823
2026-07-23 14:40:00,4092.095,4092.78,4088.78,4092.595,3822
2026-07-23 14:45:00,4092.6,4092.6,4087.105,4089.615,3418
2026-07-23 14:50:00,4089.625,4093.265,4088.34,4093.07,3208
2026-07-23 14:55:00,4093.085,4094.975,4092.67,4093.59,2440
2026-07-23 15:00:00,4093.515,4099.595,4092.805,4099.265,4548
2026-07-23 15:05:00,4099.245,4099.245,4096.775,4097.18,3423
2026-07-23 15:10:00,4097.175,4098.79,4094.85,4094.88,3240
2026-07-23 15:15:00,4094.875,4097.18,4094.1,4097.025,3024
2026-07-23 15:20:00,4097.02,4097.02,4093.175,4093.555,2978
2026-07-23 15:25:00,4093.505,4094.355,4089.47,4091.565,3263
2026-07-23 15:30:00,4091.56,4092.43,4088.685,4092.18,3764
2026-07-23 15:35:00,4092.185,4092.765,4090.75,4092.04,2708
2026-07-23 15:40:00,4092.045,4093.145,4090.535,4091.97,2739
2026-07-23 15:45:00,4091.975,4094.375,4091.605,4093.525,2579
2026-07-23 15:50:00,4093.535,4094.04,4089.9,4092.87,3219
2026-07-23 15:55:00,4092.865,4093.16,4088.44,4090.02,3098
2026-07-23 16:00:00,4089.98,4091.8,4088.165,4090.805,3662
2026-07-23 16:05:00,4090.775,4091.385,4088,4089.01,3528
2026-07-23 16:10:00,4089.005,4091.675,4088.24,4090.92,3076
2026-07-23 16:15:00,4090.91,4092.59,4088.765,4088.77,2999
2026-07-23 16:20:00,4088.775,4089.225,4086.1,4087.745,3579
2026-07-23 16:25:00,4087.775,4090.51,4087.345,4089.99,2502
2026-07-23 16:30:00,4089.985,4092.955,4086.585,4087.35,3643
2026-07-23 16:35:00,4087.31,4090.33,4086.745,4090.005,3414
2026-07-23 16:40:00,4089.995,4089.995,4087.5,4089.525,3223
2026-07-23 16:45:00,4089.52,4093.665,4087.295,4093.525,3243
2026-07-23 16:50:00,4093.545,4094.33,4091.845,4093.965,3215
2026-07-23 16:55:00,4093.955,4095.375,4092.1,4093.315,2633
2026-07-23 17:00:00,4093.325,4094,4090.625,4092.065,4238
2026-07-23 17:05:00,4092.105,4092.295,4088.49,4088.66,3455
2026-07-23 17:10:00,4088.665,4089.695,4087.055,4087.72,3268
2026-07-23 17:15:00,4087.73,4089.32,4084.38,4085.705,3806
2026-07-23 17:20:00,4085.7,4087.02,4081.065,4084.175,4040
2026-07-23 17:25:00,4084.195,4085.12,4081.485,4084.415,4316
2026-07-23 17:30:00,4084.41,4084.44,4079.65,4080.94,4856
2026-07-23 17:35:00,4080.935,4083.525,4079.365,4079.375,5214
2026-07-23 17:40:00,4079.355,4079.685,4073.045,4078.73,5241
2026-07-23 17:45:00,4078.74,4082.19,4077.85,4081.9,4351
2026-07-23 17:50:00,4081.895,4089.285,4081.64,4084.6,4865
2026-07-23 17:55:00,4084.605,4086.315,4083.095,4085.75,3037
2026-07-23 18:00:00,4085.755,4086.07,4082.225,4083.465,3693
2026-07-23 18:05:00,4083.47,4085.585,4082,4083.265,3445
2026-07-23 18:10:00,4083.285,4085.57,4081.285,4081.54,2652
2026-07-23 18:15:00,4081.55,4083.335,4072.65,4078.075,6256
2026-07-23 18:20:00,4078.07,4078.44,4070.39,4071.875,5978
2026-07-23 18:25:00,4071.88,4077.43,4071.285,4075.52,4627
2026-07-23 18:30:00,4075.17,4075.175,4067.745,4074.92,6011
2026-07-23 18:35:00,4074.91,4074.945,4064.2,4073.345,6364
2026-07-23 18:40:00,4073.35,4073.35,4066.225,4069.14,6258
2026-07-23 18:45:00,4069.205,4069.435,4063.075,4066.055,6964
2026-07-23 18:50:00,4066.04,4068.295,4062.08,4064.22,5859
2026-07-23 18:55:00,4064.21,4066.895,4061.02,4061.945,5746
2026-07-23 19:00:00,4061.97,4063.64,4054.535,4055.74,10010
2026-07-23 19:05:00,4055.76,4057.205,4044.825,4047.11,10061
2026-07-23 19:10:00,4047.135,4047.425,4040.665,4041.06,9894
2026-07-23 19:15:00,4041.115,4049.755,4040.77,4049.14,9066
2026-07-23 19:20:00,4049.13,4054.42,4048.635,4051.655,6409
2026-07-23 19:25:00,4051.67,4059.165,4051.67,4058.785,5564
2026-07-23 19:30:00,4058.775,4067.465,4058.45,4063.4,10071
2026-07-23 19:35:00,4063.41,4064.635,4055.56,4056.735,8714
2026-07-23 19:40:00,4056.755,4062.41,4055.57,4056.4,8235
2026-07-23 19:45:00,4056.38,4056.98,4049.905,4052.92,8994
2026-07-23 19:50:00,4052.955,4059.065,4051.885,4056.3,7206
2026-07-23 19:55:00,4056.29,4057.69,4042.715,4043.39,8619
2026-07-23 20:00:00,4043.385,4050.9,4042.92,4044.015,9579
2026-07-23 20:05:00,4044.13,4046.035,4040.26,4045.675,8637
2026-07-23 20:10:00,4045.68,4051.45,4041.97,4048.065,7893
2026-07-23 20:15:00,4048.075,4050.235,4042.39,4044.175,8790
2026-07-23 20:20:00,4044.17,4052.485,4042.895,4052.235,8132
2026-07-23 20:25:00,4052.215,4057.025,4051.375,4056.5,7085
2026-07-23 20:30:00,4056.52,4058.185,4051.755,4054.635,7272
2026-07-23 20:35:00,4054.645,4060.795,4051.805,4059.155,7704
2026-07-23 20:40:00,4059.185,4059.92,4056.075,4057.105,7459
2026-07-23 20:45:00,4057.1,4061.845,4056.155,4059.26,7070
2026-07-23 20:50:00,4059.265,4060.44,4056.715,4056.985,6607
2026-07-23 20:55:00,4056.945,4060.21,4056.65,4057.95,6207
2026-07-23 21:00:00,4057.97,4059.54,4055.74,4056.83,6304
2026-07-23 21:05:00,4056.84,4057.75,4051.7,4052.2,5919
2026-07-23 21:10:00,4052.185,4054.175,4049.525,4051.49,6357
2026-07-23 21:15:00,4051.5,4057.04,4050.385,4052.65,7512
2026-07-23 21:20:00,4052.65,4053.615,4045.73,4050.235,7822
2026-07-23 21:25:00,4050.225,4050.885,4046.435,4047.1,6465
2026-07-23 21:30:00,4047.09,4047.175,4042.415,4046.025,7696
2026-07-23 21:35:00,4046.02,4051.065,4045.79,4049.265,7823
2026-07-23 21:40:00,4049.26,4053.33,4048.13,4048.17,6447
2026-07-23 21:45:00,4048.165,4051.1,4047.325,4049.545,5336
2026-07-23 21:50:00,4049.565,4050.99,4046.95,4050.4,4819
2026-07-23 21:55:00,4050.395,4050.825,4046.825,4048.835,3705
2026-07-23 22:00:00,4048.83,4051.055,4048.59,4048.62,4539
2026-07-23 22:05:00,4048.61,4050.43,4047.485,4048.675,4020
2026-07-23 22:10:00,4048.695,4050.97,4048.08,4050.305,3229
2026-07-23 22:15:00,4050.28,4050.895,4045.945,4046.53,2961
2026-07-23 22:20:00,4046.535,4051.565,4046.535,4048.75,2803
2026-07-23 22:25:00,4048.755,4051.6,4048.545,4050.19,2792
2026-07-23 22:30:00,4050.18,4050.93,4048.17,4048.39,3097
2026-07-23 22:35:00,4048.395,4050.905,4047.075,4050.49,3821
2026-07-23 22:40:00,4050.46,4051.235,4049.215,4049.97,2309
2026-07-23 22:45:00,4049.965,4051.17,4048.835,4049.21,2890
2026-07-23 22:50:00,4049.19,4049.85,4048.075,4049.13,3087
2026-07-23 22:55:00,4049.145,4051.8,4049.145,4051.53,2835
2026-07-23 23:00:00,4051.56,4054.715,4050.73,4051.685,4214
2026-07-23 23:05:00,4051.69,4053.235,4046.99,4048.195,3972
2026-07-23 23:10:00,4048.2,4049.57,4046.99,4047.35,3890
2026-07-23 23:15:00,4047.365,4049.81,4046.27,4046.64,3489
2026-07-23 23:20:00,4046.635,4050.62,4046.62,4048.785,4360
2026-07-23 23:25:00,4048.79,4049.865,4046.565,4047.355,4153
2026-07-23 23:30:00,4047.345,4049.29,4046.94,4047.57,3857
2026-07-23 23:35:00,4047.575,4047.575,4044.33,4044.92,3709
2026-07-23 23:40:00,4044.91,4045.57,4041.97,4042.995,4152
2026-07-23 23:45:00,4042.98,4044.47,4042.26,4044.3,4062
2026-07-23 23:50:00,4044.295,4044.355,4042.065,4043.145,3821
2026-07-23 23:55:00,4043.14,4043.61,4041.705,4041.85,3432
2026-07-24 00:00:00,4041.87,4043.495,4040.76,4041.9,4233
2026-07-24 00:05:00,4041.895,4044.315,4040.875,4043.375,3572
2026-07-24 00:10:00,4043.365,4044.265,4041.585,4042,3728
2026-07-24 00:15:00,4041.97,4044.87,4040.92,4043.1,3880
2026-07-24 00:20:00,4043.155,4043.69,4040.78,4042.04,3516
2026-07-24 00:25:00,4042.035,4045.215,4041.325,4044.55,3397
2026-07-24 00:30:00,4044.545,4048.23,4044.485,4045.51,3044
2026-07-24 00:35:00,4045.535,4046.93,4044.445,4045.35,2505
2026-07-24 00:40:00,4045.355,4046.825,4044.935,4046.595,2285
2026-07-24 00:45:00,4046.6,4048.435,4046.49,4047.34,2018
2026-07-24 00:50:00,4047.34,4047.545,4045.78,4046.23,2044
2026-07-24 00:55:00,4046.24,4046.99,4044.585,4046.065,1304
2026-07-24 01:00:00,4046.09,4048.615,4045.045,4045.22,2361
2026-07-24 01:05:00,4045.24,4046.29,4043.59,4043.595,2008
2026-07-24 01:10:00,4043.62,4044.57,4043.1,4043.35,1894
2026-07-24 01:15:00,4043.355,4046.025,4043.125,4045.17,2215
2026-07-24 01:20:00,4045.165,4048.505,4045.045,4048.165,1996
2026-07-24 01:25:00,4048.185,4049.345,4047.09,4048.34,1905
2026-07-24 01:30:00,4048.36,4051.13,4045.94,4047.515,2978
2026-07-24 01:35:00,4047.455,4048.43,4046.93,4048.05,2356
2026-07-24 01:40:00,4048.03,4048.39,4045.945,4045.945,2585
2026-07-24 01:45:00,4045.93,4046.99,4045.01,4046.275,2238
2026-07-24 01:50:00,4046.285,4050.575,4046.285,4050.51,3743
2026-07-24 01:55:00,4050.54,4051.145,4049.635,4049.805,3504
2026-07-24 02:00:00,4049.855,4051.375,4048.97,4049.14,2446
2026-07-24 02:05:00,4049.13,4050.115,4048.4,4048.8,951
2026-07-24 02:10:00,4048.84,4050.14,4048.61,4049.705,807
2026-07-24 02:15:00,4049.685,4049.83,4048.05,4048.775,752
2026-07-24 02:20:00,4048.795,4049.23,4047.535,4049.105,762
2026-07-24 02:25:00,4049.105,4050.76,4048.96,4050.355,753
2026-07-24 02:30:00,4050.365,4050.63,4049.28,4050.075,816
2026-07-24 02:35:00,4050.07,4050.8,4050.005,4050.325,542
2026-07-24 02:40:00,4050.32,4050.32,4048.995,4049.98,734
2026-07-24 02:45:00,4049.99,4050.165,4048.93,4049.77,718
2026-07-24 02:50:00,4049.775,4049.91,4047.515,4048.3,835
2026-07-24 02:55:00,4048.375,4050.205,4048.31,4049.785,783
2026-07-24 04:00:00,4048.07,4050.515,4048.07,4048.97,961
2026-07-24 04:05:00,4049.01,4050.49,4048.645,4049.11,528
2026-07-24 04:10:00,4049.11,4049.66,4048.995,4049.065,249
2026-07-24 04:15:00,4049.1,4050.03,4049.1,4049.755,253
2026-07-24 04:20:00,4049.755,4050.46,4049.575,4050.225,338
2026-07-24 04:25:00,4050.235,4050.25,4049.46,4050.055,380
2026-07-24 04:30:00,4050.125,4050.545,4049.83,4050.375,519
2026-07-24 04:35:00,4050.375,4050.395,4049.77,4049.915,522
2026-07-24 04:40:00,4049.905,4050.365,4048.915,4049.51,587
2026-07-24 04:45:00,4049.525,4050.085,4048.61,4048.82,469
2026-07-24 04:50:00,4048.785,4050.525,4048.78,4050,422
2026-07-24 04:55:00,4050.01,4050.27,4048.725,4049.685,439
2026-07-24 05:00:00,4049.69,4050.015,4048.85,4048.915,469
2026-07-24 05:05:00,4048.975,4049.31,4047.78,4048.42,534
2026-07-24 05:10:00,4048.445,4048.835,4047.43,4048.575,521
2026-07-24 05:15:00,4048.585,4049.325,4047.33,4047.445,601
2026-07-24 05:20:00,4047.405,4049.4,4047.25,4049.39,480
2026-07-24 05:25:00,4049.39,4049.96,4048.88,4049.33,431
2026-07-24 05:30:00,4049.37,4050.74,4049.275,4050.51,711
2026-07-24 05:35:00,4050.515,4050.515,4048.45,4048.545,636
2026-07-24 05:40:00,4048.56,4048.67,4047.085,4048.22,1125
2026-07-24 05:45:00,4048.32,4049.84,4047.08,4048.635,1828
2026-07-24 05:50:00,4048.625,4049.63,4047.355,4047.825,992
2026-07-24 05:55:00,4047.635,4048.495,4046.795,4047.19,1068
2026-07-24 06:00:00,4047.18,4050.185,4046.85,4047.28,3336
2026-07-24 06:05:00,4047.425,4047.76,4044.97,4045.74,2715
2026-07-24 06:10:00,4045.8,4046.65,4041.44,4041.695,2628
2026-07-24 06:15:00,4041.7,4045.175,4041.38,4043.3,2457
2026-07-24 06:20:00,4043.34,4048.185,4043.005,4046.255,2388
2026-07-24 06:25:00,4046.22,4047.05,4044.26,4046.75,2226
2026-07-24 06:30:00,4046.725,4047.385,4044.97,4046.27,2092
2026-07-24 06:35:00,4046.235,4050.035,4045.46,4048.63,1957
2026-07-24 06:40:00,4048.62,4050.25,4047.785,4049.285,1788
2026-07-24 06:45:00,4049.28,4050.51,4048.925,4048.925,1765
2026-07-24 06:50:00,4048.945,4050.075,4048.475,4049.085,1350
2026-07-24 06:55:00,4049.08,4050.95,4048.825,4049.93,1806
2026-07-24 07:00:00,4049.92,4050.41,4040.055,4044.06,5442
2026-07-24 07:05:00,4044.055,4044.9,4041.975,4043.18,3284
2026-07-24 07:10:00,4043.19,4044.805,4040.515,4042.565,3219
2026-07-24 07:15:00,4042.575,4046.09,4041.6,4044.915,3153
2026-07-24 07:20:00,4044.905,4045.49,4042.08,4045.12,2832
2026-07-24 07:25:00,4045.18,4045.985,4042.89,4042.89,2895
2026-07-24 07:30:00,4042.89,4045.225,4041.67,4043.945,2680
2026-07-24 07:35:00,4043.93,4045.15,4042.185,4043.615,2237
2026-07-24 07:40:00,4043.59,4050.475,4043.5,4050.1,3127
2026-07-24 07:45:00,4050.095,4050.27,4047.955,4048.01,2318
2026-07-24 07:50:00,4048.015,4048.02,4045.14,4046.17,2089
2026-07-24 07:55:00,4046.12,4046.49,4041.56,4043.72,3136
2026-07-24 08:00:00,4043.73,4045.365,4042.485,4042.69,3107
2026-07-24 08:05:00,4042.685,4044.97,4041.145,4044.945,3019
2026-07-24 08:10:00,4044.955,4046.02,4044.07,4045.845,2442
2026-07-24 08:15:00,4045.835,4046.25,4044.79,4045.09,1639
2026-07-24 08:20:00,4045.095,4046.5,4042.76,4046.47,2120
2026-07-24 08:25:00,4046.46,4048.63,4045.845,4046.68,2033
2026-07-24 08:30:00,4046.69,4048.27,4043.775,4044.32,2950
2026-07-24 08:35:00,4044.31,4045,4041.485,4042.51,3162
2026-07-24 08:40:00,4042.5,4043.975,4041.48,4041.815,2323
2026-07-24 08:45:00,4041.82,4041.945,4026.49,4026.49,4785
2026-07-24 08:50:00,4026.495,4030.505,4025.565,4025.615,6365
2026-07-24 08:55:00,4025.55,4027.615,4023.2,4024.645,5226
2026-07-24 09:00:00,4024.65,4027.535,4023.195,4026.835,4617
2026-07-24 09:05:00,4026.855,4029.025,4026.62,4026.96,3788
2026-07-24 09:10:00,4026.955,4032.43,4026.1,4031.95,3344
2026-07-24 09:15:00,4031.945,4033.815,4029.125,4029.34,3001
2026-07-24 09:20:00,4029.355,4031.95,4028.27,4030.425,2958
2026-07-24 09:25:00,4030.415,4031.36,4028.595,4030.435,2857
2026-07-24 09:30:00,4030.46,4033.375,4030.46,4032.205,2440
2026-07-24 09:35:00,4032.2,4033.095,4031.025,4031.57,2484
2026-07-24 09:40:00,4031.575,4032.97,4030.915,4031.695,2114
2026-07-24 09:45:00,4031.7,4032.195,4029.99,4031.655,1569
2026-07-24 09:50:00,4031.66,4032.255,4029.91,4029.915,1687
2026-07-24 09:55:00,4029.91,4029.965,4028.49,4029.455,1538
2026-07-24 10:00:00,4029.445,4029.85,4027.95,4029.43,1908
2026-07-24 10:05:00,4029.445,4030.425,4028.315,4029.39,2355
2026-07-24 10:10:00,4029.395,4029.425,4027.18,4028.28,1758
2026-07-24 10:15:00,4028.285,4029.045,4027.76,4028.7,1376
2026-07-24 10:20:00,4028.69,4030.24,4027.99,4029.515,1732
2026-07-24 10:25:00,4029.52,4030.455,4029.435,4029.895,1268
2026-07-24 10:30:00,4029.9,4030.45,4028.695,4029.04,1132
2026-07-24 10:35:00,4029.04,4030.035,4027.125,4027.475,1074
2026-07-24 10:40:00,4027.46,4027.69,4026.03,4026.995,1387
2026-07-24 10:45:00,4026.965,4027.36,4025.575,4026.995,1150
2026-07-24 10:50:00,4026.995,4027.35,4026.055,4026.88,1163
2026-07-24 10:55:00,4026.89,4028.905,4026.705,4027.13,1288
2026-07-24 11:00:00,4027.14,4028.84,4025.315,4028.815,2069
2026-07-24 11:05:00,4028.82,4030.08,4027.75,4029.115,1740
2026-07-24 11:10:00,4029.115,4032.34,4027.49,4027.705,2119
2026-07-24 11:15:00,4027.685,4027.845,4022.515,4024.52,2587
2026-07-24 11:20:00,4024.53,4029.96,4024.275,4027.535,2324
2026-07-24 11:25:00,4027.54,4027.9,4025.445,4026.325,1864
2026-07-24 11:30:00,4026.32,4031.61,4025.74,4031.365,4104
2026-07-24 11:35:00,4031.375,4031.485,4025.045,4026.245,3581
2026-07-24 11:40:00,4026.215,4028.59,4024.15,4024.945,3458
2026-07-24 11:45:00,4024.915,4029.15,4024.7,4028.16,2835
2026-07-24 11:50:00,4028.185,4029.495,4022.88,4023.65,3404
2026-07-24 11:55:00,4023.64,4024.055,4021.98,4023.125,3118
2026-07-24 12:00:00,4023.195,4025.875,4023.05,4025.28,3725
2026-07-24 12:05:00,4025.285,4027.435,4024.635,4027.325,3540
2026-07-24 12:10:00,4027.345,4031.475,4026.68,4031.075,3443
2026-07-24 12:15:00,4031.085,4034.195,4029.35,4034.165,3410
2026-07-24 12:20:00,4034.185,4037.11,4033.635,4036.205,3420
2026-07-24 12:25:00,4036.225,4039.105,4035.265,4036.665,3258
2026-07-24 12:30:00,4036.675,4036.705,4033.295,4034.66,3225
2026-07-24 12:35:00,4034.71,4037.295,4034.54,4035.645,3480
2026-07-24 12:40:00,4035.67,4036.875,4033.68,4034.07,3429
2026-07-24 12:45:00,4034.065,4037.005,4033.81,4034.1,3138
2026-07-24 12:50:00,4034.095,4035.645,4031.69,4035.345,3737
2026-07-24 12:55:00,4035.325,4038.785,4035.115,4035.86,3754
2026-07-24 13:00:00,4035.765,4040.4,4035.205,4038.475,4515
2026-07-24 13:05:00,4038.48,4045.99,4038.23,4045.76,3685
2026-07-24 13:10:00,4045.775,4047.545,4044.935,4045.495,3523
2026-07-24 13:15:00,4045.535,4047.59,4044.16,4047.485,3918
2026-07-24 13:20:00,4047.48,4049.09,4046.07,4048.195,2780
2026-07-24 13:25:00,4048.19,4050.99,4047.69,4048.93,2765
2026-07-24 13:30:00,4048.905,4053.74,4047.97,4053.74,3468
2026-07-24 13:35:00,4053.745,4053.85,4046.65,4046.96,2646
2026-07-24 13:40:00,4046.965,4048.965,4045.87,4048.62,2260
2026-07-24 13:45:00,4048.615,4048.64,4046.165,4047.47,2392
2026-07-24 13:50:00,4047.495,4048.775,4046.925,4047.885,2208
2026-07-24 13:55:00,4047.895,4049.77,4047.63,4048.45,2090
2026-07-24 14:00:00,4048.415,4049.165,4046.765,4047.575,3199
2026-07-24 14:05:00,4047.58,4047.945,4045.305,4047.53,2845
2026-07-24 14:10:00,4047.52,4047.85,4045.755,4046.985,2208
2026-07-24 14:15:00,4046.96,4047.925,4045.3,4046.88,2216
2026-07-24 14:20:00,4046.875,4048.265,4046.245,4046.985,2554
2026-07-24 14:25:00,4046.955,4052.69,4046.18,4052.585,3015
2026-07-24 14:30:00,4052.62,4052.645,4050.01,4050.02,3085
2026-07-24 14:35:00,4050.025,4053.08,4048.94,4052.715,2425
2026-07-24 14:40:00,4052.795,4055.655,4052.65,4054.765,2241
2026-07-24 14:45:00,4054.795,4055.03,4052.36,4054.8,2209
2026-07-24 14:50:00,4054.805,4057.255,4054.345,4056.34,2225
2026-07-24 14:55:00,4056.345,4058.91,4056.12,4057.59,1938
2026-07-24 15:00:00,4057.605,4060.95,4056.055,4056.835,2854
2026-07-24 15:05:00,4056.84,4057.72,4055.225,4057.68,2203
2026-07-24 15:10:00,4057.665,4058.07,4053.35,4054.305,1913
2026-07-24 15:15:00,4054.305,4056.775,4053.435,4055.18,1659
2026-07-24 15:20:00,4055.175,4055.4,4053.37,4054.725,1730
2026-07-24 15:25:00,4054.735,4056.2,4052.53,4053.055,1687
2026-07-24 15:30:00,4053.045,4054.75,4051.755,4054,2019
2026-07-24 15:35:00,4054.005,4055.325,4053.655,4055.14,1423
2026-07-24 15:40:00,4055.165,4056.315,4054.155,4055.76,1444
2026-07-24 15:45:00,4055.765,4056.235,4055.165,4055.345,1396
2026-07-24 15:50:00,4055.355,4058.495,4054.75,4058.395,1559
2026-07-24 15:55:00,4058.4,4059.99,4058.35,4059.895,1839
2026-07-24 16:00:00,4059.905,4061.67,4058.635,4059.88,2029
2026-07-24 16:05:00,4059.875,4060.585,4058.875,4060.43,1958
2026-07-24 16:10:00,4060.435,4060.615,4057.815,4058.175,1854
2026-07-24 16:15:00,4058.185,4062.09,4057.56,4059.645,1547
2026-07-24 16:20:00,4059.64,4061.34,4059.275,4060.375,1367
2026-07-24 16:25:00,4060.4,4063.83,4059.945,4062.08,1965
2026-07-24 16:30:00,4062.085,4063.98,4061.445,4061.635,1615
2026-07-24 16:35:00,4061.645,4061.725,4060.13,4060.15,1463
2026-07-24 16:40:00,4060.13,4060.22,4058.23,4058.41,1406
2026-07-24 16:45:00,4058.425,4059.26,4057.735,4058.91,1265
2026-07-24 16:50:00,4058.925,4059.575,4057.115,4057.88,1967
2026-07-24 16:55:00,4057.865,4060.42,4057.395,4060.155,1573
2026-07-24 17:00:00,4060.145,4062.985,4058.595,4062.355,2883
2026-07-24 17:05:00,4062.345,4063.545,4060.66,4061.17,1439
2026-07-24 17:10:00,4061.17,4061.41,4060.43,4061.32,769
2026-07-24 17:15:00,4061.325,4061.895,4060.09,4061.305,1219
2026-07-24 17:20:00,4061.315,4062.07,4060.33,4061.58,1051
2026-07-24 17:25:00,4061.58,4061.835,4059.22,4059.22,1096
2026-07-24 17:30:00,4059.215,4060.565,4058.145,4060.01,1827
2026-07-24 17:35:00,4060,4060.095,4056.9,4057.38,1898
2026-07-24 17:40:00,4057.395,4058.07,4055.345,4055.365,1504
2026-07-24 17:45:00,4055.38,4056.85,4053.915,4055.305,1750
2026-07-24 17:50:00,4055.295,4055.33,4052.635,4052.735,1290
2026-07-24 17:55:00,4052.74,4061.745,4051.52,4057.875,4065
2026-07-24 18:00:00,4057.87,4058.745,4052.415,4054.32,3991
2026-07-24 18:05:00,4054.16,4058.495,4052.805,4056.88,3614
2026-07-24 18:10:00,4056.885,4057.595,4055.725,4056.665,2674
2026-07-24 18:15:00,4056.695,4057.895,4055.83,4056.905,2366
2026-07-24 18:20:00,4056.9,4058.5,4054.89,4058.45,2469
2026-07-24 18:25:00,4058.455,4060.325,4056.095,4059.72,3710
2026-07-24 18:30:00,4059.7,4059.7,4056.43,4057.24,3513
2026-07-24 18:35:00,4057.245,4058.38,4055.185,4055.755,3063
2026-07-24 18:40:00,4055.75,4056.88,4052.05,4055.215,3319
2026-07-24 18:45:00,4055.225,4056.495,4051.77,4054.155,3061
2026-07-24 18:50:00,4054.135,4055.88,4054.015,4055.22,2214
2026-07-24 18:55:00,4055.21,4056.27,4051.855,4056.12,2621
2026-07-24 19:00:00,4056.14,4058.61,4051.62,4052.355,4917
2026-07-24 19:05:00,4052.375,4053.235,4046.02,4046.675,4663
2026-07-24 19:10:00,4046.7,4049.835,4044.795,4048.275,4424
2026-07-24 19:15:00,4048.27,4048.635,4044.865,4046.4,3111
2026-07-24 19:20:00,4046.405,4049.505,4045.78,4047.11,3363
2026-07-24 19:25:00,4047.085,4048.7,4045.965,4046.52,3575
2026-07-24 19:30:00,4046.49,4050.49,4044.81,4049.5,6770
2026-07-24 19:35:00,4049.505,4056.935,4049.355,4056.345,6696
2026-07-24 19:40:00,4056.35,4056.795,4051.43,4052.325,5529
2026-07-24 19:45:00,4052.3,4061.01,4048.61,4058.49,7232
2026-07-24 19:50:00,4058.485,4061.145,4056.005,4059.785,6935
2026-07-24 19:55:00,4059.78,4068.8,4057.035,4067.755,6089
2026-07-24 20:00:00,4067.76,4070.025,4062.805,4062.805,7248
2026-07-24 20:05:00,4062.81,4064.885,4057.35,4062.465,7389
2026-07-24 20:10:00,4062.46,4063.89,4058.945,4058.945,6333
2026-07-24 20:15:00,4058.955,4060.515,4056.055,4058.295,6374
2026-07-24 20:20:00,4058.3,4064.86,4056.99,4064.78,7645
2026-07-24 20:25:00,4064.785,4069.49,4064.64,4066.115,6858
2026-07-24 20:30:00,4066.12,4068.155,4064.635,4064.835,5962
2026-07-24 20:35:00,4064.84,4066.895,4060.005,4060.735,5608
2026-07-24 20:40:00,4060.73,4062.595,4059.355,4060.475,5851
2026-07-24 20:45:00,4060.48,4063.755,4058.7,4063.185,5895
2026-07-24 20:50:00,4063.19,4064.92,4061.2,4061.845,5598
2026-07-24 20:55:00,4061.85,4066.68,4061.415,4063.43,5658
2026-07-24 21:00:00,4063.42,4067.205,4062.125,4064.02,5866
2026-07-24 21:05:00,4064.04,4064.81,4061.96,4063.43,4988
2026-07-24 21:10:00,4063.425,4076.715,4063.11,4074.77,8926
2026-07-24 21:15:00,4074.76,4081.615,4071.935,4077.235,9613
2026-07-24 21:20:00,4077.25,4082.19,4072.655,4074.09,6827
2026-07-24 21:25:00,4074.075,4077.31,4072.575,4075.185,5833
2026-07-24 21:30:00,4075.175,4076.875,4074.14,4074.24,6144
2026-07-24 21:35:00,4074.255,4078.985,4073.55,4078.02,5525
2026-07-24 21:40:00,4078.025,4079.72,4071.715,4072.15,5807
2026-07-24 21:45:00,4072.155,4073.645,4071.015,4073.005,4246
2026-07-24 21:50:00,4073.025,4076.33,4072.915,4075.425,3903
2026-07-24 21:55:00,4075.42,4078.015,4075.13,4077.485,4090
2026-07-24 22:00:00,4077.5,4077.615,4075.22,4076.69,3815
2026-07-24 22:05:00,4076.68,4077.63,4075.16,4076.245,2978
2026-07-24 22:10:00,4076.235,4077.125,4074.535,4074.93,2876
2026-07-24 22:15:00,4074.955,4075.99,4073.945,4074.925,2876
2026-07-24 22:20:00,4074.905,4077.85,4073.91,4077.425,2561
2026-07-24 22:25:00,4077.415,4078.24,4073.6,4073.795,3155
2026-07-24 22:30:00,4073.8,4074.095,4070.36,4072.52,4373
2026-07-24 22:35:00,4072.53,4072.53,4067.62,4068.135,3516
2026-07-24 22:40:00,4068.14,4069.065,4066.8,4067.83,3271
2026-07-24 22:45:00,4067.825,4067.85,4064.425,4065.43,3134
2026-07-24 22:50:00,4065.42,4066.12,4064.25,4065.845,2441
2026-07-24 22:55:00,4065.84,4067.755,4065.56,4067.12,2451
2026-07-24 23:00:00,4067.125,4068.46,4066.79,4068.01,2631
2026-07-24 23:05:00,4068,4068.125,4064.135,4065.885,3650
2026-07-24 23:10:00,4065.875,4066.26,4062.975,4064.255,2864
2026-07-24 23:15:00,4064.245,4067.045,4063.725,4066.875,2267
2026-07-24 23:20:00,4066.88,4068.96,4065.46,4068.825,3178
2026-07-24 23:25:00,4068.855,4069.99,4067.325,4068.44,2812
2026-07-24 23:30:00,4068.555,4069.895,4067.575,4068.56,2251
2026-07-24 23:35:00,4068.57,4069,4067.7,4068.15,1901
2026-07-24 23:40:00,4068.145,4068.97,4066.22,4066.6,2018
2026-07-24 23:45:00,4066.595,4067.465,4064.86,4066.23,1752
2026-07-24 23:50:00,4066.235,4067.1,4063.2,4063.57,1999
2026-07-24 23:55:00,4063.58,4065.385,4063.45,4063.53,1987
2026-07-25 00:00:00,4063.515,4064.25,4061.38,4063.04,2237
2026-07-25 00:05:00,4063.035,4064.625,4062.83,4063.155,2190
2026-07-25 00:10:00,4063.165,4063.605,4061.48,4061.74,1803
2026-07-25 00:15:00,4061.735,4063.08,4060.195,4060.32,1779
2026-07-25 00:20:00,4060.395,4060.77,4056.77,4057.55,2448
2026-07-25 00:25:00,4057.53,4058.465,4055.005,4055.365,2792
2026-07-25 00:30:00,4055.37,4056.31,4052.615,4054.385,2617
2026-07-25 00:35:00,4054.375,4057.035,4053.45,4055.8,2673
2026-07-25 00:40:00,4055.785,4055.785,4051.18,4052.195,2440
2026-07-25 00:45:00,4052.2,4055.295,4051.9,4053.66,1914
2026-07-25 00:50:00,4053.665,4056.04,4053.085,4054.49,1709
2026-07-25 00:55:00,4054.51,4055.4,4054.115,4054.52,1705
2026-07-25 01:00:00,4054.515,4056.485,4052.39,4054.74,3043
2026-07-25 01:05:00,4054.745,4054.94,4052.58,4053.01,2037
2026-07-25 01:10:00,4053.005,4054.925,4052.26,4052.345,1776
2026-07-25 01:15:00,4052.365,4052.475,4049.715,4050.915,2318
2026-07-25 01:20:00,4050.905,4051.325,4049.655,4049.685,2201
2026-07-25 01:25:00,4049.675,4051.98,4049.315,4051.65,2242
2026-07-25 01:30:00,4051.645,4054.66,4051.42,4054.205,2915
2026-07-25 01:35:00,4054.2,4056.57,4053.755,4055.565,3791
2026-07-25 01:40:00,4055.56,4058.04,4055.375,4056.97,2269
2026-07-25 01:45:00,4056.98,4057.495,4054.96,4055.23,1638
2026-07-25 01:50:00,4055.28,4055.725,4053.795,4055.435,2030
2026-07-25 01:55:00,4055.43,4055.57,4052.84,4053.805,2678
2026-07-25 02:00:00,4053.81,4055.345,4053.175,4054.19,1563
2026-07-25 02:05:00,4054.16,4054.42,4052.965,4053.015,887
2026-07-25 02:10:00,4053.01,4053.525,4052.385,4052.645,773
2026-07-25 02:15:00,4052.65,4053.37,4052.19,4052.64,783
2026-07-25 02:20:00,4052.65,4053.555,4052.17,4053.495,782
2026-07-25 02:25:00,4053.5,4054.855,4053.11,4053.84,1088
2026-07-25 02:30:00,4053.835,4054.165,4051.805,4052.475,832
2026-07-25 02:35:00,4052.48,4054.505,4052.48,4054.395,930
2026-07-25 02:40:00,4054.385,4056.105,4053.83,4055.52,762
2026-07-27 04:00:00,4050.22,4102.15,4050.22,4089.57,2415
2026-07-27 04:05:00,4089.6,4092.51,4087.66,4088.565,1181
2026-07-27 04:10:00,4088.655,4089.37,4086.39,4087.94,1209
2026-07-27 04:15:00,4088,4088.05,4083.98,4087.825,1321
2026-07-27 04:20:00,4087.875,4090.24,4087.135,4087.77,989
2026-07-27 04:25:00,4087.72,4087.78,4085.54,4086.76,882
2026-07-27 04:30:00,4086.715,4092.035,4085.715,4091.68,1265
2026-07-27 04:35:00,4091.75,4093.065,4089.75,4090.4,1181
2026-07-27 04:40:00,4090.385,4092.9,4090.26,4091.24,1160
2026-07-27 04:45:00,4091.225,4093.94,4089.77,4090.285,1186
2026-07-27 04:50:00,4090.285,4092.26,4090.285,4091.695,719
2026-07-27 04:55:00,4091.665,4092.03,4088.995,4089.71,1124
2026-07-27 05:00:00,4089.745,4091.515,4087.025,4087.305,1484
2026-07-27 05:05:00,4087.345,4088.52,4086.945,4087.415,1025
2026-07-27 05:10:00,4087.395,4087.72,4084.56,4084.9,901
2026-07-27 05:15:00,4084.94,4086.49,4084.475,4085.04,1013
2026-07-27 05:20:00,4085.075,4086.38,4083.78,4084.215,1077
2026-07-27 05:25:00,4084.24,4085.585,4083.915,4084.93,825
2026-07-27 05:30:00,4084.9,4086.81,4084.69,4086.44,916
2026-07-27 05:35:00,4086.445,4087.81,4086.13,4086.425,629
2026-07-27 05:40:00,4086.425,4089.43,4086.345,4089.155,1092
2026-07-27 05:45:00,4089.135,4094.855,4088.265,4094.665,3264
2026-07-27 05:50:00,4094.62,4096.505,4093.08,4093.315,2692
2026-07-27 05:55:00,4093.29,4096.395,4092.745,4094.29,3172
2026-07-27 06:00:00,4094.2,4105.07,4094.045,4102.13,5699
2026-07-27 06:05:00,4102.125,4108.435,4099.54,4108.385,4264
2026-07-27 06:10:00,4108.37,4116.18,4107.2,4115.67,4535
2026-07-27 06:15:00,4115.705,4115.71,4106.685,4107.31,3977
2026-07-27 06:20:00,4107.32,4107.51,4101.64,4102.805,4112
2026-07-27 06:25:00,4102.775,4103.035,4090.845,4094.555,4282
2026-07-27 06:30:00,4094.545,4099.875,4093.81,4099.735,3124
2026-07-27 06:35:00,4099.815,4102.58,4099.455,4099.66,2756
2026-07-27 06:40:00,4099.62,4102.245,4098.495,4099.955,2754
2026-07-27 06:45:00,4099.935,4106.19,4099.805,4104.84,3340
2026-07-27 06:50:00,4104.865,4109.4,4104.825,4106.135,3131
2026-07-27 06:55:00,4106.09,4106.64,4099.145,4100.875,3710
2026-07-27 07:00:00,4100.87,4112.23,4100.675,4107.56,6978
2026-07-27 07:05:00,4107.615,4112.715,4105.58,4106.385,5629
2026-07-27 07:10:00,4106.465,4110.15,4106.19,4107.385,4848
2026-07-27 07:15:00,4107.425,4109.315,4102.105,4102.38,5292
2026-07-27 07:20:00,4102.39,4103.31,4099.87,4101.745,4166
2026-07-27 07:25:00,4101.74,4101.77,4096.985,4100.07,4080
2026-07-27 07:30:00,4100.105,4103.88,4099.65,4100.25,4560
2026-07-27 07:35:00,4100.255,4104.195,4097.935,4103.77,4214
2026-07-27 07:40:00,4103.705,4104.375,4101.94,4102.74,4028
2026-07-27 07:45:00,4102.73,4107.12,4102.73,4105.785,4023
2026-07-27 07:50:00,4105.79,4108.435,4102.835,4108.02,3430
2026-07-27 07:55:00,4108.025,4110.21,4106.12,4110.185,3508
2026-07-27 08:00:00,4110.235,4111.015,4105.265,4105.575,5697
2026-07-27 08:05:00,4105.57,4107.645,4104,4104.4,4424
2026-07-27 08:10:00,4104.365,4106.11,4103.405,4105.57,4841
2026-07-27 08:15:00,4105.585,4106.03,4103.675,4104.35,2771
2026-07-27 08:20:00,4104.355,4104.815,4102.115,4104.165,2771
2026-07-27 08:25:00,4104.16,4105.82,4103.015,4103.31,2870
2026-07-27 08:30:00,4103.315,4103.33,4099.33,4100.105,5380
2026-07-27 08:35:00,4100.115,4101.39,4097.765,4097.785,3896
2026-07-27 08:40:00,4097.88,4098.635,4095.655,4096.595,3159
2026-07-27 08:45:00,4096.59,4097.74,4095.215,4095.345,3013
2026-07-27 08:50:00,4095.325,4096.89,4094.19,4096.595,3081
2026-07-27 08:55:00,4096.585,4096.61,4093.77,4093.775,2737
2026-07-27 09:00:00,4093.76,4095.98,4091.015,4092.585,3776
2026-07-27 09:05:00,4092.58,4093.42,4091.07,4091.49,3258
2026-07-27 09:10:00,4091.495,4092.345,4089.14,4092.035,3479
2026-07-27 09:15:00,4092.07,4093.645,4091.29,4092.26,3041
2026-07-27 09:20:00,4092.265,4092.39,4089.385,4090.13,3098
2026-07-27 09:25:00,4090.14,4090.2,4085.42,4085.705,3112
2026-07-27 09:30:00,4085.69,4090.405,4085.195,4090.405,3192
2026-07-27 09:35:00,4090.405,4090.755,4088.105,4089.395,2322
2026-07-27 09:40:00,4089.375,4090.975,4089.095,4089.935,2380
2026-07-27 09:45:00,4089.89,4090.035,4088.595,4089.57,1925
2026-07-27 09:50:00,4089.58,4090.765,4089.215,4089.5,1485
2026-07-27 09:55:00,4089.56,4091.335,4089.47,4091.07,1699
2026-07-27 10:00:00,4091.06,4093.065,4090.845,4091.34,2408
2026-07-27 10:05:00,4091.275,4091.86,4089.47,4089.88,2068
2026-07-27 10:10:00,4089.92,4090.605,4088.675,4090.205,1725
2026-07-27 10:15:00,4090.215,4090.585,4087.105,4088.13,1959
2026-07-27 10:20:00,4088.16,4089.905,4087.56,4088.24,1469
2026-07-27 10:25:00,4088.25,4089.24,4087.35,4089.165,1782
2026-07-27 10:30:00,4089.135,4091.225,4089.135,4090.705,1710
2026-07-27 10:35:00,4090.715,4092.455,4090.405,4091.24,1714
2026-07-27 10:40:00,4091.245,4092.505,4090.31,4090.535,1875
2026-07-27 10:45:00,4090.535,4091.405,4089.91,4090.185,1585
2026-07-27 10:50:00,4090.19,4090.555,4089.32,4090.48,1176
2026-07-27 10:55:00,4090.475,4091.02,4089.615,4090.36,1650
2026-07-27 11:00:00,4090.365,4092.66,4088.685,4090.625,2495
2026-07-27 11:05:00,4090.615,4094.49,4089.76,4093.455,2071
2026-07-27 11:10:00,4093.46,4094.935,4092.445,4094.825,2086
2026-07-27 11:15:00,4094.82,4094.82,4091.74,4091.97,1648
2026-07-27 11:20:00,4091.98,4092.05,4088.19,4088.195,1720
2026-07-27 11:25:00,4088.19,4088.39,4086.255,4087.12,2330
2026-07-27 11:30:00,4087.1,4090.485,4086.24,4087.56,3958
2026-07-27 11:35:00,4087.59,4090.23,4085.785,4088.605,3706
2026-07-27 11:40:00,4088.6,4089.69,4086.88,4088.19,4553
2026-07-27 11:45:00,4088.18,4088.42,4084.505,4086.255,4330
2026-07-27 11:50:00,4086.26,4089.37,4084.9,4089.02,3154
2026-07-27 11:55:00,4089.01,4093.77,4087.565,4093.315,4047
2026-07-27 12:00:00,4093.295,4094.77,4092.015,4093.795,4555
2026-07-27 12:05:00,4093.775,4094.815,4091.705,4093.885,3835
2026-07-27 12:10:00,4093.89,4096.485,4093.155,4094.44,3683
2026-07-27 12:15:00,4094.455,4095.405,4092.065,4093.09,2608
2026-07-27 12:20:00,4093.095,4094.345,4091.355,4094.175,3762
2026-07-27 12:25:00,4094.165,4096.605,4094.165,4096.25,2953
2026-07-27 12:30:00,4096.235,4096.69,4094.345,4095.795,3605
2026-07-27 12:35:00,4095.8,4098.505,4095.195,4098.23,3179
2026-07-27 12:40:00,4098.235,4099.41,4096.465,4098.755,3777
2026-07-27 12:45:00,4098.78,4099.175,4097.43,4097.91,2881
2026-07-27 12:50:00,4097.885,4097.885,4095.09,4096.78,2801
2026-07-27 12:55:00,4096.765,4097.515,4095.625,4096,3718
2026-07-27 13:00:00,4096.035,4100.91,4095.99,4098.985,4929
2026-07-27 13:05:00,4098.995,4100.235,4096.38,4098.17,4112
2026-07-27 13:10:00,4098.16,4102.145,4097.145,4102.085,4316
2026-07-27 13:15:00,4102.08,4104.075,4099.94,4104.03,4101
2026-07-27 13:20:00,4104.02,4105.705,4103.135,4104.82,3732
2026-07-27 13:25:00,4104.865,4106.165,4103.1,4103.295,3743
2026-07-27 13:30:00,4103.29,4103.555,4101.47,4102.875,3709
2026-07-27 13:35:00,4102.885,4103.965,4098.795,4099.41,3241
2026-07-27 13:40:00,4099.405,4099.435,4095.89,4097.42,3114
2026-07-27 13:45:00,4097.425,4099.37,4096.775,4097.855,3365
2026-07-27 13:50:00,4097.875,4098.02,4093.41,4094.165,3199
2026-07-27 13:55:00,4094.16,4094.91,4088.62,4088.895,3603
2026-07-27 14:00:00,4088.89,4093.19,4088.215,4088.645,5547
2026-07-27 14:05:00,4088.65,4092.525,4087.135,4090.37,4636
2026-07-27 14:10:00,4090.36,4092.125,4090.075,4091.345,4615
2026-07-27 14:15:00,4091.33,4091.885,4089.655,4091.59,3955
2026-07-27 14:20:00,4091.595,4091.675,4089.035,4091.115,3940
2026-07-27 14:25:00,4091.12,4092.68,4090.9,4091.025,3948
2026-07-27 14:30:00,4091.03,4091.305,4087.555,4087.555,4088
2026-07-27 14:35:00,4087.545,4090.95,4087.47,4090.485,3136
2026-07-27 14:40:00,4090.5,4092.99,4089.805,4091.51,3856
2026-07-27 14:45:00,4091.515,4093.665,4090.995,4093.22,2862
2026-07-27 14:50:00,4093.225,4095.05,4091.46,4094.895,2960
2026-07-27 14:55:00,4094.89,4097.04,4094.17,4095.365,2760
2026-07-27 15:00:00,4095.36,4096.32,4094.215,4096.255,2520
2026-07-27 15:05:00,4096.25,4098.505,4094.72,4094.94,2762
2026-07-27 15:10:00,4094.95,4095.8,4093.135,4094.03,2419
2026-07-27 15:15:00,4094.05,4094.73,4092.955,4093.085,2213
2026-07-27 15:20:00,4093.075,4095.09,4092.505,4093.74,2567
2026-07-27 15:25:00,4093.75,4095.92,4091.21,4091.62,3349
2026-07-27 15:30:00,4091.615,4093.785,4090.535,4091.88,3253
2026-07-27 15:35:00,4091.87,4093.88,4091.21,4092.315,2527
2026-07-27 15:40:00,4092.31,4094.87,4091.305,4094.32,2582
2026-07-27 15:45:00,4094.325,4098.1,4093.81,4097.325,2742
2026-07-27 15:50:00,4097.33,4099.39,4096.265,4097.91,2669
2026-07-27 15:55:00,4097.89,4100.435,4096.14,4096.16,2580
2026-07-27 16:00:00,4096.135,4096.55,4094.3,4095.2,2094
2026-07-27 16:05:00,4095.205,4095.455,4093.305,4093.975,2244
2026-07-27 16:10:00,4093.96,4093.96,4086.615,4090.985,4919
2026-07-27 16:15:00,4090.98,4092.425,4089.285,4091.215,2903
2026-07-27 16:20:00,4091.22,4094,4090.83,4092.57,2648
2026-07-27 16:25:00,4092.565,4094.005,4092.475,4093.14,2564
2026-07-27 16:30:00,4093.135,4096.255,4093.09,4096.135,2929
2026-07-27 16:35:00,4096.155,4099.375,4095.04,4098.15,2602
2026-07-27 16:40:00,4098.17,4101.985,4097.57,4100.435,2478
2026-07-27 16:45:00,4100.44,4102.535,4099.93,4102.285,2219
2026-07-27 16:50:00,4102.28,4102.28,4099.63,4101.335,2101
2026-07-27 16:55:00,4101.34,4102.305,4098.88,4099.58,2388
2026-07-27 17:00:00,4099.585,4101.12,4097.1,4097.645,3554
2026-07-27 17:05:00,4097.65,4103.325,4097.15,4102.87,2802
2026-07-27 17:10:00,4102.875,4104.14,4101.89,4102.03,2387
2026-07-27 17:15:00,4102.035,4103.415,4100.58,4100.63,2401
2026-07-27 17:20:00,4100.605,4101.65,4099.775,4099.89,2276
2026-07-27 17:25:00,4099.895,4101.385,4096.945,4097.035,2617
2026-07-27 17:30:00,4097.05,4100.08,4096.29,4097.705,4863
2026-07-27 17:35:00,4097.72,4099.425,4096.565,4096.91,3042
2026-07-27 17:40:00,4096.915,4098.535,4094.64,4095.675,4110
2026-07-27 17:45:00,4095.68,4097.36,4094.14,4095.74,3378
2026-07-27 17:50:00,4095.75,4097.275,4094.07,4094.385,2584
2026-07-27 17:55:00,4094.39,4095.215,4093.565,4094.005,2747
2026-07-27 18:00:00,4094.01,4097.825,4093.99,4096.4,3640
2026-07-27 18:05:00,4096.415,4096.515,4093.945,4094.565,3374
2026-07-27 18:10:00,4094.555,4094.675,4086.425,4087.715,6669
2026-07-27 18:15:00,4087.69,4089.085,4082.49,4084.575,5122
2026-07-27 18:20:00,4084.565,4085.275,4081.855,4083.27,5572
2026-07-27 18:25:00,4083.28,4088.845,4083.235,4086.735,2819
2026-07-27 18:30:00,4086.71,4088.775,4083.185,4087.675,3052
2026-07-27 18:35:00,4087.69,4088.07,4085.04,4087.39,3351
2026-07-27 18:40:00,4087.385,4087.645,4084.43,4086.825,3876
2026-07-27 18:45:00,4086.79,4089.215,4082.59,4082.84,4183
2026-07-27 18:50:00,4082.845,4086.01,4081.86,4083.185,5377
2026-07-27 18:55:00,4083.155,4086.7,4081.73,4083.79,4556
2026-07-27 19:00:00,4083.78,4088.905,4083.39,4084.075,7695
2026-07-27 19:05:00,4084.065,4085.985,4082.165,4083.51,6521
2026-07-27 19:10:00,4083.515,4087.975,4081.05,4085.075,5463
2026-07-27 19:15:00,4085.06,4087.37,4081.715,4083.9,5722
2026-07-27 19:20:00,4083.905,4085.565,4081.63,4083.91,4774
2026-07-27 19:25:00,4083.92,4085.15,4075.955,4076.175,6814
2026-07-27 19:30:00,4076.17,4082.15,4075.625,4079.91,10083
2026-07-27 19:35:00,4079.915,4087.745,4079.685,4085.135,9095
2026-07-27 19:40:00,4085.155,4089.305,4083.92,4086.82,7887
2026-07-27 19:45:00,4086.855,4089.645,4085.015,4087.495,7368
2026-07-27 19:50:00,4087.475,4089.085,4084,4084.085,6115
2026-07-27 19:55:00,4084.095,4084.095,4070.685,4074.37,9273
2026-07-27 20:00:00,4074.38,4079.135,4071.18,4075.47,8268
2026-07-27 20:05:00,4075.505,4077.955,4073.325,4077.32,8274
2026-07-27 20:10:00,4077.315,4077.62,4072.565,4077.025,7957
2026-07-27 20:15:00,4077.065,4078.745,4074.93,4076.26,7698
2026-07-27 20:20:00,4076.22,4076.845,4072.41,4073.96,6968
2026-07-27 20:25:00,4073.955,4074.28,4067.325,4068.41,7483
2026-07-27 20:30:00,4068.405,4069.915,4066.335,4068.035,9056
2026-07-27 20:35:00,4068.03,4070.81,4066.285,4068.15,8454
2026-07-27 20:40:00,4068.13,4069.61,4065.44,4068.87,8196
2026-07-27 20:45:00,4068.875,4073.315,4068.87,4071.445,6694
2026-07-27 20:50:00,4071.44,4074.645,4070.1,4073.205,6469
2026-07-27 20:55:00,4073.22,4077.58,4071.56,4076.305,5661
2026-07-27 21:00:00,4076.32,4076.515,4072.335,4075.17,6842
2026-07-27 21:05:00,4075.175,4075.345,4072.58,4072.69,5813
2026-07-27 21:10:00,4072.705,4076.69,4071.925,4076.135,5974
2026-07-27 21:15:00,4076.045,4079.03,4075.655,4077.96,6273
2026-07-27 21:20:00,4077.975,4079.48,4075.185,4075.455,6775
2026-07-27 21:25:00,4075.46,4077.04,4074.685,4076.58,6676
2026-07-27 21:30:00,4076.59,4078.115,4073.055,4073.125,6282
2026-07-27 21:35:00,4073.14,4075.09,4072.74,4074.195,5238
2026-07-27 21:40:00,4074.175,4076.83,4073.48,4076.275,4607
2026-07-27 21:45:00,4076.28,4077.025,4074.72,4076.295,5142
2026-07-27 21:50:00,4076.3,4080.005,4075.995,4077.875,5229
2026-07-27 21:55:00,4077.87,4079.675,4077.615,4078.575,4711
2026-07-27 22:00:00,4078.57,4079.94,4077.875,4079.58,6129
2026-07-27 22:05:00,4079.575,4084.935,4078.285,4084.715,4321
2026-07-27 22:10:00,4084.71,4084.715,4080.765,4081.43,4016
2026-07-27 22:15:00,4081.435,4081.925,4079.85,4080.735,4099
2026-07-27 22:20:00,4080.74,4083.12,4080.58,4081.025,4376
2026-07-27 22:25:00,4081.065,4088.995,4080.88,4085.235,7889
2026-07-27 22:30:00,4085.275,4093.2,4085.185,4091.79,5591
2026-07-27 22:35:00,4091.785,4094.015,4090.07,4090.66,4731
2026-07-27 22:40:00,4090.675,4091.045,4087.455,4088.355,3461
2026-07-27 22:45:00,4088.36,4088.635,4083.905,4083.97,4043
2026-07-27 22:50:00,4083.975,4084.25,4081.16,4082.085,4171
2026-07-27 22:55:00,4082.09,4082.635,4080.885,4082.5,3785
2026-07-27 23:00:00,4082.495,4082.59,4075.395,4076.395,4381
2026-07-27 23:05:00,4076.385,4077.125,4073.565,4075.175,4192
2026-07-27 23:10:00,4075.155,4076.225,4070.72,4073.63,4685
2026-07-27 23:15:00,4073.68,4075.615,4072.405,4074.32,3702
2026-07-27 23:20:00,4074.33,4076.265,4073.425,4074.065,4311
2026-07-27 23:25:00,4074.09,4076.915,4073.535,4074.87,3782
2026-07-27 23:30:00,4074.86,4076.135,4073.535,4073.93,2920
2026-07-27 23:35:00,4073.935,4074.905,4072.28,4073.02,3487
2026-07-27 23:40:00,4073.04,4074.915,4072.93,4074.62,3396
2026-07-27 23:45:00,4074.615,4075.565,4073.395,4075.085,2992
2026-07-27 23:50:00,4075.06,4077.325,4074.91,4076.155,3209
2026-07-27 23:55:00,4076.175,4077.08,4075.93,4076.54,3345
2026-07-28 00:00:00,4076.57,4079.325,4076.16,4077.395,3950
2026-07-28 00:05:00,4077.39,4079.04,4077.265,4078.845,3682
2026-07-28 00:10:00,4078.855,4078.875,4076.42,4076.775,3618
2026-07-28 00:15:00,4076.765,4076.97,4074.275,4075.12,3754
2026-07-28 00:20:00,4075.115,4076.915,4074.4,4076.575,2726
2026-07-28 00:25:00,4076.57,4077.12,4075.955,4076.935,2851
2026-07-28 00:30:00,4076.94,4077.345,4074.7,4074.965,2957
2026-07-28 00:35:00,4074.96,4075.225,4073.29,4073.58,2543
2026-07-28 00:40:00,4073.54,4079.37,4072.945,4076.29,4864
2026-07-28 00:45:00,4076.32,4076.845,4075.155,4075.325,3119
2026-07-28 00:50:00,4075.36,4078.76,4074.92,4077.685,3612
2026-07-28 00:55:00,4077.68,4079.565,4077.285,4077.975,3821
2026-07-28 01:00:00,4077.965,4078.805,4077.015,4077.255,3696
2026-07-28 01:05:00,4077.275,4080.11,4076.19,4079.945,3761
2026-07-28 01:10:00,4079.94,4081.87,4079.805,4080.405,3010
2026-07-28 01:15:00,4080.36,4084.835,4079.445,4084.57,2916
2026-07-28 01:20:00,4084.57,4088.755,4084.515,4085.33,2801
2026-07-28 01:25:00,4085.325,4085.995,4083.48,4085.875,2540
2026-07-28 01:30:00,4085.885,4086.635,4083.845,4085.255,2859
2026-07-28 01:35:00,4085.245,4086.91,4085.1,4086.67,2663
2026-07-28 01:40:00,4086.68,4087.37,4085.21,4087.09,3021
2026-07-28 01:45:00,4087.095,4089.36,4086.245,4089.32,3403
2026-07-28 01:50:00,4089.36,4089.49,4086.015,4087.55,3652
2026-07-28 01:55:00,4087.535,4087.535,4082.53,4083.485,3587
2026-07-28 02:00:00,4083.5,4084.155,4081.98,4082.365,1514
2026-07-28 02:05:00,4082.37,4082.535,4081.535,4082.345,1002
2026-07-28 02:10:00,4082.4,4082.765,4081.675,4082.24,948
2026-07-28 02:15:00,4082.235,4082.26,4080.595,4080.88,673
2026-07-28 02:20:00,4080.93,4080.965,4079,4080.315,739
2026-07-28 02:25:00,4080.325,4081.345,4078.245,4078.73,839
2026-07-28 02:30:00,4078.735,4079.225,4076.935,4077.03,1194
2026-07-28 02:35:00,4077.02,4078.21,4075.795,4076.67,1193
2026-07-28 02:40:00,4076.65,4077.665,4076.565,4077.285,545
2026-07-28 02:45:00,4077.28,4077.41,4076.12,4076.775,583
2026-07-28 02:50:00,4076.755,4077.175,4075.375,4076.82,653
2026-07-28 02:55:00,4076.765,4077.52,4076.155,4076.85,822
2026-07-28 04:00:00,4076.52,4082.72,4076.52,4080.955,1139
2026-07-28 04:05:00,4081.01,4081.58,4078.65,4079.255,630
2026-07-28 04:10:00,4079.255,4079.255,4076.655,4077.48,514
2026-07-28 04:15:00,4077.5,4077.53,4076.01,4076.48,501
2026-07-28 04:20:00,4076.5,4076.835,4072.025,4072.57,691
2026-07-28 04:25:00,4072.595,4073.39,4071.05,4072.47,614
2026-07-28 04:30:00,4072.52,4074.495,4072.36,4074.495,379
2026-07-28 04:35:00,4074.56,4075.125,4073.87,4074.55,740
2026-07-28 04:40:00,4074.55,4075.145,4074.08,4074.99,631
2026-07-28 04:45:00,4075.03,4075.03,4073.64,4074.205,794
2026-07-28 04:50:00,4074.195,4074.82,4073.735,4073.93,645
2026-07-28 04:55:00,4073.93,4074.885,4073.915,4074.345,585
2026-07-28 05:00:00,4074.335,4074.36,4071.905,4072.795,903
2026-07-28 05:05:00,4072.82,4074.685,4072.82,4073.96,733
2026-07-28 05:10:00,4073.965,4075.145,4073.38,4074.265,547
2026-07-28 05:15:00,4074.26,4074.75,4073.135,4073.22,817
2026-07-28 05:20:00,4073.24,4073.93,4072.81,4073.365,696
2026-07-28 05:25:00,4073.365,4073.795,4072.075,4073.195,698
2026-07-28 05:30:00,4073.15,4073.645,4072.48,4073.64,489
2026-07-28 05:35:00,4073.635,4073.65,4072.445,4073.2,439
2026-07-28 05:40:00,4073.195,4073.26,4071.695,4072.145,715
2026-07-28 05:45:00,4072.135,4072.71,4070.005,4070.23,2225
2026-07-28 05:50:00,4070.245,4072.955,4070,4072.07,2239
2026-07-28 05:55:00,4072.05,4073.385,4071.575,4073.35,1739
2026-07-28 06:00:00,4073.335,4074.3,4065.47,4065.705,3466
2026-07-28 06:05:00,4065.74,4067.155,4062.04,4066.74,3850
2026-07-28 06:10:00,4066.755,4067.755,4064.93,4067.155,3361
2026-07-28 06:15:00,4067.155,4067.525,4062.39,4065.455,2975
2026-07-28 06:20:00,4065.445,4066.47,4060.39,4060.935,2425
2026-07-28 06:25:00,4060.945,4063.42,4059.24,4062.105,2983
2026-07-28 06:30:00,4062.14,4064.99,4060.53,4064.36,3105
2026-07-28 06:35:00,4064.345,4065.07,4063.32,4063.485,3085
2026-07-28 06:40:00,4063.5,4066.29,4062.365,4065.555,2746
2026-07-28 06:45:00,4065.56,4065.595,4059.05,4059.735,3291
2026-07-28 06:50:00,4059.72,4060.19,4058.095,4059.63,2660
2026-07-28 06:55:00,4059.61,4061.565,4057.715,4058.045,2867
2026-07-28 07:00:00,4058.015,4060.415,4053.925,4059.175,6652
2026-07-28 07:05:00,4059.19,4059.56,4054.465,4056.105,4879
2026-07-28 07:10:00,4056.09,4058.465,4054.9,4058.07,4143
2026-07-28 07:15:00,4058.015,4059.18,4053.395,4053.575,3891
2026-07-28 07:20:00,4053.57,4054.82,4049,4050.185,4539
2026-07-28 07:25:00,4050.18,4050.275,4046.41,4047.48,4628
2026-07-28 07:30:00,4047.485,4050.26,4043.39,4046.17,4335
2026-07-28 07:35:00,4046.2,4050.66,4046.195,4049.295,3784
2026-07-28 07:40:00,4049.33,4049.715,4047.02,4048.985,3187
2026-07-28 07:45:00,4048.99,4049.07,4045.355,4046.61,3503
2026-07-28 07:50:00,4046.595,4047.345,4042.63,4045.09,3072
2026-07-28 07:55:00,4045.065,4045.455,4043.74,4045.245,3029
2026-07-28 08:00:00,4045.255,4046.065,4042.63,4043.885,4676
2026-07-28 08:05:00,4043.89,4046.995,4042.45,4046.345,5008
2026-07-28 08:10:00,4046.335,4047.69,4045.725,4046.535,4457
2026-07-28 08:15:00,4046.53,4048.37,4045.41,4048.09,3702
2026-07-28 08:20:00,4048.095,4049.21,4047.015,4047.495,3612
2026-07-28 08:25:00,4047.49,4048.595,4045.61,4046.21,3188
2026-07-28 08:30:00,4046.195,4047.99,4045.24,4046.605,4942
2026-07-28 08:35:00,4046.605,4047.29,4044.905,4044.965,3707
2026-07-28 08:40:00,4044.93,4045.695,4041.665,4044.34,4018
2026-07-28 08:45:00,4044.335,4045.44,4042.815,4043.79,3848
2026-07-28 08:50:00,4043.775,4045.64,4043.01,4043.76,3816
2026-07-28 08:55:00,4043.78,4043.955,4040.845,4042.135,2739
2026-07-28 09:00:00,4042.13,4044.045,4040.4,4043.905,3712
2026-07-28 09:05:00,4043.91,4046.315,4042.975,4045.9,3496
2026-07-28 09:10:00,4045.87,4047.39,4045.54,4045.97,3559
2026-07-28 09:15:00,4045.98,4049.325,4045.42,4049.205,3569
2026-07-28 09:20:00,4049.225,4049.52,4047.14,4048.665,3421
2026-07-28 09:25:00,4048.66,4049.21,4046.625,4047.825,2562
2026-07-28 09:30:00,4047.835,4051.215,4047.405,4049.88,3442
2026-07-28 09:35:00,4049.865,4050.145,4048.3,4049.015,4159
2026-07-28 09:40:00,4049.02,4049.415,4047.415,4048.505,2898
2026-07-28 09:45:00,4048.515,4050.85,4048.19,4049.865,3644
2026-07-28 09:50:00,4049.86,4050.835,4048.515,4049.82,3070
2026-07-28 09:55:00,4049.83,4050.175,4048.195,4049.535,2773
2026-07-28 10:00:00,4049.54,4049.755,4047.89,4047.93,4065
2026-07-28 10:05:00,4047.925,4048.115,4045.665,4046.43,2485
2026-07-28 10:10:00,4046.425,4046.99,4043.575,4044.145,2264
2026-07-28 10:15:00,4044.14,4047.665,4043.7,4047.605,3325
2026-07-28 10:20:00,4047.615,4048.07,4046.66,4046.84,2696
2026-07-28 10:25:00,4046.835,4047.23,4045.67,4045.685,2727
2026-07-28 10:30:00,4045.695,4046.85,4044.015,4046.84,2205
2026-07-28 10:35:00,4046.82,4047.1,4045.74,4045.81,1740
2026-07-28 10:40:00,4045.815,4047.935,4045.07,4047.775,2110
2026-07-28 10:45:00,4047.77,4048.05,4042.82,4043.44,2342
2026-07-28 10:50:00,4043.435,4044.62,4043.145,4043.77,2167
2026-07-28 10:55:00,4043.76,4044.49,4041.455,4042.21,1990
2026-07-28 11:00:00,4042.205,4042.57,4040.07,4041.23,3041
2026-07-28 11:05:00,4041.25,4042.875,4040.385,4041.495,3207
2026-07-28 11:10:00,4041.5,4044.1,4041.185,4042.405,3234
2026-07-28 11:15:00,4042.41,4043.46,4042.105,4042.715,3723
2026-07-28 11:20:00,4042.705,4043.94,4042.06,4042.525,3364
2026-07-28 11:25:00,4042.53,4043.475,4040.94,4043.175,3977
2026-07-28 11:30:00,4043.195,4046.205,4037.37,4037.685,7051
2026-07-28 11:35:00,4037.65,4037.99,4034.905,4037.36,5262
2026-07-28 11:40:00,4037.355,4041.87,4036.775,4041.72,3674
2026-07-28 11:45:00,4041.725,4043.865,4039.7,4041.63,3223
2026-07-28 11:50:00,4041.64,4044.21,4041.02,4044.12,2814
2026-07-28 11:55:00,4044.185,4046.575,4043.765,4045.335,3134
2026-07-28 12:00:00,4045.345,4047.915,4044.815,4046.23,4357
2026-07-28 12:05:00,4046.24,4046.895,4044.06,4044.725,3265
2026-07-28 12:10:00,4044.705,4046.115,4043.03,4044.235,3492
2026-07-28 12:15:00,4044.245,4047.295,4044.025,4045.665,3107
2026-07-28 12:20:00,4045.605,4047.545,4044.215,4045.305,3305
2026-07-28 12:25:00,4045.315,4049.075,4045.015,4047.855,3647
2026-07-28 12:30:00,4047.83,4049.76,4046.965,4049.435,4610
2026-07-28 12:35:00,4049.44,4050.5,4048.26,4050.115,3499
2026-07-28 12:40:00,4050.105,4052.445,4049.83,4049.885,3969
2026-07-28 12:45:00,4049.895,4050.405,4048.025,4050,3355
2026-07-28 12:50:00,4049.985,4051.405,4049.23,4051.36,3499
2026-07-28 12:55:00,4051.385,4051.6,4048.195,4048.475,3916
2026-07-28 13:00:00,4048.465,4050.41,4047.535,4048.38,4347
2026-07-28 13:05:00,4048.375,4050.48,4047.56,4050.195,2722
2026-07-28 13:10:00,4050.205,4051.3,4048.865,4048.915,3392
2026-07-28 13:15:00,4048.94,4052.02,4048.75,4051.035,2852
2026-07-28 13:20:00,4051.03,4052.46,4049.52,4050.625,2795
2026-07-28 13:25:00,4050.63,4052.215,4049.345,4050.3,3132
2026-07-28 13:30:00,4050.31,4051.115,4048.77,4048.92,3329
2026-07-28 13:35:00,4048.905,4050.895,4048.47,4050.745,3149
2026-07-28 13:40:00,4050.73,4051.125,4048.75,4049.51,2703
2026-07-28 13:45:00,4049.505,4049.76,4047.11,4048.13,3197
2026-07-28 13:50:00,4048.125,4049.86,4047.59,4048.955,3720
2026-07-28 13:55:00,4048.96,4049.445,4046.14,4047.37,3597
2026-07-28 14:00:00,4047.355,4052.89,4046.36,4051.19,5595
2026-07-28 14:05:00,4051.2,4055.335,4048.12,4048.615,4675
2026-07-28 14:10:00,4048.61,4048.805,4043.15,4044.525,6150
2026-07-28 14:15:00,4044.51,4050.345,4044.345,4048.655,7086
2026-07-28 14:20:00,4048.65,4051.285,4047.705,4051.005,5875
2026-07-28 14:25:00,4051.015,4051.015,4048.63,4049.68,4877
2026-07-28 14:30:00,4049.57,4049.885,4044.57,4045.845,4930
2026-07-28 14:35:00,4045.87,4046.585,4042.465,4043.115,4767
2026-07-28 14:40:00,4043.11,4045.075,4042.035,4043.3,4241
2026-07-28 14:45:00,4043.31,4046.255,4043.145,4045.98,3970
2026-07-28 14:50:00,4045.955,4045.98,4041.745,4042.385,4496
2026-07-28 14:55:00,4042.365,4045.63,4042.025,4045.62,2409
2026-07-28 15:00:00,4045.625,4046.1,4043.045,4043.06,3549
2026-07-28 15:05:00,4043.065,4043.56,4041.45,4042.725,2531
2026-07-28 15:10:00,4042.735,4043.27,4040.785,4041.01,2551
2026-07-28 15:15:00,4041.02,4043.91,4041.02,4043.575,3495
2026-07-28 15:20:00,4043.58,4044.275,4042.535,4042.88,1832
2026-07-28 15:25:00,4042.9,4043.15,4039.11,4040.39,2905
2026-07-28 15:30:00,4040.375,4040.455,4036.06,4037.96,3926
2026-07-28 15:35:00,4037.955,4038.375,4029.69,4032.34,5156
2026-07-28 15:40:00,4032.335,4034.305,4031.875,4033.47,3107
2026-07-28 15:45:00,4033.475,4034.375,4029.985,4031.265,4063
2026-07-28 15:50:00,4031.26,4032.145,4028.195,4030.135,3779
2026-07-28 15:55:00,4030.165,4030.19,4019.54,4023.335,4686
2026-07-28 16:00:00,4023.355,4025.31,4021.46,4024.605,4625
2026-07-28 16:05:00,4024.615,4027.015,4021.915,4022.105,3958
2026-07-28 16:10:00,4022.105,4024.52,4020.675,4024.36,4026
2026-07-28 16:15:00,4024.355,4026,4021.74,4021.87,3808
2026-07-28 16:20:00,4021.865,4023.13,4017.785,4019.555,4559
2026-07-28 16:25:00,4019.56,4020.365,4017.045,4017.72,3416
2026-07-28 16:30:00,4017.715,4023.675,4017.265,4022.905,3274
2026-07-28 16:35:00,4022.93,4023.35,4019.815,4022.02,4555
2026-07-28 16:40:00,4022.01,4022.8,4020.67,4022.6,2986
2026-07-28 16:45:00,4022.605,4026.275,4022.205,4024.205,3827
2026-07-28 16:50:00,4024.2,4028.545,4023.74,4028.35,3123
2026-07-28 16:55:00,4028.385,4028.645,4026.035,4026.63,3517
2026-07-28 17:00:00,4026.635,4028.895,4025.31,4026.68,5781
2026-07-28 17:05:00,4026.675,4028.655,4025.195,4027.675,5698
2026-07-28 17:10:00,4027.68,4028,4023.255,4023.955,3904
2026-07-28 17:15:00,4023.95,4032.53,4023.835,4030.7,6285
2026-07-28 17:20:00,4030.69,4030.81,4028.68,4028.715,4626
2026-07-28 17:25:00,4028.71,4029.46,4026.6,4027.71,4118
2026-07-28 17:30:00,4027.74,4029.085,4026.51,4027.325,3808
2026-07-28 17:35:00,4027.28,4031.57,4027.1,4029.57,4066
2026-07-28 17:40:00,4029.565,4029.78,4026.6,4027.045,4094
2026-07-28 17:45:00,4027.14,4028.075,4025.615,4026.675,3461
2026-07-28 17:50:00,4026.645,4027.02,4024.06,4024.19,3696
2026-07-28 17:55:00,4024.21,4028.42,4024.21,4028.155,3535
2026-07-28 18:00:00,4028.165,4028.765,4023.91,4026.485,4290
2026-07-28 18:05:00,4026.475,4028.92,4025.63,4026.295,5080
2026-07-28 18:10:00,4026.29,4028.155,4023.01,4027.9,4646
2026-07-28 18:15:00,4027.92,4030.86,4026.11,4030.755,3564
2026-07-28 18:20:00,4030.765,4034.325,4029.86,4033.965,3853
2026-07-28 18:25:00,4033.97,4035.03,4031.355,4034.49,4547
2026-07-28 18:30:00,4034.495,4035.005,4026.255,4028.765,3661
2026-07-28 18:35:00,4028.775,4030.43,4026.615,4028.645,5154
2026-07-28 18:40:00,4028.635,4034.94,4028.365,4033.565,4448
2026-07-28 18:45:00,4033.57,4038.25,4033.43,4034.51,4585
2026-07-28 18:50:00,4034.505,4034.905,4031.55,4032.13,4937
2026-07-28 18:55:00,4032.19,4032.89,4028.455,4029.605,4084
2026-07-28 19:00:00,4029.61,4034.425,4029.55,4033.02,6435
2026-07-28 19:05:00,4032.98,4035.76,4030.925,4032.92,5357
2026-07-28 19:10:00,4032.925,4033.965,4032.075,4032.865,4671
2026-07-28 19:15:00,4032.855,4033.08,4029.745,4030.825,5436
2026-07-28 19:20:00,4030.815,4036.035,4030.645,4034.615,4681
2026-07-28 19:25:00,4034.605,4036.135,4028.54,4029.035,4793
2026-07-28 19:30:00,4029.025,4033.06,4027.33,4031.21,9062
2026-07-28 19:35:00,4031.215,4032.79,4021.915,4022.015,8637
2026-07-28 19:40:00,4022.01,4025.52,4020.37,4025.23,7552
2026-07-28 19:45:00,4025.225,4026.97,4022.095,4025.14,8311
2026-07-28 19:50:00,4025.145,4029.17,4024.49,4027.235,8195
2026-07-28 19:55:00,4027.21,4027.39,4021.77,4022.23,5824
2026-07-28 20:00:00,4022.245,4027.365,4021.95,4026.215,6660
2026-07-28 20:05:00,4026.21,4031.405,4025.995,4029.78,8592
2026-07-28 20:10:00,4029.77,4033.545,4025.135,4025.965,6565
2026-07-28 20:15:00,4025.97,4026.935,4020.26,4020.305,7869
2026-07-28 20:20:00,4020.295,4020.97,4011.64,4017.525,8245
2026-07-28 20:25:00,4017.515,4022.62,4016.635,4022.335,6882
2026-07-28 20:30:00,4022.345,4025.445,4020.175,4020.43,6574
2026-07-28 20:35:00,4020.4,4023.65,4019.59,4020.44,6943
2026-07-28 20:40:00,4020.435,4024.27,4018.855,4022.81,6603
2026-07-28 20:45:00,4022.805,4028.695,4021.39,4028.175,5285
2026-07-28 20:50:00,4028.17,4029.67,4026.125,4027.59,5089
2026-07-28 20:55:00,4027.585,4028.39,4024.585,4024.59,4617
2026-07-28 21:00:00,4024.58,4029.92,4024.36,4024.875,5977
2026-07-28 21:05:00,4024.885,4028.3,4022.35,4028.295,5847
2026-07-28 21:10:00,4028.265,4036.505,4027.68,4033.825,9936
2026-07-28 21:15:00,4033.845,4036.34,4031.895,4035.495,8199
2026-07-28 21:20:00,4035.505,4040.985,4035.305,4035.88,8290
2026-07-28 21:25:00,4035.885,4040.35,4035.095,4035.485,6724
2026-07-28 21:30:00,4035.48,4036.62,4032.5,4033.57,6043
2026-07-28 21:35:00,4033.595,4038.455,4032.91,4037.03,5295
2026-07-28 21:40:00,4037.065,4042.12,4036.825,4041.54,5610
2026-07-28 21:45:00,4041.525,4045.05,4041.24,4043.235,4738
2026-07-28 21:50:00,4043.2,4047.165,4041.955,4046.24,5049
2026-07-28 21:55:00,4046.235,4047.085,4044.93,4046.185,4940
2026-07-28 22:00:00,4046.19,4046.575,4042.405,4042.66,5001
2026-07-28 22:05:00,4042.62,4045.05,4042.545,4043.36,3238
2026-07-28 22:10:00,4043.365,4045.92,4042.18,4044.83,3778
2026-07-28 22:15:00,4044.805,4045.66,4043.515,4045.455,3847
2026-07-28 22:20:00,4045.45,4045.935,4043.355,4043.94,4187
2026-07-28 22:25:00,4043.935,4045.065,4042.035,4042.28,3410
2026-07-28 22:30:00,4042.27,4043.97,4041.13,4042.93,3497
2026-07-28 22:35:00,4042.96,4043.85,4041.465,4041.96,3072
2026-07-28 22:40:00,4041.975,4043.42,4040.415,4040.54,3592
2026-07-28 22:45:00,4040.525,4041.165,4037.71,4037.93,4554
2026-07-28 22:50:00,4037.95,4038.56,4037.22,4038.495,3301
2026-07-28 22:55:00,4038.49,4038.51,4036.71,4037.63,2393
2026-07-28 23:00:00,4037.67,4039.96,4037.31,4039.935,3061
2026-07-28 23:05:00,4039.94,4041.13,4038.23,4038.32,4063
2026-07-28 23:10:00,4038.34,4038.965,4035.65,4037.075,4231
2026-07-28 23:15:00,4037.08,4037.195,4035.585,4035.59,4038
2026-07-28 23:20:00,4035.58,4041.595,4035.36,4036.635,5322
2026-07-28 23:25:00,4036.63,4039.77,4035.985,4037.91,4151
2026-07-28 23:30:00,4037.935,4037.955,4034.475,4035.105,3830
2026-07-28 23:35:00,4035.11,4035.225,4031.245,4031.63,3135
2026-07-28 23:40:00,4031.64,4031.645,4027.755,4028.395,3626
2026-07-28 23:45:00,4028.39,4029.775,4025.845,4029.575,4131
2026-07-28 23:50:00,4029.565,4029.575,4026.045,4026.635,3369
2026-07-28 23:55:00,4026.63,4028.375,4026.06,4027.985,3592
2026-07-29 00:00:00,4027.965,4029.67,4027.17,4029.605,4605
2026-07-29 00:05:00,4029.595,4030.51,4029.07,4029.9,4301
2026-07-29 00:10:00,4029.905,4030.09,4027.825,4028.385,4413
2026-07-29 00:15:00,4028.375,4030.175,4028.045,4028.635,5062
2026-07-29 00:20:00,4028.63,4029.035,4026.685,4026.925,4536
2026-07-29 00:25:00,4026.92,4027.725,4025.96,4027.26,4640
2026-07-29 00:30:00,4027.265,4027.66,4024.11,4024.525,4657
2026-07-29 00:35:00,4024.515,4024.91,4023.165,4023.95,4100
2026-07-29 00:40:00,4023.94,4025.155,4023.345,4024.265,3086
2026-07-29 00:45:00,4024.26,4026.13,4023.465,4024.13,3209
2026-07-29 00:50:00,4024.135,4024.575,4022.465,4023.025,3945
2026-07-29 00:55:00,4023.02,4023.3,4021.775,4023.065,3523
2026-07-29 01:00:00,4023.07,4024.855,4022.445,4024.51,3110
2026-07-29 01:05:00,4024.52,4025.885,4023.745,4024.935,2548
2026-07-29 01:10:00,4024.885,4024.965,4023.8,4024.2,1872
2026-07-29 01:15:00,4024.225,4025.265,4023.985,4024.085,1663
2026-07-29 01:20:00,4024.07,4024.345,4022.92,4023.155,1788
2026-07-29 01:25:00,4023.165,4023.805,4022.065,4023.395,1905
2026-07-29 01:30:00,4023.445,4027.845,4023.01,4027.625,2403
2026-07-29 01:35:00,4027.58,4027.715,4024.33,4024.86,2057
2026-07-29 01:40:00,4024.865,4026.295,4024.68,4026.26,1590
2026-07-29 01:45:00,4026.265,4027.565,4026.245,4026.65,1615
2026-07-29 01:50:00,4026.645,4028.06,4025.47,4027.46,2019
2026-07-29 01:55:00,4027.435,4028.05,4026.205,4026.495,2895
2026-07-29 02:00:00,4026.485,4026.5,4023.165,4023.35,1618
2026-07-29 02:05:00,4023.395,4024.345,4022.66,4023.21,1834
2026-07-29 02:10:00,4023.24,4024.835,4023.055,4023.84,849
2026-07-29 02:15:00,4023.85,4026.8,4023.785,4026.595,821
2026-07-29 02:20:00,4026.59,4026.725,4025.54,4026.04,692
2026-07-29 02:25:00,4026.025,4027.9,4025.945,4027.39,827
2026-07-29 02:30:00,4027.385,4028.725,4027.385,4028.29,731
2026-07-29 02:35:00,4028.285,4030.135,4027.555,4027.815,1262
2026-07-29 02:40:00,4027.825,4030.235,4027.825,4030.045,1345
2026-07-29 02:45:00,4030.03,4030.59,4027.525,4027.545,1415
2026-07-29 02:50:00,4027.57,4028.59,4026.51,4028.44,1286
2026-07-29 02:55:00,4028.405,4029.32,4028.03,4028.715,613
2026-07-29 04:00:00,4028.575,4030.545,4025.705,4026.595,836
2026-07-29 04:05:00,4026.52,4027.425,4026.12,4027.16,509
2026-07-29 04:10:00,4027.145,4028.18,4024.61,4024.61,910
2026-07-29 04:15:00,4024.625,4025.34,4022.455,4022.475,742
2026-07-29 04:20:00,4022.47,4023.49,4017.435,4017.92,1445
2026-07-29 04:25:00,4017.83,4021.265,4017.555,4021.025,1393
2026-07-29 04:30:00,4021.02,4021.265,4014.045,4017.625,1909
2026-07-29 04:35:00,4017.545,4017.545,4014.3,4015.17,1935
2026-07-29 04:40:00,4015.17,4018.845,4015.17,4018.43,1307
2026-07-29 04:45:00,4018.445,4018.445,4015.475,4016.92,1687
2026-07-29 04:50:00,4016.935,4019.14,4016.245,4017.895,1383
2026-07-29 04:55:00,4017.905,4019.91,4017.815,4018.4,1120
2026-07-29 05:00:00,4018.39,4018.92,4016.565,4017.155,1489
2026-07-29 05:05:00,4017.235,4019.62,4016.525,4018.355,1579
2026-07-29 05:10:00,4018.34,4023.14,4018.175,4022.075,1524
2026-07-29 05:15:00,4022.06,4022.17,4015.72,4016.52,1470
2026-07-29 05:20:00,4016.525,4019.765,4016.435,4019.32,1286
2026-07-29 05:25:00,4019.33,4019.455,4015.13,4018.61,1338
2026-07-29 05:30:00,4018.62,4019.92,4017.405,4018.4,1104
2026-07-29 05:35:00,4018.4,4020.44,4018.285,4019.025,791
2026-07-29 05:40:00,4019.025,4023.52,4018.265,4022.985,1422
2026-07-29 05:45:00,4022.97,4023.43,4019.1,4022.46,3927
2026-07-29 05:50:00,4022.56,4024.505,4020.935,4023.685,2835
2026-07-29 05:55:00,4023.695,4026.395,4022.99,4025.11,2018
2026-07-29 06:00:00,4025.115,4026.35,4017.755,4021.985,5171
2026-07-29 06:05:00,4021.965,4024.445,4017.76,4017.82,3752
2026-07-29 06:10:00,4017.825,4022.21,4017.82,4020.715,2842
2026-07-29 06:15:00,4020.7,4026.545,4020.625,4025.405,2935
2026-07-29 06:20:00,4025.395,4030.095,4023.805,4024.92,3708
2026-07-29 06:25:00,4024.935,4026.79,4022.385,4022.645,3770
2026-07-29 06:30:00,4022.65,4025.215,4021.48,4024.54,2882
2026-07-29 06:35:00,4024.535,4027.835,4023.41,4024.655,2656
2026-07-29 06:40:00,4024.65,4026.335,4024.26,4026.06,2668
2026-07-29 06:45:00,4026.07,4026.225,4021.015,4021.2,2857
2026-07-29 06:50:00,4021.195,4024.145,4021.105,4023.935,3212
2026-07-29 06:55:00,4023.915,4024.075,4020.495,4021.98,3354
2026-07-29 07:00:00,4021.955,4021.975,4010.285,4012.08,6106
2026-07-29 07:05:00,4012.09,4015.765,4010.67,4015.21,4749
2026-07-29 07:10:00,4015.245,4017.765,4011.7,4013.175,5065
2026-07-29 07:15:00,4013.165,4016.715,4011.72,4016.525,4869
2026-07-29 07:20:00,4016.52,4017.715,4013.83,4015.27,4230
2026-07-29 07:25:00,4015.21,4020.31,4014.425,4018.48,3758
2026-07-29 07:30:00,4018.475,4024.505,4015.105,4024.36,6250
2026-07-29 07:35:00,4024.34,4030.63,4022.735,4029.335,5637
2026-07-29 07:40:00,4029.35,4030.565,4025.82,4027.7,4094
2026-07-29 07:45:00,4027.695,4028.325,4024.475,4024.75,4032
2026-07-29 07:50:00,4024.775,4025.93,4022,4023.3,4150
2026-07-29 07:55:00,4023.31,4026.27,4023.01,4026.01,3768
2026-07-29 08:00:00,4026.03,4029.4,4025.495,4027.675,4548
2026-07-29 08:05:00,4027.68,4028.305,4023.07,4025.235,3860
2026-07-29 08:10:00,4025.22,4028.465,4024.99,4028.445,3501
2026-07-29 08:15:00,4028.455,4030.325,4026.395,4027.455,2558
2026-07-29 08:20:00,4027.475,4035.565,4026.81,4033.32,2913
2026-07-29 08:25:00,4033.335,4035.48,4031.115,4033.165,2468
2026-07-29 08:30:00,4033.145,4036.77,4030.67,4031.625,4146
2026-07-29 08:35:00,4031.615,4035.415,4031.255,4035.395,3424
2026-07-29 08:40:00,4035.4,4038.025,4034.61,4035.17,3080
2026-07-29 08:45:00,4035.16,4035.43,4032.365,4032.525,2336
2026-07-29 08:50:00,4032.515,4033.4,4029.28,4030.02,2872
2026-07-29 08:55:00,4030.03,4032.27,4029.415,4029.55,1951
2026-07-29 09:00:00,4029.54,4031.245,4028.33,4028.88,2509
2026-07-29 09:05:00,4028.885,4032.86,4028.575,4029.48,3698
2026-07-29 09:10:00,4029.465,4030.865,4027.525,4027.935,2509
2026-07-29 09:15:00,4027.945,4029.015,4026.385,4028.24,2372
2026-07-29 09:20:00,4028.235,4028.39,4026.045,4026.455,2165
2026-07-29 09:25:00,4026.435,4028.365,4025.645,4027.185,2310
2026-07-29 09:30:00,4027.175,4027.18,4024.685,4026.845,2136
2026-07-29 09:35:00,4026.84,4029.635,4026.385,4027.3,1683
2026-07-29 09:40:00,4027.31,4027.38,4025.275,4026.235,1657
2026-07-29 09:45:00,4026.235,4027.08,4025.705,4026.24,1296
2026-07-29 09:50:00,4026.24,4026.565,4024.195,4024.475,1335
2026-07-29 09:55:00,4024.48,4024.675,4023.31,4023.745,1365
2026-07-29 10:00:00,4023.74,4025.03,4021.775,4022.595,1561
2026-07-29 10:05:00,4022.625,4023.32,4021.425,4023.16,1441
2026-07-29 10:10:00,4023.145,4023.255,4021.325,4021.925,1830
2026-07-29 10:15:00,4021.955,4022.32,4020.665,4022.07,1455
2026-07-29 10:20:00,4022.08,4024.305,4021.705,4024.105,1592
2026-07-29 10:25:00,4024.085,4025.71,4023.01,4023.645,2050
2026-07-29 10:30:00,4023.615,4027.165,4023.485,4026.72,1922
2026-07-29 10:35:00,4026.715,4026.715,4024.725,4025.05,1801
2026-07-29 10:40:00,4025.045,4027.53,4024.945,4027.26,1861
2026-07-29 10:45:00,4027.29,4027.43,4023.695,4024.085,3352
2026-07-29 10:50:00,4023.955,4027.055,4023.955,4026.765,2226
2026-07-29 10:55:00,4026.76,4027.825,4026.195,4027.395,1543
2026-07-29 11:00:00,4027.415,4029.545,4026.775,4029.02,2077
2026-07-29 11:05:00,4029.06,4029.25,4027.04,4027.485,1723
2026-07-29 11:10:00,4027.435,4031.715,4026.895,4030.51,2236
2026-07-29 11:15:00,4030.47,4030.47,4027.515,4027.895,1711
2026-07-29 11:20:00,4027.855,4031.085,4027.09,4030.815,1483
2026-07-29 11:25:00,4030.81,4031.225,4029.84,4030.535,1800
2026-07-29 11:30:00,4030.53,4034.64,4030.025,4032.01,5050
2026-07-29 11:35:00,4032.02,4033.065,4029.79,4031.735,3316
2026-07-29 11:40:00,4031.73,4039.725,4031.25,4039.31,2947
2026-07-29 11:45:00,4039.33,4040.26,4033.81,4033.855,3585
2026-07-29 11:50:00,4033.85,4036.1,4033.385,4033.905,3674
2026-07-29 11:55:00,4033.9,4034.96,4031.7,4033.09,2970
2026-07-29 12:00:00,4033.08,4037.62,4033.06,4037.615,4222
2026-07-29 12:05:00,4037.61,4037.61,4034.815,4035.02,3352
2026-07-29 12:10:00,4035.04,4038.325,4034.485,4037.43,2794
2026-07-29 12:15:00,4037.405,4040.14,4037.295,4038.145,2910
2026-07-29 12:20:00,4038.125,4043.17,4035.97,4041.16,2300
2026-07-29 12:25:00,4041.175,4041.88,4040.49,4041.015,3040
2026-07-29 12:30:00,4041.035,4043.935,4040.835,4043.725,3272
2026-07-29 12:35:00,4043.72,4044.865,4042.13,4043.29,2908
2026-07-29 12:40:00,4043.295,4043.98,4041.57,4042.79,2299
2026-07-29 12:45:00,4042.77,4043.06,4039.85,4040.24,2156
2026-07-29 12:50:00,4040.23,4042.645,4039.98,4041.14,2854
2026-07-29 12:55:00,4041.16,4042.46,4040.725,4041.32,2515
2026-07-29 13:00:00,4041.345,4044.365,4041.185,4042.125,2777
2026-07-29 13:05:00,4042.13,4044.965,4041.895,4044.79,2099
2026-07-29 13:10:00,4044.8,4046.6,4044.71,4045.43,2029
2026-07-29 13:15:00,4045.47,4046.165,4044.3,4045.64,2181
2026-07-29 13:20:00,4045.665,4047.83,4045.5,4046.915,1920
2026-07-29 13:25:00,4046.92,4047.235,4044.675,4046.04,1892
2026-07-29 13:30:00,4046.08,4046.84,4044.855,4045.695,2208
2026-07-29 13:35:00,4045.71,4047.57,4045.71,4045.965,1976
2026-07-29 13:40:00,4045.975,4047.575,4045.785,4046.08,1703
2026-07-29 13:45:00,4046.05,4046.99,4044.315,4044.655,1642
2026-07-29 13:50:00,4044.645,4044.765,4042.855,4043.605,1628
2026-07-29 13:55:00,4043.59,4044.31,4042.72,4043.83,1441
2026-07-29 14:00:00,4043.78,4044.555,4042.76,4043.92,2344
2026-07-29 14:05:00,4043.925,4044,4040.715,4041.175,1740
2026-07-29 14:10:00,4041.17,4042.585,4039.175,4039.215,2093
2026-07-29 14:15:00,4039.195,4042.28,4039.18,4040.89,1543
2026-07-29 14:20:00,4040.87,4040.87,4037.405,4037.745,1833
2026-07-29 14:25:00,4037.755,4038.205,4035.78,4037.42,2156
2026-07-29 14:30:00,4037.415,4037.99,4035.805,4036.09,2698
2026-07-29 14:35:00,4036.105,4039.095,4036.015,4038.1,1574
2026-07-29 14:40:00,4038.08,4039.23,4037.74,4038.275,1442
2026-07-29 14:45:00,4038.275,4040.125,4037.565,4037.735,1395
2026-07-29 14:50:00,4037.715,4040.24,4037.18,4039.25,1902
2026-07-29 14:55:00,4039.255,4039.585,4037.17,4037.64,1498
2026-07-29 15:00:00,4037.645,4038.445,4036.41,4037.355,1924
2026-07-29 15:05:00,4037.36,4038,4036.005,4037.825,1613
2026-07-29 15:10:00,4037.81,4037.91,4035.53,4036.44,1632
2026-07-29 15:15:00,4036.435,4037.83,4036.11,4037.095,1462
2026-07-29 15:20:00,4037.055,4037.105,4033.81,4034.805,1574
2026-07-29 15:25:00,4034.805,4034.85,4033.485,4033.8,1419
2026-07-29 15:30:00,4033.805,4034.755,4031.375,4034.015,2250
2026-07-29 15:35:00,4034.005,4035.03,4032.71,4032.945,1475
2026-07-29 15:40:00,4032.94,4035.025,4032.465,4034.445,1625
2026-07-29 15:45:00,4034.44,4035.825,4034.21,4035.75,1306
2026-07-29 15:50:00,4035.74,4036.41,4034.95,4035.435,1204
2026-07-29 15:55:00,4035.39,4035.41,4032.09,4032.835,1976
2026-07-29 16:00:00,4032.825,4033.975,4032.1,4033.175,1700
2026-07-29 16:05:00,4033.17,4034.175,4031.235,4032.86,2590
2026-07-29 16:10:00,4032.865,4033.59,4030.94,4031.975,2238
2026-07-29 16:15:00,4031.97,4032.495,4030.385,4032.31,1913
2026-07-29 16:20:00,4032.315,4032.87,4031.175,4031.495,1205
2026-07-29 16:25:00,4031.48,4033.485,4030.215,4033.18,1419
2026-07-29 16:30:00,4033.175,4034.48,4032.14,4032.19,1475
2026-07-29 16:35:00,4032.165,4032.645,4029.02,4029.27,1672
2026-07-29 16:40:00,4029.29,4029.675,4026.41,4027.5,1785
2026-07-29 16:45:00,4027.505,4028.025,4026.53,4027.765,1365
2026-07-29 16:50:00,4027.75,4028.755,4026.095,4026.94,1279
2026-07-29 16:55:00,4026.93,4027.73,4026.135,4027.53,1155
2026-07-29 17:00:00,4027.59,4029.54,4027.13,4028.025,1842
2026-07-29 17:05:00,4028.025,4028.325,4025.095,4026.14,1815
2026-07-29 17:10:00,4026.125,4029.745,4026.12,4029.745,1407
2026-07-29 17:15:00,4029.77,4032.85,4028.49,4032.685,1723
2026-07-29 17:20:00,4032.685,4033.26,4031.925,4032.51,1482
2026-07-29 17:25:00,4032.505,4033.595,4031.87,4032.845,1330
2026-07-29 17:30:00,4032.855,4033.03,4031.4,4031.84,1190
2026-07-29 17:35:00,4031.825,4032.21,4030.215,4031.88,1211
2026-07-29 17:40:00,4031.88,4032.285,4030.64,4030.995,1335
2026-07-29 17:45:00,4030.98,4036.255,4030.59,4034.67,2334
2026-07-29 17:50:00,4034.665,4034.915,4031.985,4032.275,2112
2026-07-29 17:55:00,4032.255,4032.83,4031.255,4032.8,1524
2026-07-29 18:00:00,4032.81,4033.545,4030.5,4030.65,1843
2026-07-29 18:05:00,4030.64,4031.39,4028.755,4030.02,2075
2026-07-29 18:10:00,4030.01,4031.08,4026.2,4027.11,1856
2026-07-29 18:15:00,4027.13,4027.59,4019.055,4019.085,6882
2026-07-29 18:20:00,4019.12,4020.38,4014.385,4015.9,6238
2026-07-29 18:25:00,4015.895,4017.545,4012.68,4013.275,4595
2026-07-29 18:30:00,4013.255,4018.795,4009.38,4018.49,4425
2026-07-29 18:35:00,4018.475,4022.63,4017.11,4021.615,3190
2026-07-29 18:40:00,4021.645,4022.04,4017.465,4021.145,2885
2026-07-29 18:45:00,4021.14,4023.265,4019.58,4020.34,2452
2026-07-29 18:50:00,4020.33,4022.425,4019.01,4021.875,2467
2026-07-29 18:55:00,4021.87,4023.75,4021.1,4022.77,2459
2026-07-29 19:00:00,4022.765,4026.455,4018.785,4018.9,5164
2026-07-29 19:05:00,4018.91,4019.335,4015.48,4016.205,3477
2026-07-29 19:10:00,4016.225,4018.98,4015.135,4015.85,3021
2026-07-29 19:15:00,4015.84,4018.69,4014.22,4017.23,3438
2026-07-29 19:20:00,4017.225,4023.385,4015.785,4020.485,3753
2026-07-29 19:25:00,4020.455,4023.065,4013.735,4014.555,3742
2026-07-29 19:30:00,4014.565,4017.895,4010.17,4017.35,8143
2026-07-29 19:35:00,4017.34,4018.05,4014.2,4016.34,6267
2026-07-29 19:40:00,4016.35,4016.395,4012.965,4013.745,7265
2026-07-29 19:45:00,4013.735,4016.125,4011.165,4015.235,6724
2026-07-29 19:50:00,4015.2,4015.275,4006.745,4009.195,6233
2026-07-29 19:55:00,4009.18,4009.185,4002.645,4007.41,6694
2026-07-29 20:00:00,4007.31,4008.72,4001.325,4006.03,7631
2026-07-29 20:05:00,4006.08,4006.815,3999,3999.685,6177
2026-07-29 20:10:00,3999.675,4001.395,3996.075,3999.43,5786
2026-07-29 20:15:00,3999.425,4009.22,3999.045,4007.76,6353
2026-07-29 20:20:00,4007.75,4010.25,4006.615,4009.825,6113
2026-07-29 20:25:00,4009.835,4009.92,4003.59,4005.52,5690
2026-07-29 20:30:00,4005.535,4009.345,4004.08,4008.03,5191
2026-07-29 20:35:00,4008.005,4008.47,4003.23,4004.59,4951
2026-07-29 20:40:00,4004.575,4006.69,3999.085,4001.285,4758
2026-07-29 20:45:00,4001.28,4002.745,3998.42,4001.705,5765
2026-07-29 20:50:00,4001.695,4005.855,4000.495,4005.475,5599
2026-07-29 20:55:00,4005.47,4005.94,4002.475,4004.94,5399
2026-07-29 21:00:00,4004.965,4008.955,4003.32,4008.44,5312
2026-07-29 21:05:00,4008.435,4009.94,4006.595,4009.86,4986
2026-07-29 21:10:00,4009.865,4009.87,4005.83,4006.915,4615
2026-07-29 21:15:00,4006.92,4008.665,4005.125,4005.16,4226
2026-07-29 21:20:00,4005.165,4010.375,4003.775,4010.105,4261
2026-07-29 21:25:00,4010.095,4011.325,4008.105,4010.555,3738
2026-07-29 21:30:00,4010.64,4013.61,4009.77,4010.325,4019
2026-07-29 21:35:00,4010.34,4012.47,4008.09,4008.82,3878
2026-07-29 21:40:00,4008.825,4010.64,4007.135,4010.625,3153
2026-07-29 21:45:00,4010.62,4012.89,4009.52,4012.7,3279
2026-07-29 21:50:00,4012.69,4013.875,4010.88,4011.695,3049
2026-07-29 21:55:00,4011.705,4012.025,4008.34,4009.855,3361
2026-07-29 22:00:00,4009.91,4011.82,4007.695,4009.57,3547
2026-07-29 22:05:00,4009.64,4015.665,4008.785,4014.915,3180
2026-07-29 22:10:00,4014.905,4015.73,4009.615,4009.655,2828
2026-07-29 22:15:00,4009.675,4011.67,4007.94,4011.41,2097
2026-07-29 22:20:00,4011.435,4017.62,4011.04,4015.14,3433
2026-07-29 22:25:00,4015.155,4017.24,4015.095,4016.63,2632
2026-07-29 22:30:00,4016.61,4019.165,4015.01,4017.135,2918
2026-07-29 22:35:00,4017.13,4018.27,4015.12,4016.895,2587
2026-07-29 22:40:00,4016.9,4017.745,4015.9,4017.11,2552
2026-07-29 22:45:00,4017.085,4018.125,4015.31,4017.87,2598
2026-07-29 22:50:00,4017.875,4025.77,4017.745,4025.715,3131
2026-07-29 22:55:00,4025.72,4032.86,4025.14,4027.34,6729
2026-07-29 23:00:00,4027.33,4037.705,4027.325,4036.99,5299
2026-07-29 23:05:00,4037,4041.345,4035.215,4038.76,4664
2026-07-29 23:10:00,4038.77,4050.65,4037.655,4042.155,5450
2026-07-29 23:15:00,4042.2,4048.005,4040.89,4045.26,5191
2026-07-29 23:20:00,4045.235,4050.7,4044.71,4047.43,6475
2026-07-29 23:25:00,4047.405,4048.275,4037.435,4039.23,5869
2026-07-29 23:30:00,4039.235,4041.995,4037.795,4038.785,5098
2026-07-29 23:35:00,4038.825,4041.7,4036.345,4041.46,4499
2026-07-29 23:40:00,4041.45,4047.48,4040.805,4045.78,4909
2026-07-29 23:45:00,4045.785,4048.1,4044.885,4047.47,4210
2026-07-29 23:50:00,4047.485,4047.515,4044.63,4044.87,3436
2026-07-29 23:55:00,4044.91,4045.03,4041.47,4044.145,2217
2026-07-30 00:00:00,4044.235,4085.885,4042.745,4066.71,11491
2026-07-30 00:05:00,4066.665,4083.185,4066.23,4076.375,10350
2026-07-30 00:10:00,4076.385,4086.275,4072.025,4081.015,8245
2026-07-30 00:15:00,4081.055,4083.915,4071.355,4072.005,7748
2026-07-30 00:20:00,4071.955,4073.41,4066.505,4066.565,6818
2026-07-30 00:25:00,4066.555,4068.43,4063.955,4067.85,6345
2026-07-30 00:30:00,4067.845,4072.975,4052.205,4060.145,9692
2026-07-30 00:35:00,4060.17,4073.145,4053.76,4071.275,7733
2026-07-30 00:40:00,4071.3,4086.955,4069.945,4083.45,9525
2026-07-30 00:45:00,4083.455,4101.08,4082.21,4099.63,9933
2026-07-30 00:50:00,4099.65,4109.955,4092.94,4105.03,8822
2026-07-30 00:55:00,4104.985,4109.575,4101.365,4106.965,8743
2026-07-30 01:00:00,4106.95,4116.64,4101.93,4103.385,9635
2026-07-30 01:05:00,4103.415,4105.83,4093.78,4096.915,9187
2026-07-30 01:10:00,4096.91,4102.31,4090.09,4099.695,8691
2026-07-30 01:15:00,4099.705,4104.685,4097.61,4098.595,7677
2026-07-30 01:20:00,4098.615,4099.8,4085.255,4087.365,9498
2026-07-30 01:25:00,4087.335,4087.93,4081.045,4084.215,10081
2026-07-30 01:30:00,4084.205,4088.585,4067.055,4073.425,9235
2026-07-30 01:35:00,4073.445,4075.955,4066.215,4068.945,9095
2026-07-30 01:40:00,4068.905,4073.415,4065.305,4069.48,9051
2026-07-30 01:45:00,4069.46,4072.17,4066.105,4071.65,8980
2026-07-30 01:50:00,4071.645,4071.645,4061.365,4061.82,8958
2026-07-30 01:55:00,4061.84,4061.92,4044.425,4044.905,8705
2026-07-30 02:00:00,4044.9,4053.005,4042.95,4052.835,8038
2026-07-30 02:05:00,4052.825,4053.85,4049.315,4053.015,5262
2026-07-30 02:10:00,4052.97,4056.17,4049.285,4052.07,5264
2026-07-30 02:15:00,4052.12,4052.215,4047.755,4049.375,3929
2026-07-30 02:20:00,4049.35,4050.85,4043.965,4049.075,3748
2026-07-30 02:25:00,4049.1,4057.565,4048.32,4055.71,3173
2026-07-30 02:30:00,4055.685,4059.98,4053.985,4059.52,2413
2026-07-30 02:35:00,4059.53,4063.795,4058.4,4063.635,1976
2026-07-30 02:40:00,4063.645,4069.43,4063.375,4067.155,2110
2026-07-30 02:45:00,4067.165,4070.065,4065.56,4066.135,2761
2026-07-30 02:50:00,4066.14,4066.585,4063.425,4065.61,2701
2026-07-30 02:55:00,4065.69,4068.48,4065.1,4067.98,1941
2026-07-30 04:00:00,4067.88,4076.115,4063.5,4074.255,2027
2026-07-30 04:05:00,4074.27,4074.745,4064.66,4069.68,2801
2026-07-30 04:10:00,4069.775,4077.91,4069.7,4076.45,1444
2026-07-30 04:15:00,4076.425,4077.65,4073.9,4074.86,1819
2026-07-30 04:20:00,4074.865,4075.365,4073.095,4075.055,1537
2026-07-30 04:25:00,4075.065,4075.28,4072.65,4075.015,1675
2026-07-30 04:30:00,4075,4076.18,4073,4075.685,1864
2026-07-30 04:35:00,4075.67,4079.02,4075.525,4076.04,1355
2026-07-30 04:40:00,4075.995,4081.5,4075.665,4081.46,1230
2026-07-30 04:45:00,4081.53,4085.66,4079.825,4084.925,1360
2026-07-30 04:50:00,4084.915,4086.005,4083.75,4085.1,1030
2026-07-30 04:55:00,4085.085,4090.705,4084.925,4088.7,1942
2026-07-30 05:00:00,4088.69,4095.69,4088.465,4095.41,2364
2026-07-30 05:05:00,4095.415,4100.535,4094.38,4096.48,2205
2026-07-30 05:10:00,4096.55,4097.09,4090.625,4091.79,2146
2026-07-30 05:15:00,4091.78,4094.525,4090.505,4093.575,1611
2026-07-30 05:20:00,4093.555,4095.035,4092.03,4092.245,1584
2026-07-30 05:25:00,4092.185,4094.79,4090.885,4093.705,1423
2026-07-30 05:30:00,4093.75,4094.245,4090.905,4092.975,1493
2026-07-30 05:35:00,4092.985,4094.72,4092.15,4092.315,1153
2026-07-30 05:40:00,4092.385,4092.48,4089.35,4090.35,2552
2026-07-30 05:45:00,4090.405,4093.215,4088.84,4090.99,4857
2026-07-30 05:50:00,4091.03,4092.87,4086.45,4087.315,5513
2026-07-30 05:55:00,4087.355,4088.535,4084.56,4084.73,4296
2026-07-30 06:00:00,4084.755,4086.745,4079.905,4080.84,5916
2026-07-30 06:05:00,4080.905,4085.515,4080.46,4082.59,5358
2026-07-30 06:10:00,4082.585,4083.205,4079.215,4081.54,5294
2026-07-30 06:15:00,4081.53,4083.825,4077.485,4077.595,5714
2026-07-30 06:20:00,4077.605,4080.85,4075.52,4080.66,5180
2026-07-30 06:25:00,4080.715,4080.86,4072.89,4075.385,5503
2026-07-30 06:30:00,4075.425,4077.025,4071.79,4072.275,4480
2026-07-30 06:35:00,4072.265,4073.44,4068.345,4069.545,3959
2026-07-30 06:40:00,4069.53,4071.235,4065.15,4066.215,3954
2026-07-30 06:45:00,4066.22,4068.29,4065.05,4067.005,4288
2026-07-30 06:50:00,4067,4068.085,4065.33,4067.885,3271
2026-07-30 06:55:00,4067.895,4073.085,4066.925,4072.345,3212
2026-07-30 07:00:00,4072.28,4089.89,4070.295,4089.38,6849
2026-07-30 07:05:00,4089.405,4093.03,4086.365,4086.365,6124
2026-07-30 07:10:00,4086.42,4088.13,4074.965,4075.47,6123
2026-07-30 07:15:00,4075.5,4078.77,4073.32,4075.265,5829
2026-07-30 07:20:00,4075.26,4081.555,4073.92,4080.71,6536
2026-07-30 07:25:00,4080.715,4084.805,4080.28,4081.355,5222
2026-07-30 07:30:00,4081.35,4086.67,4080.695,4086.01,4992
2026-07-30 07:35:00,4085.995,4088.195,4084.45,4087.125,4995
2026-07-30 07:40:00,4087.05,4089.905,4086.54,4086.805,3938
2026-07-30 07:45:00,4086.82,4089.965,4083.925,4088.825,3781
2026-07-30 07:50:00,4088.74,4090.375,4086.955,4088.43,3788
2026-07-30 07:55:00,4088.415,4091.11,4084.25,4084.71,3462
2026-07-30 08:00:00,4084.74,4090.565,4084.49,4089.68,3825
2026-07-30 08:05:00,4089.695,4090.195,4087.335,4088.29,3035
2026-07-30 08:10:00,4088.275,4088.55,4082.445,4082.695,3075
2026-07-30 08:15:00,4082.635,4082.905,4079.955,4082.355,3074
2026-07-30 08:20:00,4082.35,4083.86,4080.81,4083.04,2750
2026-07-30 08:25:00,4083.065,4083.725,4080.32,4082.72,2496
2026-07-30 08:30:00,4082.725,4082.86,4075.51,4076.54,5414
2026-07-30 08:35:00,4076.515,4078.455,4074.665,4076.6,4162
2026-07-30 08:40:00,4076.61,4078.96,4073.675,4076.965,4218
2026-07-30 08:45:00,4076.99,4077.195,4073.51,4074.625,4028
2026-07-30 08:50:00,4074.6,4074.865,4070.095,4071.045,3261
2026-07-30 08:55:00,4071.055,4071.655,4063.57,4063.775,3509
2026-07-30 09:00:00,4063.77,4069.87,4062.65,4069.62,4487
2026-07-30 09:05:00,4069.57,4070.165,4064.2,4064.59,3384
2026-07-30 09:10:00,4064.595,4065.5,4060.63,4063.04,3543
2026-07-30 09:15:00,4063.06,4064.05,4056.535,4057.88,3425
2026-07-30 09:20:00,4057.865,4058.69,4055.46,4056.83,3878
2026-07-30 09:25:00,4056.735,4057.72,4052.66,4053.98,4161
2026-07-30 09:30:00,4053.97,4055.43,4051.68,4053.945,3949
2026-07-30 09:35:00,4053.925,4056.02,4050.915,4051.5,3310
2026-07-30 09:40:00,4051.505,4053.95,4051.39,4052.61,2615
2026-07-30 09:45:00,4052.605,4058.56,4052.365,4058.115,2891
2026-07-30 09:50:00,4058.11,4059.725,4057.47,4058.445,2252
2026-07-30 09:55:00,4058.445,4059.85,4056.78,4058.985,2535
2026-07-30 10:00:00,4058.97,4060.44,4055.695,4056.67,3352
2026-07-30 10:05:00,4056.69,4057.085,4054.68,4056.15,2026
2026-07-30 10:10:00,4056.16,4056.73,4052.885,4053.395,2017
2026-07-30 10:15:00,4053.38,4054.915,4052.11,4052.235,1819
2026-07-30 10:20:00,4052.255,4053.92,4051.14,4052.645,2148
2026-07-30 10:25:00,4052.635,4055.375,4052.475,4054.145,2283
2026-07-30 10:30:00,4054.13,4054.16,4051.7,4051.84,1970
2026-07-30 10:35:00,4051.835,4052.405,4049.32,4049.99,1970
2026-07-30 10:40:00,4050.015,4050.49,4047.825,4048.805,2390
2026-07-30 10:45:00,4048.8,4052.105,4046.27,4046.93,2467
2026-07-30 10:50:00,4046.93,4048.525,4046.075,4047.685,2456
2026-07-30 10:55:00,4047.68,4048.05,4044.43,4046.055,2700
2026-07-30 11:00:00,4046.05,4046.205,4041.755,4044.87,3374
2026-07-30 11:05:00,4044.885,4045.615,4041.95,4045.235,3217
2026-07-30 11:10:00,4045.225,4045.965,4043.9,4045.96,2639
2026-07-30 11:15:00,4045.955,4046.41,4037.655,4042.045,3576
2026-07-30 11:20:00,4042.055,4044.54,4041.37,4044.115,2760
2026-07-30 11:25:00,4044.1,4047.44,4042.945,4046.955,2666
2026-07-30 11:30:00,4046.985,4051.44,4045.285,4048.07,6419
2026-07-30 11:35:00,4048.085,4048.095,4028.435,4031.56,6078
2026-07-30 11:40:00,4031.57,4037.125,4029.825,4033.365,5377
2026-07-30 11:45:00,4033.38,4038.735,4030.665,4032.16,5093
2026-07-30 11:50:00,4032.14,4035.38,4030.395,4033.355,4157
2026-07-30 11:55:00,4033.33,4036.31,4030.16,4033.82,4524
2026-07-30 12:00:00,4033.815,4038.435,4033.695,4038.3,6096
2026-07-30 12:05:00,4038.305,4039.585,4035.015,4035.895,5530
2026-07-30 12:10:00,4035.89,4037.15,4031.365,4032.4,5187
2026-07-30 12:15:00,4032.39,4034.36,4030.905,4033.835,4746
2026-07-30 12:20:00,4033.825,4039.435,4033.335,4037.48,5383
2026-07-30 12:25:00,4037.475,4037.625,4029.45,4033.21,5200
2026-07-30 12:30:00,4033.215,4036.755,4031.165,4035.495,4492
2026-07-30 12:35:00,4035.5,4037.315,4034.185,4037.125,3698
2026-07-30 12:40:00,4037.14,4038.325,4034.32,4035.84,3576
2026-07-30 12:45:00,4035.845,4037.85,4034.075,4036.49,4035
2026-07-30 12:50:00,4036.48,4040.635,4036.015,4038.725,3844
2026-07-30 12:55:00,4038.735,4038.95,4035.235,4036.76,2851
2026-07-30 13:00:00,4036.675,4048.075,4035.48,4044.845,6862
2026-07-30 13:05:00,4044.85,4045.64,4042.62,4045.62,4544
2026-07-30 13:10:00,4045.645,4047.79,4044.07,4046.9,4714
2026-07-30 13:15:00,4046.9,4051.475,4046.64,4049.795,4050
2026-07-30 13:20:00,4049.79,4050.395,4044.61,4048.18,3595
2026-07-30 13:25:00,4048.19,4048.215,4043.09,4045.94,3620
2026-07-30 13:30:00,4045.945,4046.255,4040.175,4041.285,3372
2026-07-30 13:35:00,4041.285,4042.31,4036.195,4040.6,3498
2026-07-30 13:40:00,4040.625,4047.34,4040.54,4045.97,3685
2026-07-30 13:45:00,4045.96,4046.68,4041.715,4041.92,4168
2026-07-30 13:50:00,4041.915,4045.58,4040.325,4040.965,3821
2026-07-30 13:55:00,4040.96,4041.19,4038.28,4038.985,3331
2026-07-30 14:00:00,4038.965,4045.935,4036.78,4045.935,5355
2026-07-30 14:05:00,4045.945,4053.705,4045.085,4050.395,5411
2026-07-30 14:10:00,4050.41,4056.15,4049.49,4053.335,4506
2026-07-30 14:15:00,4053.33,4057.015,4052.255,4056.925,4473
2026-07-30 14:20:00,4056.94,4064.12,4055.795,4060.325,4098
2026-07-30 14:25:00,4060.315,4068.55,4060.08,4064.515,4774
2026-07-30 14:30:00,4064.54,4073.005,4063.59,4068.19,5781
2026-07-30 14:35:00,4068.185,4071.85,4064.57,4064.615,4217
2026-07-30 14:40:00,4064.605,4066.855,4063.115,4065.915,4112
2026-07-30 14:45:00,4065.925,4071.055,4063.65,4063.975,3829
2026-07-30 14:50:00,4063.97,4064.535,4059.79,4060.355,2968
2026-07-30 14:55:00,4060.35,4062.085,4059.54,4061.535,2710
2026-07-30 15:00:00,4061.51,4067.535,4060.43,4066.52,3412
2026-07-30 15:05:00,4066.53,4069.32,4065.74,4067.58,3575
2026-07-30 15:10:00,4067.57,4069.115,4065.04,4066.035,3068
2026-07-30 15:15:00,4066.055,4067.715,4064.575,4066.835,4003
2026-07-30 15:20:00,4066.84,4072.28,4066.665,4070.24,4004
2026-07-30 15:25:00,4070.22,4072.49,4067.245,4067.625,3041
2026-07-30 15:30:00,4067.595,4068.315,4060.73,4066.325,3856
2026-07-30 15:35:00,4066.335,4069.3,4065.14,4065.33,3980
2026-07-30 15:40:00,4065.335,4066.11,4064.48,4065.615,3158
2026-07-30 15:45:00,4065.63,4069.56,4063.875,4069.355,2443
2026-07-30 15:50:00,4069.36,4073.2,4066.89,4066.995,3334
2026-07-30 15:55:00,4066.97,4067.27,4062.41,4063.485,2358
2026-07-30 16:00:00,4063.48,4068.225,4063.105,4065.005,4008
2026-07-30 16:05:00,4065.01,4072.32,4064.605,4071.285,3194
2026-07-30 16:10:00,4071.295,4074.85,4064.275,4068.445,5343
2026-07-30 16:15:00,4068.455,4077.61,4067.69,4075.65,4780
2026-07-30 16:20:00,4075.665,4077.625,4074.295,4076.325,3519
2026-07-30 16:25:00,4076.365,4077.68,4075.375,4076.46,3443
2026-07-30 16:30:00,4076.48,4079.27,4075.3,4077.545,3675
2026-07-30 16:35:00,4077.55,4081.56,4076.8,4077.345,3535
2026-07-30 16:40:00,4077.34,4082.81,4077.025,4081.325,5091
2026-07-30 16:45:00,4081.33,4083.11,4079.77,4080.02,3706
2026-07-30 16:50:00,4080.01,4081.945,4078.085,4079.26,3753
2026-07-30 16:55:00,4079.265,4080.19,4078.12,4078.12,2410
2026-07-30 17:00:00,4078.115,4081.155,4077.71,4079.03,4020
2026-07-30 17:05:00,4079.025,4082.775,4078.915,4082.01,3543
2026-07-30 17:10:00,4082.03,4082.91,4078.745,4079.75,2977
2026-07-30 17:15:00,4079.745,4082.085,4077.985,4078.02,3104
2026-07-30 17:20:00,4078.03,4081.695,4076.79,4081.49,2829
2026-07-30 17:25:00,4081.51,4081.82,4076.665,4077.82,2675
2026-07-30 17:30:00,4078.01,4078.9,4076.385,4077.33,3814
2026-07-30 17:35:00,4077.35,4079.5,4077.015,4077.83,2717
2026-07-30 17:40:00,4077.815,4079.545,4077.03,4077.5,2525
2026-07-30 17:45:00,4077.525,4077.905,4075.735,4076.635,2281
2026-07-30 17:50:00,4076.645,4080.8,4076.41,4080.425,2950
2026-07-30 17:55:00,4080.39,4080.485,4076.71,4077.835,2479
2026-07-30 18:00:00,4077.87,4079.635,4074.74,4078.32,3362
2026-07-30 18:05:00,4078.33,4082.63,4078.33,4081.765,3162
2026-07-30 18:10:00,4081.79,4081.93,4074.94,4078.86,3733
2026-07-30 18:15:00,4078.87,4078.99,4072.98,4075.165,3251
2026-07-30 18:20:00,4075.075,4076.49,4071.685,4076.425,4263
2026-07-30 18:25:00,4076.395,4081.58,4076.345,4077.55,3419
2026-07-30 18:30:00,4077.515,4086.83,4071.8,4073.625,5996
2026-07-30 18:35:00,4073.615,4078.32,4072.005,4078.01,6231
2026-07-30 18:40:00,4078.025,4081.93,4074.025,4077.3,6494
2026-07-30 18:45:00,4077.29,4079.625,4073.255,4075.475,5704
2026-07-30 18:50:00,4075.48,4077.065,4067.235,4070.065,6100
2026-07-30 18:55:00,4070.04,4073.885,4068.405,4069.075,5238
2026-07-30 19:00:00,4069.07,4074.09,4065.22,4068.255,7594
2026-07-30 19:05:00,4068.285,4076.64,4066.74,4073.62,6553
2026-07-30 19:10:00,4073.6,4076.78,4069.95,4076.76,5611
2026-07-30 19:15:00,4076.745,4077.43,4072.965,4073.25,5010
2026-07-30 19:20:00,4073.26,4084.085,4072.15,4082.215,5448
2026-07-30 19:25:00,4082.22,4082.935,4074.3,4080.145,5593
2026-07-30 19:30:00,4080.035,4081.97,4075.5,4075.825,9028
2026-07-30 19:35:00,4075.845,4098.765,4074.945,4091.405,11407
2026-07-30 19:40:00,4091.43,4096.465,4085.185,4089.045,11067
2026-07-30 19:45:00,4089.065,4101.635,4085.655,4094.93,9977
2026-07-30 19:50:00,4094.94,4103.085,4093.38,4102.475,9651
2026-07-30 19:55:00,4102.46,4112.885,4101.175,4112.425,8870
2026-07-30 20:00:00,4112.44,4120.235,4106.53,4107.645,11122
2026-07-30 20:05:00,4107.695,4109.82,4094.1,4099.09,9804
2026-07-30 20:10:00,4099.07,4102.52,4096.525,4098.26,8311
2026-07-30 20:15:00,4098.32,4100.26,4090.455,4090.96,9118
2026-07-30 20:20:00,4090.975,4098.6,4087.145,4089.705,8284
2026-07-30 20:25:00,4089.7,4096.28,4087.265,4096.195,7514
2026-07-30 20:30:00,4096.25,4102.95,4094.865,4100.325,7201
2026-07-30 20:35:00,4100.335,4106.145,4100.135,4106.1,6755
2026-07-30 20:40:00,4106.095,4111.4,4104.21,4110.795,6609
2026-07-30 20:45:00,4110.8,4113.155,4102.035,4104.56,6555
2026-07-30 20:50:00,4104.455,4104.87,4098.655,4099.82,6891
2026-07-30 20:55:00,4099.815,4100.975,4096.605,4100.165,6967
2026-07-30 21:00:00,4100.175,4100.355,4096.485,4097.49,7869
2026-07-30 21:05:00,4097.475,4098.595,4089.925,4090.905,8047
2026-07-30 21:10:00,4090.925,4090.935,4083.25,4085.645,7734
2026-07-30 21:15:00,4085.64,4096.915,4084.87,4095.91,7462
2026-07-30 21:20:00,4095.93,4097.275,4092.22,4094.09,6288
2026-07-30 21:25:00,4094.095,4096.84,4092.075,4096.085,5192
2026-07-30 21:30:00,4096.08,4100.21,4092.71,4099.475,6377
2026-07-30 21:35:00,4099.5,4100.92,4097.95,4099.1,4236
2026-07-30 21:40:00,4099.165,4106.955,4098.915,4105.425,4884
2026-07-30 21:45:00,4105.435,4106.92,4103.635,4106.17,4418
2026-07-30 21:50:00,4106.15,4108.15,4104.76,4107.295,4468
2026-07-30 21:55:00,4107.305,4110.205,4107.035,4108.22,3928
2026-07-30 22:00:00,4108.185,4115.955,4107.845,4114.86,4722
2026-07-30 22:05:00,4114.875,4115.215,4111.21,4111.385,3689
2026-07-30 22:10:00,4111.37,4115.935,4109.24,4114.25,3343
2026-07-30 22:15:00,4114.23,4116.135,4113.93,4114.09,3187
2026-07-30 22:20:00,4114.075,4119.27,4113.735,4118.965,3676
2026-07-30 22:25:00,4118.945,4119.04,4115.635,4116.08,2855
2026-07-30 22:30:00,4116.075,4116.51,4112.77,4113.255,3599
2026-07-30 22:35:00,4113.26,4114.96,4110.24,4110.83,3018
2026-07-30 22:40:00,4110.84,4112.16,4108.355,4108.64,2898
2026-07-30 22:45:00,4108.665,4109.76,4107.25,4109.57,2661
2026-07-30 22:50:00,4109.6,4110.205,4106.69,4107.98,2272
2026-07-30 22:55:00,4107.995,4110.88,4107.565,4110.88,2467
2026-07-30 23:00:00,4110.865,4111.32,4106.895,4107.645,3171
2026-07-30 23:05:00,4107.675,4108.855,4106.695,4107.63,2208
2026-07-30 23:10:00,4107.62,4108.76,4104.9,4105.01,2622
2026-07-30 23:15:00,4104.985,4106.975,4103.975,4106.495,2597
2026-07-30 23:20:00,4106.5,4108.31,4104.685,4108.05,2351
2026-07-30 23:25:00,4108.035,4108.12,4098.63,4101.73,3488
2026-07-30 23:30:00,4101.72,4102.595,4100.235,4100.87,2639
2026-07-30 23:35:00,4100.875,4108.265,4100,4102.905,4944
2026-07-30 23:40:00,4102.89,4106.775,4102.63,4106.085,3915
2026-07-30 23:45:00,4106.11,4108.64,4104.195,4104.215,2676
2026-07-30 23:50:00,4104.2,4104.705,4102.78,4103.26,2761
2026-07-30 23:55:00,4103.27,4103.74,4101.255,4102.725,2591
2026-07-31 00:00:00,4102.73,4106.005,4102.665,4105.73,2938
2026-07-31 00:05:00,4105.71,4106.855,4104.575,4106.4,2611
2026-07-31 00:10:00,4106.405,4106.855,4105.035,4106.63,2477
2026-07-31 00:15:00,4106.625,4106.86,4103.86,4104.155,2585
2026-07-31 00:20:00,4104.175,4105.57,4101.54,4102.245,2141
2026-07-31 00:25:00,4102.25,4103.77,4100.835,4103.61,2190
2026-07-31 00:30:00,4103.54,4107.89,4103.07,4106.585,2263
2026-07-31 00:35:00,4106.575,4106.63,4104.55,4104.785,2362
2026-07-31 00:40:00,4104.78,4105.96,4104.05,4105.005,1939
2026-07-31 00:45:00,4105,4105.39,4100.54,4100.905,2066
2026-07-31 00:50:00,4100.925,4101.52,4098.87,4099.035,2565
2026-07-31 00:55:00,4099.025,4100.31,4098.86,4099.815,1408
2026-07-31 01:00:00,4099.75,4103.61,4098.86,4103.61,1919
2026-07-31 01:05:00,4103.635,4105.45,4102.765,4105.37,1764
2026-07-31 01:10:00,4105.35,4105.76,4103.095,4104.75,2282
2026-07-31 01:15:00,4104.745,4113.12,4103.005,4110.77,3226
2026-07-31 01:20:00,4110.755,4111.775,4109.585,4111.345,1740
2026-07-31 01:25:00,4111.325,4114.975,4110.76,4112.945,2200
2026-07-31 01:30:00,4112.95,4114.655,4112.475,4114.655,2166
2026-07-31 01:35:00,4114.585,4115.51,4112.29,4112.91,1752
2026-07-31 01:40:00,4112.93,4114.19,4111.675,4112.355,2001
2026-07-31 01:45:00,4112.345,4113.285,4111.25,4112.49,2197
2026-07-31 01:50:00,4112.495,4113.055,4109.62,4109.65,2831
2026-07-31 01:55:00,4109.655,4112.88,4109.31,4112.12,3754
2026-07-31 02:00:00,4112.13,4117.505,4110.115,4117.455,3994
2026-07-31 02:05:00,4117.445,4117.45,4113.81,4114.5,1826
2026-07-31 02:10:00,4114.505,4115.605,4113.115,4114.065,1464
2026-07-31 02:15:00,4114.095,4115.015,4112.37,4113.68,1602
2026-07-31 02:20:00,4113.66,4114.18,4112.665,4113.385,1090
2026-07-31 02:25:00,4113.41,4114.25,4111.67,4112,1152
2026-07-31 02:30:00,4112.015,4112.625,4107.77,4109.25,2396
2026-07-31 02:35:00,4109.255,4109.255,4106.315,4106.89,1660
2026-07-31 02:40:00,4106.875,4107.38,4102.4,4102.88,1718
2026-07-31 02:45:00,4102.83,4103.74,4100.005,4100.105,1596
2026-07-31 02:50:00,4100.135,4102.77,4099.305,4101.62,1550
2026-07-31 02:55:00,4101.585,4103.935,4101.04,4103.36,1141
2026-07-31 04:00:00,4103.36,4106.895,4101.83,4103.345,1676
2026-07-31 04:05:00,4103.35,4105.895,4102.56,4105.66,848
2026-07-31 04:10:00,4105.645,4107.97,4105.205,4106.905,1226
2026-07-31 04:15:00,4106.855,4108.58,4106.38,4108.3,1277
2026-07-31 04:20:00,4108.29,4108.315,4107.44,4107.695,967
2026-07-31 04:25:00,4107.7,4108.575,4106.995,4107.855,664
2026-07-31 04:30:00,4107.855,4108.435,4107.135,4108.125,1011
2026-07-31 04:35:00,4108.125,4110.63,4107.99,4110.165,1085
2026-07-31 04:40:00,4110.105,4110.54,4109.56,4110.51,752
2026-07-31 04:45:00,4110.47,4111.13,4109.13,4110.875,948
2026-07-31 04:50:00,4110.875,4111.395,4110.28,4111.095,849
2026-07-31 04:55:00,4111.11,4111.21,4109.175,4109.29,708
2026-07-31 05:00:00,4109.27,4111.42,4109.26,4110.81,1169
2026-07-31 05:05:00,4110.8,4111.85,4109.09,4109.68,915
2026-07-31 05:10:00,4109.665,4109.695,4106.65,4107.445,1017
2026-07-31 05:15:00,4107.465,4107.54,4106.09,4106.635,866
2026-07-31 05:20:00,4106.63,4107.185,4104.665,4106.17,1137
2026-07-31 05:25:00,4106.16,4106.765,4104.015,4104.255,949
2026-07-31 05:30:00,4104.295,4105.285,4103.54,4103.95,1215
2026-07-31 05:35:00,4103.96,4106.035,4102.345,4105.88,1570
2026-07-31 05:40:00,4105.865,4107.57,4105.055,4106.23,1143
2026-07-31 05:45:00,4106.26,4110.185,4106.26,4108.505,1210
2026-07-31 05:50:00,4108.505,4109.295,4106.555,4107.255,923
2026-07-31 05:55:00,4107.285,4107.435,4105.555,4106.045,710
2026-07-31 06:00:00,4106.045,4107.295,4101.655,4104.795,2887
2026-07-31 06:05:00,4104.79,4105.225,4101.645,4103.29,2546
2026-07-31 06:10:00,4103.23,4104.08,4100.635,4101.33,2322
2026-07-31 06:15:00,4101.245,4102.775,4100.2,4101.46,2384
2026-07-31 06:20:00,4101.47,4103.875,4098.66,4102.87,2475
2026-07-31 06:25:00,4102.915,4102.93,4096.2,4096.5,1930
2026-07-31 06:30:00,4096.485,4097.6,4093.455,4093.86,1889
2026-07-31 06:35:00,4093.845,4093.985,4091.635,4092.595,2093
2026-07-31 06:40:00,4092.59,4093.535,4090.545,4093.045,2093
2026-07-31 06:45:00,4093.05,4094.3,4090.685,4093.46,2434
2026-07-31 06:50:00,4093.48,4095.415,4092.945,4093.455,1964
2026-07-31 06:55:00,4093.485,4096.2,4092.715,4094.8,2184
2026-07-31 07:00:00,4094.78,4101.53,4094.765,4098.075,5057
2026-07-31 07:05:00,4098.045,4101.66,4095.545,4098.19,3397
2026-07-31 07:10:00,4098.135,4098.135,4088.815,4089.095,3513
2026-07-31 07:15:00,4089.13,4094.405,4086.635,4093.91,3630
2026-07-31 07:20:00,4093.92,4095.125,4091.035,4092.445,2925
2026-07-31 07:25:00,4092.42,4094.795,4090.7,4092.105,2683
2026-07-31 07:30:00,4092.07,4092.155,4086.965,4088.095,3501
2026-07-31 07:35:00,4088.12,4088.45,4083.95,4084.985,3113
2026-07-31 07:40:00,4084.965,4087.575,4084.485,4085.78,2587
2026-07-31 07:45:00,4085.755,4089.47,4083.355,4084.07,2885
2026-07-31 07:50:00,4084.05,4085.77,4082.175,4085.13,2747
2026-07-31 07:55:00,4085.15,4087.565,4084.405,4084.455,1716
2026-07-31 08:00:00,4084.495,4086.495,4081.63,4085.66,2232
2026-07-31 08:05:00,4085.655,4089.21,4085.615,4088.89,1925
2026-07-31 08:10:00,4088.895,4090.48,4085.495,4085.575,2109
2026-07-31 08:15:00,4085.575,4085.585,4081.62,4082.735,1761
2026-07-31 08:20:00,4082.725,4084.275,4082.395,4082.695,1244
2026-07-31 08:25:00,4082.725,4083.05,4081.735,4082.205,1003
2026-07-31 08:30:00,4082.195,4084.355,4081.13,4082.135,1900
2026-07-31 08:35:00,4082.15,4082.715,4081.2,4082.355,1614
2026-07-31 08:40:00,4082.365,4082.83,4075.545,4075.59,2072
2026-07-31 08:45:00,4075.595,4078.095,4074.74,4077.52,2111
2026-07-31 08:50:00,4077.525,4077.785,4074.255,4076.815,1582
2026-07-31 08:55:00,4076.81,4078.52,4076.225,4076.315,1290
2026-07-31 09:00:00,4076.31,4076.325,4073.575,4073.705,1963
2026-07-31 09:05:00,4073.695,4076.415,4073.615,4074.595,1752
2026-07-31 09:10:00,4074.61,4075.605,4072.08,4073.58,2815
2026-07-31 09:15:00,4073.605,4074.095,4072.465,4073.905,1942
2026-07-31 09:20:00,4073.905,4074.565,4072.63,4073.835,1386
2026-07-31 09:25:00,4073.835,4076.145,4072.975,4075.35,1668
2026-07-31 09:30:00,4075.37,4077.15,4075.09,4076.98,1658
2026-07-31 09:35:00,4076.98,4079.585,4075.035,4078.73,1443
2026-07-31 09:40:00,4078.725,4078.725,4075.405,4076.485,1291
2026-07-31 09:45:00,4076.47,4077.685,4075.685,4075.975,1263
2026-07-31 09:50:00,4075.98,4076.9,4074.905,4075.13,1386
2026-07-31 09:55:00,4075.125,4075.585,4074.35,4075.115,1170
2026-07-31 10:00:00,4075.085,4076.05,4074.055,4074.675,1052
2026-07-31 10:05:00,4074.695,4075.295,4073.54,4075.205,1007
2026-07-31 10:10:00,4075.23,4077.01,4073.345,4076.835,1227
2026-07-31 10:15:00,4076.81,4077.915,4075.795,4076.095,1194
2026-07-31 10:20:00,4076.085,4078.785,4074.52,4078.64,1275
2026-07-31 10:25:00,4078.65,4080.095,4077.75,4080.045,1024
2026-07-31 10:30:00,4080.04,4081.24,4079.27,4079.945,993
2026-07-31 10:35:00,4079.95,4081.48,4079.815,4081.39,668
2026-07-31 10:40:00,4081.385,4081.62,4079.39,4079.425,787
2026-07-31 10:45:00,4079.4,4079.685,4075.595,4075.7,1139
2026-07-31 10:50:00,4075.71,4078.21,4074.845,4078.21,906
2026-07-31 10:55:00,4078.2,4080.18,4077.79,4080.125,783
2026-07-31 11:00:00,4080.13,4082.735,4079.93,4082.62,1310
2026-07-31 11:05:00,4082.61,4083.385,4081.135,4081.75,1155
2026-07-31 11:10:00,4081.745,4082.505,4079.785,4080,1128
2026-07-31 11:15:00,4080.01,4082.41,4079.555,4081.92,1044
2026-07-31 11:20:00,4081.93,4083.045,4080.66,4082.55,687
2026-07-31 11:25:00,4082.56,4082.56,4080.165,4080.995,763
2026-07-31 11:30:00,4080.97,4081.87,4078.855,4079.25,2424
2026-07-31 11:35:00,4079.26,4081.33,4077.53,4079.73,1937
2026-07-31 11:40:00,4079.735,4080.26,4075.965,4076.52,1917
2026-07-31 11:45:00,4076.51,4076.585,4073.83,4075.75,1437
2026-07-31 11:50:00,4075.755,4076.03,4073.505,4075.735,1892
2026-07-31 11:55:00,4075.755,4076.305,4073.515,4074.485,2056
2026-07-31 12:00:00,4074.55,4078.175,4072.875,4078.155,3013
2026-07-31 12:05:00,4078.145,4082.585,4077.875,4082.08,2569
2026-07-31 12:10:00,4082.04,4082.905,4080.42,4082.445,2252
2026-07-31 12:15:00,4082.41,4087.555,4081.15,4086.635,3160
2026-07-31 12:20:00,4086.645,4087.51,4082.57,4083.685,1990
2026-07-31 12:25:00,4083.69,4086.315,4082.095,4084.985,2433
2026-07-31 12:30:00,4084.995,4085.085,4077.615,4078.44,3638
2026-07-31 12:35:00,4078.675,4080.18,4077.255,4079.04,4061
2026-07-31 12:40:00,4079.05,4079.33,4077.765,4078.21,3166
2026-07-31 12:45:00,4078.205,4081.72,4077.07,4077.99,3121
2026-07-31 12:50:00,4078.005,4078.935,4076.495,4078.71,3090
2026-07-31 12:55:00,4078.7,4079.445,4077.64,4077.755,2772
2026-07-31 13:00:00,4077.675,4078.21,4075.555,4078.04,2629
2026-07-31 13:05:00,4078.03,4079.215,4077.32,4078.51,2114
2026-07-31 13:10:00,4078.52,4078.6,4075.5,4077.6,1864
2026-07-31 13:15:00,4077.59,4079.245,4076.335,4078.79,2324
2026-07-31 13:20:00,4078.795,4078.84,4074.635,4074.96,1854
2026-07-31 13:25:00,4074.97,4076.045,4072.255,4072.69,1757
2026-07-31 13:30:00,4072.73,4072.99,4069.3,4069.83,2033
2026-07-31 13:35:00,4069.84,4072.575,4068.205,4072.16,2181
2026-07-31 13:40:00,4072.17,4074.01,4071.745,4072.215,1584
2026-07-31 13:45:00,4072.235,4074.515,4071.35,4072.12,2156
2026-07-31 13:50:00,4072.115,4072.62,4069.715,4071.285,1852
2026-07-31 13:55:00,4071.275,4071.88,4067.6,4067.835,2214
2026-07-31 14:00:00,4067.82,4067.82,4062.755,4063.335,3434
2026-07-31 14:05:00,4063.365,4065.4,4062.935,4064.855,2497
2026-07-31 14:10:00,4064.855,4065.44,4061.295,4062.3,2133
2026-07-31 14:15:00,4062.32,4066.495,4061.07,4066.22,2590
2026-07-31 14:20:00,4066.205,4067.27,4059.53,4060.34,2970
2026-07-31 14:25:00,4060.335,4061.59,4057.985,4058.725,3310
2026-07-31 14:30:00,4058.715,4059.645,4054.17,4057.35,3563
2026-07-31 14:35:00,4057.355,4060.23,4057.285,4059.9,2938
2026-07-31 14:40:00,4059.88,4061.59,4058.225,4059.355,2478
2026-07-31 14:45:00,4059.335,4062.97,4057.845,4061.185,2360
2026-07-31 14:50:00,4061.195,4062.265,4058.26,4058.42,1873
2026-07-31 14:55:00,4058.43,4064.535,4058.345,4061.035,4613
2026-07-31 15:00:00,4060.935,4064.105,4060.61,4060.67,4135
2026-07-31 15:05:00,4060.685,4062,4057.81,4057.81,3345
2026-07-31 15:10:00,4057.83,4058.27,4055.24,4056.815,2679
2026-07-31 15:15:00,4056.84,4057.37,4054.645,4055.815,2430
2026-07-31 15:20:00,4055.8,4057.555,4051.89,4052.73,2474
2026-07-31 15:25:00,4052.735,4053.43,4051.42,4052.46,2621
2026-07-31 15:30:00,4052.435,4054.765,4051.265,4051.32,2471
2026-07-31 15:35:00,4051.325,4052.37,4050.365,4051.57,2041
2026-07-31 15:40:00,4051.575,4053.205,4051.165,4053.17,1626
2026-07-31 15:45:00,4053.165,4057.07,4052.39,4056.72,2119
2026-07-31 15:50:00,4056.695,4057.26,4055.865,4055.875,1324
2026-07-31 15:55:00,4055.85,4056.195,4054.005,4055.2,1585
2026-07-31 16:00:00,4055.195,4056.56,4053.235,4056.395,1610
2026-07-31 16:05:00,4056.4,4058.44,4055.965,4058.115,1478
2026-07-31 16:10:00,4058.105,4058.105,4055.72,4055.925,1226
2026-07-31 16:15:00,4055.975,4056.08,4052.63,4053.51,1132
2026-07-31 16:20:00,4053.52,4055,4052.065,4052.23,1268
2026-07-31 16:25:00,4052.245,4054.755,4052.245,4053.27,1659
2026-07-31 16:30:00,4053.26,4056.575,4052.985,4055.22,1977
2026-07-31 16:35:00,4055.215,4056.455,4052.985,4053.785,2230
2026-07-31 16:40:00,4053.79,4055.57,4053.2,4054.79,1357
2026-07-31 16:45:00,4054.675,4057.18,4054.58,4056.18,1302
2026-07-31 16:50:00,4056.145,4056.275,4054.43,4054.74,1574
2026-07-31 16:55:00,4054.745,4055.385,4053.735,4054.595,1927
2026-07-31 17:00:00,4054.59,4055.855,4052.29,4055.715,2346
2026-07-31 17:05:00,4055.71,4057.675,4053.895,4057.28,1657
2026-07-31 17:10:00,4057.29,4059.55,4056.805,4057.02,1764
2026-07-31 17:15:00,4057.025,4058.72,4054.225,4056.935,4048
2026-07-31 17:20:00,4056.92,4061.19,4056.14,4060.83,2514
2026-07-31 17:25:00,4060.82,4060.88,4057.81,4058.93,2060
2026-07-31 17:30:00,4058.915,4058.915,4053.56,4054.445,2847
2026-07-31 17:35:00,4054.435,4055.785,4052.91,4053.22,2254
2026-07-31 17:40:00,4053.23,4053.415,4050.84,4052.1,2308
2026-07-31 17:45:00,4052.08,4053.55,4051.365,4052.46,2091
2026-07-31 17:50:00,4052.455,4054.92,4052.305,4054.9,1663
2026-07-31 17:55:00,4054.835,4055.555,4053.39,4053.695,1639
2026-07-31 18:00:00,4053.735,4058.15,4052.62,4058.085,2379
2026-07-31 18:05:00,4058.095,4059.25,4056.72,4057.285,2282
2026-07-31 18:10:00,4057.32,4059.435,4055.64,4059.265,2095
2026-07-31 18:15:00,4059.27,4059.41,4055.705,4056.635,2339
2026-07-31 18:20:00,4056.64,4058.545,4050.07,4050.815,2893
2026-07-31 18:25:00,4050.845,4052.29,4046.935,4047.125,2358
2026-07-31 18:30:00,4047.28,4051.615,4044.695,4048.295,4075
2026-07-31 18:35:00,4048.31,4051.67,4044.145,4044.69,3435
2026-07-31 18:40:00,4044.72,4045.555,4042.665,4044.735,2909
2026-07-31 18:45:00,4044.71,4045.755,4041.6,4041.665,2955
2026-07-31 18:50:00,4041.685,4046.39,4041.04,4045.475,3083
2026-07-31 18:55:00,4045.47,4045.47,4040.62,4040.85,2518
2026-07-31 19:00:00,4040.845,4042.78,4036.395,4039.64,7116
2026-07-31 19:05:00,4039.66,4040.19,4035.545,4036.64,3695
2026-07-31 19:10:00,4036.645,4038.06,4034.785,4036.25,3152
2026-07-31 19:15:00,4036.305,4038.61,4035.585,4037.89,2774
2026-07-31 19:20:00,4037.86,4047.04,4035.79,4045.405,5408
2026-07-31 19:25:00,4045.415,4045.675,4040.365,4042.67,4344
2026-07-31 19:30:00,4042.58,4043.935,4035.31,4035.56,6807
2026-07-31 19:35:00,4035.54,4037.275,4027.125,4027.855,7912
2026-07-31 19:40:00,4027.84,4030.425,4022.56,4025.185,7692
2026-07-31 19:45:00,4025.165,4028.595,4022.04,4023.19,8252
2026-07-31 19:50:00,4023.2,4029.26,4022.285,4028.945,8721
2026-07-31 19:55:00,4028.995,4032.285,4025.245,4025.245,5854
2026-07-31 20:00:00,4025.43,4032.56,4025.23,4029.805,7857
2026-07-31 20:05:00,4029.82,4030.09,4021,4027.22,8549
2026-07-31 20:10:00,4027.2,4032.56,4025.785,4032.17,7794
2026-07-31 20:15:00,4032.16,4035.22,4030,4033.47,7212
2026-07-31 20:20:00,4033.465,4038.625,4032.445,4035.435,7020
2026-07-31 20:25:00,4035.425,4040.29,4035.3,4038.88,6476
2026-07-31 20:30:00,4038.875,4040.83,4036.74,4040.52,5278
2026-07-31 20:35:00,4040.53,4042.605,4039.475,4040.99,4756
2026-07-31 20:40:00,4041.03,4043.145,4040.185,4041.475,4655
2026-07-31 20:45:00,4041.485,4045.68,4040.97,4044.04,4503
2026-07-31 20:50:00,4044.05,4049.375,4042.865,4046.315,5090
2026-07-31 20:55:00,4046.35,4050.325,4044.955,4049.21,5044
2026-07-31 21:00:00,4049.24,4050.815,4044.64,4045.115,6016
2026-07-31 21:05:00,4045.1,4049.31,4044.52,4045.8,4973
2026-07-31 21:10:00,4045.81,4047.575,4042.8,4047.075,5391
2026-07-31 21:15:00,4047.085,4052.655,4042.31,4045.325,5474
2026-07-31 21:20:00,4045.345,4046.13,4042.185,4042.99,4710
2026-07-31 21:25:00,4043.015,4044.795,4040.225,4041.27,4626
2026-07-31 21:30:00,4041.23,4042.345,4036.785,4038.695,4510
2026-07-31 21:35:00,4038.725,4043.295,4037.33,4042.33,4193
2026-07-31 21:40:00,4042.34,4043.695,4040.72,4042.255,4176
2026-07-31 21:45:00,4042.265,4042.975,4040.055,4040.375,4448
2026-07-31 21:50:00,4040.365,4046.25,4039.915,4045.485,4048
2026-07-31 21:55:00,4045.475,4046.86,4044.86,4045.625,3396
2026-07-31 22:00:00,4045.61,4046.31,4043.62,4044.18,3435
2026-07-31 22:05:00,4044.175,4044.79,4041.43,4044.16,2937
2026-07-31 22:10:00,4044.155,4046.99,4043.735,4046.415,3342
2026-07-31 22:15:00,4046.42,4046.775,4043.13,4045.23,3319
2026-07-31 22:20:00,4045.225,4047.705,4045.105,4046.22,3037
2026-07-31 22:25:00,4046.215,4048.55,4044.46,4047.575,2977
2026-07-31 22:30:00,4047.585,4049.55,4047.135,4049.135,2690
2026-07-31 22:35:00,4049.165,4050.035,4046.78,4046.81,2638
2026-07-31 22:40:00,4046.79,4047.525,4041.31,4042.59,3164
2026-07-31 22:45:00,4042.6,4044.66,4042.275,4043.985,2605
2026-07-31 22:50:00,4043.99,4045.22,4043.185,4043.635,2235
2026-07-31 22:55:00,4043.63,4044.025,4042.245,4043.405,2158
2026-07-31 23:00:00,4043.41,4045.75,4042.56,4042.945,2535
2026-07-31 23:05:00,4042.955,4044.52,4042.03,4042.125,2446
2026-07-31 23:10:00,4042.135,4046.47,4041.555,4045.65,2431
2026-07-31 23:15:00,4045.655,4047.33,4044.895,4046.85,2127
2026-07-31 23:20:00,4046.86,4048.745,4045.115,4047.82,2412
2026-07-31 23:25:00,4047.815,4053.425,4045.11,4050.5,5174
2026-07-31 23:30:00,4050.585,4053.29,4048.015,4048.135,4102
2026-07-31 23:35:00,4048.115,4051.49,4047.705,4050.17,3230
2026-07-31 23:40:00,4050.155,4052.36,4049.86,4051.945,2850
2026-07-31 23:45:00,4051.94,4054.795,4050.365,4052.57,4353
2026-07-31 23:50:00,4052.555,4054.81,4052.175,4052.87,3299
2026-07-31 23:55:00,4052.865,4054.4,4052.525,4053.615,2542
2026-08-01 00:00:00,4053.605,4055.26,4052.17,4052.475,3373
2026-08-01 00:05:00,4052.47,4052.635,4049.85,4051.575,3578
2026-08-01 00:10:00,4051.565,4051.615,4047.18,4048.235,2910
2026-08-01 00:15:00,4048.23,4050.735,4047.71,4049.99,2588
2026-08-01 00:20:00,4049.995,4051.55,4049.395,4051.46,2052
2026-08-01 00:25:00,4051.47,4051.815,4050.135,4051.16,2230
2026-08-01 00:30:00,4051.17,4051.495,4049.255,4049.275,1727
2026-08-01 00:35:00,4049.27,4051.78,4048.015,4050.87,1341
2026-08-01 00:40:00,4050.88,4051.53,4049.445,4049.55,1507
2026-08-01 00:45:00,4049.54,4050.165,4048.23,4050.015,1354
2026-08-01 00:50:00,4050.01,4051.7,4049.92,4050.28,1258
2026-08-01 00:55:00,4050.255,4051.23,4049.4,4050.86,1708
2026-08-01 01:00:00,4050.84,4052.995,4048.725,4049.2,1763
2026-08-01 01:05:00,4049.195,4049.75,4048.315,4049.62,1309
2026-08-01 01:10:00,4049.605,4050.11,4046.93,4048.105,1309
2026-08-01 01:15:00,4048.1,4049.12,4047.185,4048.97,1521
2026-08-01 01:20:00,4048.985,4049.85,4047.97,4049.16,1505
2026-08-01 01:25:00,4049.16,4050.66,4048.99,4050.64,1107
2026-08-01 01:30:00,4050.65,4051.515,4049.02,4050.38,1675
2026-08-01 01:35:00,4050.355,4051.55,4049.72,4049.955,1574
2026-08-01 01:40:00,4049.965,4054.82,4049.72,4054.23,1869
2026-08-01 01:45:00,4054.245,4055.69,4053.365,4054.965,1975
2026-08-01 01:50:00,4054.955,4054.96,4050.965,4051.14,3433
2026-08-01 01:55:00,4051.16,4052.8,4050.2,4051.025,3900
2026-08-01 02:00:00,4050.98,4051.885,4048.735,4048.735,2649
2026-08-01 02:05:00,4048.755,4048.765,4045.29,4047.18,1886
2026-08-01 02:10:00,4047.16,4048.145,4046.595,4047.96,1344
2026-08-01 02:15:00,4047.985,4048.56,4046.44,4048.065,1585
2026-08-01 02:20:00,4048.055,4049.045,4047.465,4048.125,850
2026-08-01 02:25:00,4048.095,4048.26,4046.56,4048.225,930
2026-08-01 02:30:00,4048.245,4051.215,4047.365,4050.69,1164
2026-08-01 02:35:00,4050.73,4053.14,4050.68,4051.255,1412
2026-08-01 02:40:00,4051.26,4052.42,4050.69,4051.37,1347
2026-08-03 04:00:00,4051.37,4084.735,4043.18,4075.49,4019
2026-08-03 04:05:00,4075.62,4078.07,4071.65,4075.23,1973
2026-08-03 04:10:00,4075.41,4078.79,4074.27,4076.68,2039
2026-08-03 04:15:00,4076.655,4077.405,4067.715,4069.06,2207
2026-08-03 04:20:00,4068.995,4070.48,4064.31,4065.385,1819
2026-08-03 04:25:00,4065.44,4067.525,4064.12,4066.09,1295
2026-08-03 04:30:00,4066.095,4068.44,4064.49,4064.49,2845
2026-08-03 04:35:00,4064.46,4067.755,4064.14,4065.845,1883
2026-08-03 04:40:00,4065.84,4068.18,4065.305,4066.925,1407
2026-08-03 04:45:00,4066.92,4067.24,4064.605,4064.74,1728
2026-08-03 04:50:00,4064.76,4066.235,4063.795,4064.91,1599
2026-08-03 04:55:00,4064.92,4065.825,4063.485,4063.73,1422
2026-08-03 05:00:00,4063.72,4066.23,4063.295,4065.795,2081
2026-08-03 05:05:00,4065.805,4065.935,4063.945,4064.625,1390
2026-08-03 05:10:00,4064.625,4067.295,4063.295,4066.56,1340
2026-08-03 05:15:00,4066.56,4071.815,4066.225,4071.77,2376
2026-08-03 05:20:00,4071.78,4072.405,4067.91,4071.585,2461
2026-08-03 05:25:00,4071.59,4072.665,4070.775,4072.08,2022
2026-08-03 05:30:00,4072.09,4072.465,4069.72,4070.215,1842
2026-08-03 05:35:00,4070.23,4071.02,4069.62,4069.66,917
2026-08-03 05:40:00,4069.665,4070.125,4067.995,4069.69,1511
2026-08-03 05:45:00,4069.7,4072.53,4068.365,4069.095,3572
2026-08-03 05:50:00,4069.1,4073.905,4068.395,4072.67,3970
2026-08-03 05:55:00,4072.675,4075,4071.825,4074.995,3562
2026-08-03 06:00:00,4075.06,4078.99,4074.845,4078.13,5070
2026-08-03 06:05:00,4078.12,4078.57,4073,4073.375,3578
2026-08-03 06:10:00,4073.365,4073.855,4070.045,4072.115,2917
2026-08-03 06:15:00,4072.095,4073.005,4069.835,4070.3,3218
2026-08-03 06:20:00,4070.28,4070.415,4066.475,4066.855,2558
2026-08-03 06:25:00,4066.905,4067.99,4061.295,4064.38,5492
2026-08-03 06:30:00,4064.4,4070.08,4063.085,4064.595,4195
2026-08-03 06:35:00,4064.63,4065.42,4059.485,4059.905,3855
2026-08-03 06:40:00,4059.925,4061.22,4057.025,4058.355,3669
2026-08-03 06:45:00,4058.285,4060.675,4056.17,4058,4269
2026-08-03 06:50:00,4057.975,4060.735,4057.26,4058.71,3604
2026-08-03 06:55:00,4058.645,4059.795,4055.7,4057.15,2879
2026-08-03 07:00:00,4057.155,4063.66,4052.035,4058.21,8114
2026-08-03 07:05:00,4058.19,4061.785,4056.71,4059.92,5668
2026-08-03 07:10:00,4059.945,4060.795,4051.57,4052.49,4039
2026-08-03 07:15:00,4052.5,4053.96,4047.355,4049.24,3909
2026-08-03 07:20:00,4049.255,4054.075,4049.19,4053.875,3149
2026-08-03 07:25:00,4053.915,4055.275,4052.26,4052.855,3704
2026-08-03 07:30:00,4052.875,4054.055,4050.145,4054,3600
2026-08-03 07:35:00,4053.98,4057.09,4052.49,4053.485,3410
2026-08-03 07:40:00,4053.54,4054.455,4047.5,4051.225,3263
2026-08-03 07:45:00,4051.27,4055.46,4050.195,4053.35,2956
2026-08-03 07:50:00,4053.36,4055.675,4050.31,4051.55,2917
2026-08-03 07:55:00,4051.535,4057.54,4050.055,4056.68,3014
2026-08-03 08:00:00,4056.72,4061.105,4056.72,4059.635,2790
2026-08-03 08:05:00,4059.64,4060.665,4055.805,4055.97,2869
2026-08-03 08:10:00,4055.98,4056.765,4053.37,4055.825,2473
2026-08-03 08:15:00,4055.805,4060.935,4052.08,4060.74,2469
2026-08-03 08:20:00,4060.735,4060.945,4054.59,4055.24,1616
2026-08-03 08:25:00,4055.25,4058.79,4054.38,4058.25,1388
2026-08-03 08:30:00,4058.265,4059.665,4053.74,4055.89,3024
2026-08-03 08:35:00,4055.87,4059.015,4052.525,4057.86,3064
2026-08-03 08:40:00,4057.85,4060.885,4057.34,4059.71,2326
2026-08-03 08:45:00,4059.72,4067.19,4058.475,4063.705,2287
2026-08-03 08:50:00,4063.715,4065.34,4062.295,4062.73,2413
2026-08-03 08:55:00,4062.735,4064.595,4060.785,4062.515,2383
2026-08-03 09:00:00,4062.5,4064.09,4061.005,4062.71,2228
2026-08-03 09:05:00,4062.725,4065.66,4062.415,4064.55,2226
2026-08-03 09:10:00,4064.5,4065.1,4063.12,4064.505,1455
2026-08-03 09:15:00,4064.53,4067.95,4063.23,4067.72,2181
2026-08-03 09:20:00,4067.71,4068.075,4061.69,4062.945,2182
2026-08-03 09:25:00,4062.95,4065.425,4061.68,4063.93,1791
2026-08-03 09:30:00,4063.945,4064.95,4062.58,4063.315,2150
2026-08-03 09:35:00,4063.25,4065.02,4061.375,4062.98,1717
2026-08-03 09:40:00,4062.97,4063.765,4060.675,4060.765,1089
2026-08-03 09:45:00,4060.725,4061.725,4059.335,4061.53,1311
2026-08-03 09:50:00,4061.54,4066.42,4061.49,4066.255,2045
2026-08-03 09:55:00,4066.265,4066.885,4064.315,4065.12,1261
2026-08-03 10:00:00,4065.155,4066.85,4064.385,4066.595,1559
2026-08-03 10:05:00,4066.6,4068.345,4065.245,4065.455,1358
2026-08-03 10:10:00,4065.445,4066.735,4065.4,4066.715,947
2026-08-03 10:15:00,4066.705,4070.11,4066.11,4069.765,1474
2026-08-03 10:20:00,4069.81,4071.13,4068.935,4068.935,1041
2026-08-03 10:25:00,4068.935,4070.02,4068.015,4068.325,1227
2026-08-03 10:30:00,4068.33,4071.175,4068.33,4070.695,1304
2026-08-03 10:35:00,4070.7,4071.355,4068.595,4069.915,1609
2026-08-03 10:40:00,4069.92,4070.69,4069.015,4070.63,1408
2026-08-03 10:45:00,4070.625,4071.975,4068.935,4070.75,1520
2026-08-03 10:50:00,4070.745,4071.875,4067.665,4067.905,1326
2026-08-03 10:55:00,4067.93,4068.315,4063.925,4063.965,1546
2026-08-03 11:00:00,4063.965,4065.395,4062.475,4062.635,2161
2026-08-03 11:05:00,4062.56,4063.005,4060.71,4061.025,1856
2026-08-03 11:10:00,4061.045,4061.065,4056.835,4057.515,1806
2026-08-03 11:15:00,4057.53,4058.065,4054.235,4056.55,1562
2026-08-03 11:20:00,4056.505,4059.21,4055.995,4059.185,1258
2026-08-03 11:25:00,4059.2,4062.845,4058.565,4060.42,1243
2026-08-03 11:30:00,4060.425,4060.82,4055.915,4056.57,2846
2026-08-03 11:35:00,4056.58,4060.07,4055.26,4057.305,2521
2026-08-03 11:40:00,4057.325,4064.82,4056.425,4063.54,2643
2026-08-03 11:45:00,4063.53,4063.725,4058.935,4060.215,1864
2026-08-03 11:50:00,4060.22,4065.485,4059.44,4065.15,1917
2026-08-03 11:55:00,4065.19,4070.03,4064.615,4069.005,2384
2026-08-03 12:00:00,4069.01,4071.265,4067.505,4068.125,3809
2026-08-03 12:05:00,4068.11,4070.56,4067.215,4067.78,2860
2026-08-03 12:10:00,4067.785,4068.255,4066.12,4066.14,2452
2026-08-03 12:15:00,4066.14,4070.125,4065.49,4069.61,2694
2026-08-03 12:20:00,4069.62,4072.3,4067.755,4070.89,3681
2026-08-03 12:25:00,4070.875,4071.5,4066.155,4068.545,3471
2026-08-03 12:30:00,4068.565,4069.01,4060.645,4060.675,3338
2026-08-03 12:35:00,4060.695,4067.565,4060.565,4066.215,2774
2026-08-03 12:40:00,4066.195,4066.645,4064.565,4065.685,2544
2026-08-03 12:45:00,4065.68,4067.055,4063.22,4063.625,2156
2026-08-03 12:50:00,4063.61,4065.32,4062.89,4064.18,1822
2026-08-03 12:55:00,4064.13,4066.38,4063.73,4064.035,1737
2026-08-03 13:00:00,4064.025,4065.375,4059.825,4061.19,3405
2026-08-03 13:05:00,4061.185,4064.07,4059.745,4063.03,2373
2026-08-03 13:10:00,4063.02,4064.52,4061.47,4061.615,2311
2026-08-03 13:15:00,4061.59,4062.16,4053.32,4054.54,4830
2026-08-03 13:20:00,4054.545,4056.33,4052.2,4056.235,3679
2026-08-03 13:25:00,4056.275,4059.145,4055.72,4058.21,2214
2026-08-03 13:30:00,4058.245,4060.525,4057.6,4059.785,2031
2026-08-03 13:35:00,4059.78,4061.305,4056.61,4059.97,2191
2026-08-03 13:40:00,4059.995,4060.01,4058.27,4059.785,1690
2026-08-03 13:45:00,4059.79,4061.23,4058.405,4059.445,1928
2026-08-03 13:50:00,4059.465,4063.37,4058.895,4062.72,2352
2026-08-03 13:55:00,4062.74,4063.255,4060.855,4061.115,2099
2026-08-03 14:00:00,4061.11,4061.58,4058.51,4060.83,2643
2026-08-03 14:05:00,4060.84,4061.59,4059.535,4060.74,2175
2026-08-03 14:10:00,4060.755,4062.275,4059.875,4061.78,1729
2026-08-03 14:15:00,4061.765,4062.495,4057.095,4057.9,2171
2026-08-03 14:20:00,4057.93,4059.445,4057.69,4058.935,2191
2026-08-03 14:25:00,4058.945,4060.48,4054.41,4056.295,2329
2026-08-03 14:30:00,4056.27,4058.375,4054.905,4056.285,2318
2026-08-03 14:35:00,4056.26,4060.745,4055.395,4059.97,2401
2026-08-03 14:40:00,4059.995,4060.28,4058.22,4058.535,1610
2026-08-03 14:45:00,4058.54,4060.105,4057.695,4059.945,1979
2026-08-03 14:50:00,4059.92,4060.145,4057.79,4059.415,1539
2026-08-03 14:55:00,4059.445,4061.17,4058.705,4059.53,1648
2026-08-03 15:00:00,4059.545,4060.525,4057.49,4057.6,1899
2026-08-03 15:05:00,4057.595,4059.66,4057.35,4059.65,1523
2026-08-03 15:10:00,4059.635,4062.21,4059.48,4061.535,1640
2026-08-03 15:15:00,4061.53,4061.53,4058.285,4058.955,1644
2026-08-03 15:20:00,4058.925,4059.085,4052.825,4055.335,2146
2026-08-03 15:25:00,4055.345,4056.225,4052.17,4052.65,1904
2026-08-03 15:30:00,4052.655,4053.515,4046.695,4047.125,3615
2026-08-03 15:35:00,4047.155,4052.785,4046.88,4052.54,2474
2026-08-03 15:40:00,4052.565,4054.88,4051.565,4053.56,2411
2026-08-03 15:45:00,4053.555,4056.96,4053.47,4055.94,1890
2026-08-03 15:50:00,4056.005,4058.185,4055.97,4057.04,1864
2026-08-03 15:55:00,4057.07,4057.94,4054.575,4055.375,1967
2026-08-03 16:00:00,4055.4,4056.8,4053.155,4054.805,1976
2026-08-03 16:05:00,4054.83,4055.63,4053.635,4054.13,1456
2026-08-03 16:10:00,4054.11,4057.195,4053.905,4056.335,1619
2026-08-03 16:15:00,4056.335,4057.16,4054.06,4055.05,1884
2026-08-03 16:20:00,4055.085,4055.65,4052.62,4053.34,2140
2026-08-03 16:25:00,4053.33,4054.99,4052,4053.475,1776
2026-08-03 16:30:00,4053.47,4053.78,4050.01,4051.915,1779
2026-08-03 16:35:00,4051.925,4052.735,4050.98,4052.52,1472
2026-08-03 16:40:00,4052.535,4052.625,4048.725,4049.305,2107
2026-08-03 16:45:00,4049.355,4050.835,4048.54,4048.705,1436
2026-08-03 16:50:00,4048.725,4049.115,4045.895,4048.46,1779
2026-08-03 16:55:00,4048.44,4049.62,4046.785,4049.41,1604
2026-08-03 17:00:00,4049.415,4052.215,4047.66,4052.06,2879
2026-08-03 17:05:00,4052.075,4052.995,4049.52,4050.485,1724
2026-08-03 17:10:00,4050.5,4051.055,4048.145,4049.88,1780
2026-08-03 17:15:00,4049.86,4049.915,4047.01,4048.01,1896
2026-08-03 17:20:00,4047.985,4048.425,4045.535,4047.59,2256
2026-08-03 17:25:00,4047.605,4050.035,4046.955,4048.545,2010
2026-08-03 17:30:00,4048.53,4051.48,4048.035,4050.95,2152
2026-08-03 17:35:00,4050.94,4052.205,4049.7,4051.485,1877
2026-08-03 17:40:00,4051.48,4055.05,4051,4053.675,1833
2026-08-03 17:45:00,4053.68,4061.135,4052.72,4061.135,1916
2026-08-03 17:50:00,4061.145,4063.25,4059.24,4061.295,3437
2026-08-03 17:55:00,4061.29,4062.93,4059.96,4062.615,2381
2026-08-03 18:00:00,4062.63,4064.77,4059.795,4061.05,3098
2026-08-03 18:05:00,4061.06,4061.255,4058.335,4059.99,2327
2026-08-03 18:10:00,4059.985,4060.32,4054.825,4055.965,2420
2026-08-03 18:15:00,4055.97,4056.56,4051.15,4051.285,2352
2026-08-03 18:20:00,4051.28,4053.995,4048.765,4052.43,3675
2026-08-03 18:25:00,4052.435,4053.5,4050.34,4050.84,2434
2026-08-03 18:30:00,4050.85,4052.98,4048.07,4051.865,2962
2026-08-03 18:35:00,4051.85,4052.06,4045.84,4047.34,2750
2026-08-03 18:40:00,4047.345,4047.58,4042.28,4045.035,3259
2026-08-03 18:45:00,4044.955,4046.66,4043.625,4044.145,2401
2026-08-03 18:50:00,4044.14,4046.62,4043.335,4045.845,2753
2026-08-03 18:55:00,4045.85,4049.035,4045.56,4047.77,2530
2026-08-03 19:00:00,4047.805,4053.725,4040.985,4042.1,7136
2026-08-03 19:05:00,4042.05,4046.165,4041.295,4044.15,4833
2026-08-03 19:10:00,4044.13,4044.67,4038.89,4038.95,4510
2026-08-03 19:15:00,4038.94,4040.56,4035.32,4036.465,4692
2026-08-03 19:20:00,4036.45,4037.51,4032.955,4034.495,4315
2026-08-03 19:25:00,4034.445,4035.465,4031.59,4034.295,4454
2026-08-03 19:30:00,4034.285,4035.595,4029.59,4031.02,7969
2026-08-03 19:35:00,4031.045,4031.9,4019.135,4026.58,8662
2026-08-03 19:40:00,4026.59,4033.95,4024.73,4032.21,6396
2026-08-03 19:45:00,4032.205,4035.555,4028.64,4029.87,6561
2026-08-03 19:50:00,4029.83,4032.985,4028.315,4030.27,6737
2026-08-03 19:55:00,4030.28,4034.085,4028.525,4032.685,4287
2026-08-03 20:00:00,4032.17,4036.22,4027.95,4029.14,5967
2026-08-03 20:05:00,4029.12,4032.435,4027.26,4027.355,5908
2026-08-03 20:10:00,4027.36,4034.58,4026.745,4033.355,5401
2026-08-03 20:15:00,4033.34,4034.95,4031.21,4031.355,4574
2026-08-03 20:20:00,4031.36,4035.99,4030.045,4033.71,4026
2026-08-03 20:25:00,4033.725,4036.03,4032.475,4032.69,3587
2026-08-03 20:30:00,4032.685,4035.695,4032.03,4035.25,3936
2026-08-03 20:35:00,4035.27,4037.875,4032.905,4033.125,3634
2026-08-03 20:40:00,4033.12,4038.16,4032.185,4036.425,3551
2026-08-03 20:45:00,4036.43,4036.85,4033.96,4035.925,3139
2026-08-03 20:50:00,4035.955,4037.115,4033.755,4035.78,3568
2026-08-03 20:55:00,4035.82,4039.335,4035.82,4036.33,3371
2026-08-03 21:00:00,4036.31,4036.755,4031.91,4032.065,3526
2026-08-03 21:05:00,4032.075,4037.245,4030.44,4034.755,3972
2026-08-03 21:10:00,4034.735,4035.84,4032.215,4033.375,3186
2026-08-03 21:15:00,4033.37,4037.63,4033.35,4036.715,2758
2026-08-03 21:20:00,4036.735,4038.545,4036,4037.405,3264
2026-08-03 21:25:00,4037.395,4037.93,4030.8,4032.92,5061
2026-08-03 21:30:00,4032.9,4034.695,4031.065,4033.265,3644
2026-08-03 21:35:00,4033.27,4037.05,4033.2,4036.855,3461
2026-08-03 21:40:00,4036.85,4038.99,4036.455,4036.825,2496
2026-08-03 21:45:00,4036.875,4041.035,4036.765,4037.705,2671
2026-08-03 21:50:00,4037.71,4040.025,4037.31,4038.01,2193
2026-08-03 21:55:00,4038.02,4038.13,4035.49,4036.145,1973
2026-08-03 22:00:00,4036.16,4037.685,4035.425,4036.68,2223
2026-08-03 22:05:00,4036.685,4036.79,4034.75,4035.445,1820
2026-08-03 22:10:00,4035.45,4036.755,4035.35,4036.665,1844
2026-08-03 22:15:00,4036.645,4037.755,4035.285,4035.735,2261
2026-08-03 22:20:00,4035.91,4038.025,4035.005,4037.965,1783
2026-08-03 22:25:00,4037.96,4038.62,4036.295,4037.03,2236
2026-08-03 22:30:00,4037.035,4037.965,4035.605,4037.82,2478
2026-08-03 22:35:00,4037.755,4038.845,4036.225,4036.765,2391
2026-08-03 22:40:00,4036.77,4039.31,4036.77,4038.665,1935
2026-08-03 22:45:00,4038.685,4038.83,4037.225,4037.35,1828
2026-08-03 22:50:00,4037.36,4038.05,4035.8,4036.235,1854
2026-08-03 22:55:00,4036.21,4037.83,4035.96,4037.045,1819
2026-08-03 23:00:00,4037.065,4037.755,4033.36,4034.25,2324
2026-08-03 23:05:00,4034.26,4035.235,4033.875,4034.935,1459
2026-08-03 23:10:00,4034.935,4035.085,4033.895,4034.39,1368
2026-08-03 23:15:00,4034.385,4037.865,4034.28,4036.435,2081
2026-08-03 23:20:00,4036.44,4036.575,4034.22,4035.29,2172
2026-08-03 23:25:00,4035.285,4036.535,4034,4034.45,2734
2026-08-03 23:30:00,4034.47,4035.355,4034.16,4035,1557
2026-08-03 23:35:00,4034.995,4037.06,4034.595,4036.31,1749
2026-08-03 23:40:00,4036.35,4036.68,4035.4,4036.14,1314
2026-08-03 23:45:00,4036.155,4036.5,4034.125,4034.125,1285
2026-08-03 23:50:00,4034.14,4034.435,4030.59,4030.815,1611
2026-08-03 23:55:00,4030.83,4031.43,4030.315,4030.635,1433
2026-08-04 00:00:00,4030.625,4032.34,4029.755,4031.93,2062
2026-08-04 00:05:00,4031.945,4036.855,4031.945,4036.625,1638
2026-08-04 00:10:00,4036.625,4038.585,4034.965,4035.115,2029
2026-08-04 00:15:00,4035.17,4039,4035,4037.62,1861
2026-08-04 00:20:00,4037.585,4038.645,4036.86,4037.195,1764
2026-08-04 00:25:00,4037.175,4038.4,4036.315,4038.025,1783
2026-08-04 00:30:00,4038.02,4038.54,4036.565,4036.995,1467
2026-08-04 00:35:00,4036.99,4038.63,4036.89,4037.8,1250
2026-08-04 00:40:00,4037.825,4041.59,4037.61,4041.54,1529
2026-08-04 00:45:00,4041.525,4042.705,4040.545,4042.56,1769
2026-08-04 00:50:00,4042.55,4044.205,4042.035,4043.905,1677
2026-08-04 00:55:00,4043.915,4045.145,4043.08,4043.545,1881
2026-08-04 01:00:00,4043.52,4048.575,4043.52,4048.165,2222
2026-08-04 01:05:00,4048.145,4049.55,4045.865,4046.13,2221
2026-08-04 01:10:00,4046.135,4048.385,4045.4,4046.405,1623
2026-08-04 01:15:00,4046.395,4049.435,4046.37,4048.065,1647
2026-08-04 01:20:00,4048.14,4053.42,4048.12,4053.09,2097
2026-08-04 01:25:00,4053.105,4054.405,4052.215,4053.08,2074
2026-08-04 01:30:00,4053.09,4055.87,4052.11,4053.14,1905
2026-08-04 01:35:00,4053.12,4054.99,4053.055,4054.185,1729
2026-08-04 01:40:00,4054.17,4054.845,4052.905,4054.12,1446
2026-08-04 01:45:00,4054.13,4055.56,4052.645,4054.73,1520
2026-08-04 01:50:00,4054.735,4055.825,4053.75,4054.365,1798
2026-08-04 01:55:00,4054.35,4054.37,4051.72,4052.125,2749
2026-08-04 02:00:00,4052.12,4052.265,4050.3,4051.6,1286
2026-08-04 02:05:00,4051.65,4052.33,4050.865,4051.735,656
2026-08-04 02:10:00,4051.77,4053.005,4051.345,4052.645,547
2026-08-04 02:15:00,4052.645,4052.715,4051.595,4051.855,626
2026-08-04 02:20:00,4051.845,4054.67,4051.53,4054.365,494
2026-08-04 02:25:00,4054.33,4056.055,4053.565,4054.4,826
2026-08-04 02:30:00,4054.405,4058.28,4053.945,4057.61,905
2026-08-04 02:35:00,4057.635,4057.965,4056.71,4057.42,604
2026-08-04 02:40:00,4057.405,4057.58,4056.215,4056.325,473
2026-08-04 02:45:00,4056.33,4056.98,4056.005,4056.355,614
2026-08-04 02:50:00,4056.35,4057.225,4054.5,4054.88,856
2026-08-04 02:55:00,4054.885,4056.125,4054.7,4055.3,747
2026-08-04 04:00:00,4055.325,4055.325,4050.29,4051.675,1128
2026-08-04 04:05:00,4051.725,4052.42,4049.31,4050.875,396
2026-08-04 04:10:00,4050.875,4052.16,4049.93,4051.51,411
2026-08-04 04:15:00,4051.475,4052.395,4050.905,4051.12,408
2026-08-04 04:20:00,4051.195,4052.675,4050.91,4052.225,352
2026-08-04 04:25:00,4052.24,4052.325,4051,4052.245,385
2026-08-04 04:30:00,4052.235,4053.58,4051.695,4053.22,568
2026-08-04 04:35:00,4053.22,4053.495,4052.565,4053.4,564
2026-08-04 04:40:00,4053.41,4053.55,4052.7,4052.94,410
2026-08-04 04:45:00,4052.91,4053.42,4052.035,4052.27,607
2026-08-04 04:50:00,4052.265,4052.665,4051.28,4051.695,764
2026-08-04 04:55:00,4051.72,4053.56,4051.505,4052.91,734
2026-08-04 05:00:00,4052.89,4053.87,4051.38,4053.115,1197
2026-08-04 05:05:00,4053.125,4055.11,4051.995,4052.1,1389
2026-08-04 05:10:00,4052.1,4052.14,4050.165,4051.51,594
2026-08-04 05:15:00,4051.505,4052.965,4050.685,4052.84,719
2026-08-04 05:20:00,4052.84,4054.765,4051.05,4052.43,1328
2026-08-04 05:25:00,4052.43,4052.605,4051.31,4051.84,607
2026-08-04 05:30:00,4051.885,4052.085,4051.205,4051.84,433
2026-08-04 05:35:00,4051.835,4052.95,4051.18,4052.08,472
2026-08-04 05:40:00,4052.12,4052.855,4051.615,4052.425,538
2026-08-04 05:45:00,4052.53,4054.07,4051.32,4051.825,1747
2026-08-04 05:50:00,4051.835,4052.92,4051.65,4052.49,822
2026-08-04 05:55:00,4052.485,4053.985,4052.315,4053.935,878
2026-08-04 06:00:00,4053.975,4063.65,4053.19,4059.765,3497
2026-08-04 06:05:00,4059.81,4067.655,4059.4,4067.395,2760
2026-08-04 06:10:00,4067.455,4069.495,4063.14,4063.83,2991
2026-08-04 06:15:00,4063.82,4064.62,4062.135,4062.945,1530
2026-08-04 06:20:00,4062.945,4063.71,4058.22,4059.38,2114
2026-08-04 06:25:00,4059.35,4061.03,4058.49,4059.18,1549
2026-08-04 06:30:00,4059.175,4060.855,4057.945,4060.13,1527
2026-08-04 06:35:00,4060.13,4060.21,4056.765,4058.2,1501
2026-08-04 06:40:00,4058.205,4058.48,4055.65,4056.45,1683
2026-08-04 06:45:00,4056.475,4057.84,4055.325,4056.75,2017
2026-08-04 06:50:00,4056.77,4058.19,4054.265,4055.36,2772
2026-08-04 06:55:00,4055.45,4055.74,4048.755,4049.22,2558
2026-08-04 07:00:00,4049.225,4050.83,4045.45,4046.855,5627
2026-08-04 07:05:00,4046.815,4047.27,4042.62,4044.98,3915
2026-08-04 07:10:00,4044.94,4048.62,4043.345,4046.965,2703
2026-08-04 07:15:00,4046.975,4050.6,4046.975,4050.015,2877
2026-08-04 07:20:00,4050.03,4050.855,4047.995,4048.94,2222
2026-08-04 07:25:00,4048.975,4052.585,4048.19,4049.275,2840
2026-08-04 07:30:00,4049.34,4051.745,4048.45,4049.125,2707
2026-08-04 07:35:00,4049.12,4056.04,4048.975,4052.805,3660
2026-08-04 07:40:00,4052.81,4060.335,4052.3,4059.305,2886
2026-08-04 07:45:00,4059.29,4060.875,4057.41,4057.415,2912
2026-08-04 07:50:00,4057.41,4062.08,4056.685,4059.825,3673
2026-08-04 07:55:00,4059.815,4061.4,4058.25,4058.785,2667
2026-08-04 08:00:00,4058.805,4061.285,4056.85,4057.17,3358
2026-08-04 08:05:00,4057.16,4057.795,4055.885,4056.92,2299
2026-08-04 08:10:00,4056.92,4059.305,4056.305,4058.445,2313
2026-08-04 08:15:00,4058.45,4059.55,4057.755,4059.085,1671
2026-08-04 08:20:00,4059.09,4060.01,4056.87,4057.17,2272
2026-08-04 08:25:00,4057.18,4058.055,4055.985,4056.885,1650
2026-08-04 08:30:00,4056.89,4060.205,4055.75,4057.935,2370
2026-08-04 08:35:00,4057.91,4065.045,4057.91,4063.605,2578
2026-08-04 08:40:00,4063.61,4063.97,4060.245,4061.855,2423
2026-08-04 08:45:00,4061.895,4062.51,4060.335,4060.78,2196
2026-08-04 08:50:00,4060.755,4061.88,4059.895,4060.18,1703
2026-08-04 08:55:00,4060.16,4061.485,4058.205,4059,2163
2026-08-04 09:00:00,4058.94,4060.8,4057.905,4057.945,2084
2026-08-04 09:05:00,4057.93,4058.88,4056.58,4058.46,1729
2026-08-04 09:10:00,4058.45,4060.61,4057.61,4058.285,1857
2026-08-04 09:15:00,4058.26,4061.25,4058.01,4060.31,1732
2026-08-04 09:20:00,4060.31,4061.89,4058.885,4060.255,2061
2026-08-04 09:25:00,4060.26,4060.565,4057.93,4057.96,1561
2026-08-04 09:30:00,4057.965,4058.895,4055.97,4058.48,1729
2026-08-04 09:35:00,4058.47,4058.7,4056.12,4056.34,1516
2026-08-04 09:40:00,4056.33,4056.44,4052.835,4053.03,1425
2026-08-04 09:45:00,4053.02,4054.73,4052.535,4054.345,1101
2026-08-04 09:50:00,4054.345,4055.665,4054.345,4055.3,905
2026-08-04 09:55:00,4055.29,4055.55,4052.245,4052.645,1191
2026-08-04 10:00:00,4052.655,4053.37,4051.255,4052.57,1395
2026-08-04 10:05:00,4052.555,4054.61,4051.685,4054.61,1184
2026-08-04 10:10:00,4054.59,4057,4054.175,4056.91,1041
2026-08-04 10:15:00,4056.905,4059.715,4056.6,4056.62,1807
2026-08-04 10:20:00,4056.97,4058.28,4056.05,4057.855,1167
2026-08-04 10:25:00,4057.86,4061.83,4057.79,4061.55,1266
2026-08-04 10:30:00,4061.595,4064.46,4060.685,4063.035,1506
2026-08-04 10:35:00,4063.02,4063.54,4062.035,4063.525,1032
2026-08-04 10:40:00,4063.52,4064.16,4062.375,4062.865,960
2026-08-04 10:45:00,4062.86,4066.37,4062.62,4064.885,1169
2026-08-04 10:50:00,4064.87,4065.555,4063.455,4064.485,1258
2026-08-04 10:55:00,4064.485,4065.79,4062.955,4063.845,1259
2026-08-04 11:00:00,4063.835,4064.895,4061.75,4062.035,1581
2026-08-04 11:05:00,4062.045,4063.16,4060.455,4060.74,1262
2026-08-04 11:10:00,4060.74,4060.765,4057.245,4058.13,1284
2026-08-04 11:15:00,4058.12,4061.995,4057.41,4061.98,1229
2026-08-04 11:20:00,4061.995,4063.48,4061.135,4063.315,1069
2026-08-04 11:25:00,4063.335,4064.1,4062.435,4063.355,1170
2026-08-04 11:30:00,4063.335,4067.825,4061.84,4062.165,3294
2026-08-04 11:35:00,4062.16,4062.615,4059.955,4060.73,2013
2026-08-04 11:40:00,4060.765,4063.36,4059.235,4063.005,2123
2026-08-04 11:45:00,4063.045,4064.54,4060.375,4060.93,1963
2026-08-04 11:50:00,4060.95,4062.025,4058.75,4059.27,1723
2026-08-04 11:55:00,4059.225,4063.285,4058.76,4062.005,2238
2026-08-04 12:00:00,4062.015,4066.025,4061.895,4064.34,3778
2026-08-04 12:05:00,4064.335,4066.295,4063.51,4064.055,1940
2026-08-04 12:10:00,4064.045,4065.605,4062.82,4064.405,2166
2026-08-04 12:15:00,4064.355,4064.58,4061.715,4062.28,1854
2026-08-04 12:20:00,4062.285,4065.105,4061.995,4063.03,2110
2026-08-04 12:25:00,4063.025,4063.915,4059.625,4060.015,2161
2026-08-04 12:30:00,4060.06,4060.07,4056.84,4056.985,2330
2026-08-04 12:35:00,4056.975,4057.795,4055.835,4056.935,1797
2026-08-04 12:40:00,4056.965,4060.24,4056.85,4060.23,2092
2026-08-04 12:45:00,4060.22,4062.73,4060.09,4062.23,1962
2026-08-04 12:50:00,4062.22,4063.065,4059.83,4060.52,1778
2026-08-04 12:55:00,4060.51,4063.945,4058.83,4063.565,1864
2026-08-04 13:00:00,4063.585,4065.57,4062.425,4064.765,2376
2026-08-04 13:05:00,4064.74,4065.905,4064.075,4064.385,2269
2026-08-04 13:10:00,4064.365,4065.625,4060.865,4061.09,1951
2026-08-04 13:15:00,4061.1,4065.52,4060.935,4063.22,2272
2026-08-04 13:20:00,4063.225,4065.77,4062.695,4065.765,1782
2026-08-04 13:25:00,4065.77,4065.785,4062.725,4063.115,1872
2026-08-04 13:30:00,4063.11,4066.825,4062.89,4064.925,1739
2026-08-04 13:35:00,4064.935,4066.765,4061.48,4063.075,2247
2026-08-04 13:40:00,4063.085,4064.895,4062.45,4063.015,1492
2026-08-04 13:45:00,4063.025,4065.065,4062.355,4063.935,1375
2026-08-04 13:50:00,4063.905,4066.21,4063.715,4064.905,1293
2026-08-04 13:55:00,4064.875,4065.835,4064.045,4065.615,1119
2026-08-04 14:00:00,4065.62,4072.97,4064.61,4070.005,3014
2026-08-04 14:05:00,4070,4071.18,4068.865,4069.345,2493
2026-08-04 14:10:00,4069.25,4071.43,4068.13,4068.25,2462
2026-08-04 14:15:00,4068.245,4068.795,4066.555,4067.1,1715
2026-08-04 14:20:00,4067.09,4067.255,4061.62,4062.965,1978
2026-08-04 14:25:00,4062.955,4063.595,4060.43,4063.465,2194
2026-08-04 14:30:00,4063.455,4064.48,4061.145,4062.765,2576
2026-08-04 14:35:00,4062.755,4064.455,4058.58,4059.005,2573
2026-08-04 14:40:00,4059.015,4060.125,4058.455,4059.53,1954
2026-08-04 14:45:00,4059.52,4059.725,4055.825,4056.41,2144
2026-08-04 14:50:00,4056.405,4057.525,4055.24,4056.44,2138
2026-08-04 14:55:00,4056.45,4056.475,4054.58,4055.14,1669
2026-08-04 15:00:00,4055.135,4055.525,4053.05,4053.43,2079
2026-08-04 15:05:00,4053.4,4053.695,4050.605,4051.215,1978
2026-08-04 15:10:00,4051.195,4051.46,4048.645,4050.81,1988
2026-08-04 15:15:00,4050.795,4052.21,4049.895,4051.04,1833
2026-08-04 15:20:00,4051.03,4052.03,4048.76,4050.715,1736
2026-08-04 15:25:00,4050.72,4051.9,4049.605,4050.385,2138
2026-08-04 15:30:00,4050.415,4051.5,4049.055,4049.715,2085
2026-08-04 15:35:00,4049.72,4049.835,4045.91,4047.775,1477
2026-08-04 15:40:00,4047.78,4050.56,4047.78,4050.425,1474
2026-08-04 15:45:00,4050.42,4051.12,4048.22,4050.27,1693
2026-08-04 15:50:00,4050.255,4050.525,4047.83,4048.28,1290
2026-08-04 15:55:00,4048.275,4049.865,4047.495,4049.855,1305
2026-08-04 16:00:00,4049.85,4049.98,4048.425,4049.805,1597
2026-08-04 16:05:00,4049.795,4049.875,4047.195,4047.245,1523
2026-08-04 16:10:00,4047.25,4049.51,4047.01,4049.14,1375
2026-08-04 16:15:00,4049.13,4049.71,4045.6,4048.405,1466
2026-08-04 16:20:00,4048.38,4049.415,4047.6,4048.575,1009
2026-08-04 16:25:00,4048.565,4050.06,4047.935,4049.175,1007
2026-08-04 16:30:00,4049.185,4051.735,4049.185,4050.485,1721
2026-08-04 16:35:00,4050.48,4050.7,4048.885,4049.145,1040
2026-08-04 16:40:00,4049.125,4054.255,4046.605,4052.805,2293
2026-08-04 16:45:00,4052.78,4060.78,4052.53,4058.315,7224
2026-08-04 16:50:00,4058.32,4058.42,4053.455,4055.015,3348
2026-08-04 16:55:00,4055,4056.135,4053.325,4053.92,2853
2026-08-04 17:00:00,4053.93,4055.785,4052.565,4055.185,3160
2026-08-04 17:05:00,4055.18,4055.79,4052.41,4055.29,2290
2026-08-04 17:10:00,4055.305,4058.9,4054.085,4056.78,2397
2026-08-04 17:15:00,4056.77,4057.915,4055.845,4055.855,1876
2026-08-04 17:20:00,4055.845,4059.265,4055.515,4058.56,2024
2026-08-04 17:25:00,4058.565,4061.025,4058.135,4060.875,2049
2026-08-04 17:30:00,4060.945,4065.07,4060.065,4062.37,3248
2026-08-04 17:35:00,4062.38,4064.42,4061.3,4063.72,2932
2026-08-04 17:40:00,4063.73,4070.545,4060.025,4069.635,4483
2026-08-04 17:45:00,4069.67,4079.91,4067.21,4076.355,6884
2026-08-04 17:50:00,4076.32,4084.35,4074.43,4075.99,6631
2026-08-04 17:55:00,4075.985,4076.295,4069.3,4075.11,4818
2026-08-04 18:00:00,4075.12,4076.17,4065.97,4068.54,5844
2026-08-04 18:05:00,4068.545,4070.43,4062.825,4063.44,4515
2026-08-04 18:10:00,4063.445,4064.505,4061.06,4062.22,3426
2026-08-04 18:15:00,4062.235,4065.945,4061.25,4065.82,2889
2026-08-04 18:20:00,4065.805,4069.09,4065.405,4067.045,3712
2026-08-04 18:25:00,4067.05,4070.44,4066.415,4068.16,2833
2026-08-04 18:30:00,4068.175,4076.555,4068.175,4076.335,3652
2026-08-04 18:35:00,4076.33,4083.69,4075.735,4082.63,4629
2026-08-04 18:40:00,4082.675,4084.48,4078.065,4078.11,4068
2026-08-04 18:45:00,4078.095,4079.38,4075.575,4076.265,3408
2026-08-04 18:50:00,4076.28,4077.71,4073.345,4074.085,3106
2026-08-04 18:55:00,4074.105,4075.79,4069.575,4071,3275
2026-08-04 19:00:00,4070.995,4071.81,4062.835,4064.17,6591
2026-08-04 19:05:00,4064.19,4066.01,4061.36,4064.65,4165
2026-08-04 19:10:00,4064.645,4066.44,4062.17,4063.95,3672
2026-08-04 19:15:00,4063.94,4065.535,4062.47,4063.82,3462
2026-08-04 19:20:00,4063.815,4091.23,4063.715,4081.555,8625
2026-08-04 19:25:00,4081.55,4082.335,4077.665,4078.69,5181
2026-08-04 19:30:00,4078.645,4084.95,4076.05,4083.355,7633
2026-08-04 19:35:00,4083.37,4089.085,4083.035,4088.56,7243
2026-08-04 19:40:00,4088.575,4091.77,4083.435,4083.475,6405
2026-08-04 19:45:00,4083.47,4093.84,4081.785,4092.705,6721
2026-08-04 19:50:00,4092.7,4094.04,4086.645,4086.835,5583
2026-08-04 19:55:00,4086.88,4087.36,4083.455,4084.815,3982
2026-08-04 20:00:00,4084.455,4090.6,4083.12,4088.035,4600
2026-08-04 20:05:00,4088.04,4090.83,4085.515,4090.02,4352
2026-08-04 20:10:00,4090.01,4091.57,4088.48,4090.19,4386
2026-08-04 20:15:00,4090.21,4092.035,4082.475,4083.52,5089
2026-08-04 20:20:00,4083.53,4085.005,4080.76,4081.965,4932
2026-08-04 20:25:00,4082.035,4086.83,4081.42,4083.915,4744
2026-08-04 20:30:00,4083.945,4086.825,4077.165,4077.715,5796
2026-08-04 20:35:00,4077.735,4084.4,4074.485,4079.185,6313
2026-08-04 20:40:00,4079.14,4080.94,4076.815,4080.025,4889
2026-08-04 20:45:00,4079.945,4081.305,4077.915,4080.585,4164
2026-08-04 20:50:00,4080.565,4084.73,4080.31,4084.16,4797
2026-08-04 20:55:00,4084.13,4084.84,4081.925,4083.61,3004
2026-08-04 21:00:00,4083.59,4084.19,4081.18,4081.66,3379
2026-08-04 21:05:00,4081.66,4085.325,4079.78,4085.125,3027
2026-08-04 21:10:00,4085.105,4085.71,4083.195,4084.15,3390
2026-08-04 21:15:00,4084.195,4084.5,4076.025,4076.765,4608
2026-08-04 21:20:00,4076.775,4078.005,4074.785,4076.17,4260
2026-08-04 21:25:00,4076.16,4078.6,4075.35,4078.445,3873
2026-08-04 21:30:00,4078.455,4080.185,4076.77,4077.645,3654
2026-08-04 21:35:00,4077.66,4087.095,4076.645,4083.69,5499
2026-08-04 21:40:00,4083.695,4087.435,4083.465,4084.105,4736
2026-08-04 21:45:00,4084.085,4085.78,4082.88,4083.38,3805
2026-08-04 21:50:00,4083.36,4087.96,4083.28,4087.52,3738
2026-08-04 21:55:00,4087.515,4088.86,4086.06,4087.355,3028
2026-08-04 22:00:00,4087.345,4088.595,4085.83,4086.285,3417
2026-08-04 22:05:00,4086.31,4087.12,4084.435,4086.83,3063
2026-08-04 22:10:00,4086.82,4087.515,4084.575,4085.15,2846
2026-08-04 22:15:00,4085.155,4085.78,4083.185,4083.665,2406
2026-08-04 22:20:00,4083.66,4088.375,4083.62,4087.395,2778
2026-08-04 22:25:00,4087.39,4089.905,4086.205,4087.71,2498
2026-08-04 22:30:00,4087.72,4088.545,4086.87,4087.91,2181
2026-08-04 22:35:00,4087.9,4087.9,4085.03,4085.915,2592
2026-08-04 22:40:00,4085.925,4089.48,4085.495,4089.2,2285
2026-08-04 22:45:00,4089.225,4093.605,4088.745,4092.915,2757
2026-08-04 22:50:00,4092.9,4093.675,4090.975,4090.975,2299
2026-08-04 22:55:00,4090.91,4093.67,4090.26,4093.46,2355
2026-08-04 23:00:00,4093.44,4102.535,4092.555,4102.315,4609
2026-08-04 23:05:00,4102.32,4106.405,4099.69,4099.98,4307
2026-08-04 23:10:00,4099.96,4101.67,4098.115,4100.125,3601
2026-08-04 23:15:00,4100.115,4101.345,4097.245,4097.745,3132
2026-08-04 23:20:00,4097.74,4100.815,4097.545,4100.035,2974
2026-08-04 23:25:00,4100.07,4100.79,4094.385,4094.795,3798
2026-08-04 23:30:00,4094.79,4094.94,4091.84,4093.885,2888
2026-08-04 23:35:00,4093.865,4095.83,4093.78,4094.955,2049
2026-08-04 23:40:00,4094.94,4096.315,4093.975,4095.575,1802
2026-08-04 23:45:00,4095.535,4096.52,4093.72,4093.775,2180
2026-08-04 23:50:00,4093.745,4094.36,4089.69,4089.72,2553
2026-08-04 23:55:00,4089.71,4091.24,4086.22,4086.24,2914
2026-08-05 00:00:00,4086.23,4088.66,4084.99,4086.91,4000
2026-08-05 00:05:00,4086.925,4089.03,4086.92,4088.075,2672
2026-08-05 00:10:00,4088.1,4088.8,4086.48,4088.795,2825
2026-08-05 00:15:00,4088.78,4088.845,4086.22,4086.8,2369
2026-08-05 00:20:00,4086.795,4089.2,4086.295,4087.06,2209
2026-08-05 00:25:00,4087.04,4088.25,4084.445,4084.65,2534
2026-08-05 00:30:00,4084.655,4085.865,4082.76,4082.865,2391
2026-08-05 00:35:00,4082.87,4083.5,4078.435,4078.925,2488
2026-08-05 00:40:00,4078.915,4080.175,4076.36,4076.705,3251
2026-08-05 00:45:00,4076.71,4080.43,4075.25,4080.045,2842
2026-08-05 00:50:00,4080.03,4080.995,4078.755,4079.655,1929
2026-08-05 00:55:00,4079.705,4081.305,4079.445,4079.975,2299
2026-08-05 01:00:00,4079.985,4082.22,4078.825,4080.6,2116
2026-08-05 01:05:00,4080.605,4084.27,4080.245,4084.26,1792
2026-08-05 01:10:00,4084.255,4084.345,4081.8,4081.83,2051
2026-08-05 01:15:00,4081.835,4084.91,4081.44,4084.34,2258
2026-08-05 01:20:00,4084.31,4084.57,4080.31,4080.395,1974
2026-08-05 01:25:00,4080.4,4081.2,4079.475,4080.32,1835
2026-08-05 01:30:00,4080.31,4080.81,4078.98,4080.805,2241
2026-08-05 01:35:00,4080.8,4081.48,4079.825,4081.05,1738
2026-08-05 01:40:00,4081.065,4082.64,4080.725,4081.53,1609
2026-08-05 01:45:00,4081.525,4082.335,4079.545,4080.415,1374
2026-08-05 01:50:00,4080.455,4080.545,4077.105,4077.37,2183
2026-08-05 01:55:00,4077.46,4079.54,4076.4,4078.68,2700
2026-08-05 02:00:00,4078.655,4079.625,4078.405,4078.61,1884
2026-08-05 02:05:00,4078.62,4079.955,4078.445,4079.75,1077
2026-08-05 02:10:00,4079.76,4080.395,4078.44,4079.145,1462
2026-08-05 02:15:00,4079.105,4079.105,4074.995,4075.585,2248
2026-08-05 02:20:00,4075.58,4076.135,4074.74,4075.385,1489
2026-08-05 02:25:00,4075.37,4076.57,4074.925,4075.525,973
2026-08-05 02:30:00,4075.515,4077.145,4075.285,4077.04,1163
2026-08-05 02:35:00,4077.08,4077.955,4076.895,4077.425,849
2026-08-05 02:40:00,4077.5,4078.755,4077.22,4077.74,1010
2026-08-05 02:45:00,4077.67,4077.67,4076.29,4077.08,1072
2026-08-05 02:50:00,4077.075,4078.35,4076.725,4076.985,973
2026-08-05 02:55:00,4076.99,4078.205,4076.795,4077.685,991
2026-08-05 04:00:00,4081.685,4081.685,4076.775,4078.535,608
2026-08-05 04:05:00,4078.585,4078.75,4076.95,4076.99,399
2026-08-05 04:10:00,4077.03,4077.965,4076.56,4077.075,548
2026-08-05 04:15:00,4077.04,4077.6,4075.875,4077.4,933
2026-08-05 04:20:00,4077.415,4077.985,4075.935,4077.755,927
2026-08-05 04:25:00,4077.75,4079.975,4077.625,4079.835,941
2026-08-05 04:30:00,4079.87,4081.095,4079.405,4081,989
2026-08-05 04:35:00,4081.03,4084.715,4080.875,4084.495,1114
2026-08-05 04:40:00,4084.495,4085.95,4082.85,4084.11,1366
2026-08-05 04:45:00,4084.145,4084.695,4081.31,4082.865,1511
2026-08-05 04:50:00,4082.865,4084.095,4080.52,4081.185,1205
2026-08-05 04:55:00,4081.21,4081.275,4075.74,4075.75,1531
2026-08-05 05:00:00,4075.765,4077.365,4068.65,4070.125,3047
2026-08-05 05:05:00,4070.11,4072,4069.475,4071.83,1498
2026-08-05 05:10:00,4071.845,4074.165,4069.465,4073.655,1563
2026-08-05 05:15:00,4073.645,4074.84,4072.035,4072.155,1125
2026-08-05 05:20:00,4072.19,4072.46,4067.9,4068.61,1249
2026-08-05 05:25:00,4068.59,4069.01,4065.535,4067.28,1850
2026-08-05 05:30:00,4067.275,4070.165,4066.04,4068.405,1579
2026-08-05 05:35:00,4068.41,4069.745,4068.025,4069.465,746
2026-08-05 05:40:00,4069.465,4070.01,4068.64,4069.305,640
2026-08-05 05:45:00,4069.365,4071.88,4069.23,4071.815,1400
2026-08-05 05:50:00,4071.825,4072.355,4071.4,4071.615,1207
2026-08-05 05:55:00,4071.62,4073.75,4071.61,4072.575,1141
2026-08-05 06:00:00,4072.565,4074.17,4070.485,4073.325,2583
2026-08-05 06:05:00,4073.335,4074.26,4072.365,4072.51,2135
2026-08-05 06:10:00,4072.475,4073.3,4071.41,4071.815,2058
2026-08-05 06:15:00,4071.825,4075.82,4071.445,4075.045,2353
2026-08-05 06:20:00,4075.07,4077.69,4073.98,4076.95,1947
2026-08-05 06:25:00,4076.935,4078.99,4076.22,4078.715,1452
2026-08-05 06:30:00,4078.735,4081.09,4078.695,4080.62,1416
2026-08-05 06:35:00,4080.63,4083.165,4080.4,4080.745,1640
2026-08-05 06:40:00,4080.755,4081.71,4078.11,4078.24,1755
2026-08-05 06:45:00,4078.26,4079.695,4077.8,4078.975,1998
2026-08-05 06:50:00,4078.98,4083.575,4078.82,4083.495,2235
2026-08-05 06:55:00,4083.46,4083.5,4081.59,4082.51,1985
2026-08-05 07:00:00,4082.54,4085.645,4077.66,4080.385,5501
2026-08-05 07:05:00,4080.4,4083.43,4079.87,4082.275,3287
2026-08-05 07:10:00,4082.255,4087.015,4081.885,4085.935,3089
2026-08-05 07:15:00,4085.96,4088.76,4085.06,4087.895,3110
2026-08-05 07:20:00,4087.87,4088.375,4084.98,4085.09,2964
2026-08-05 07:25:00,4085.01,4085.375,4082.795,4084.775,2857
2026-08-05 07:30:00,4084.765,4086.705,4080.135,4085.04,2873
2026-08-05 07:35:00,4085.025,4090.26,4084.58,4090.06,2833
2026-08-05 07:40:00,4090.015,4093.24,4089.71,4093.095,2322
2026-08-05 07:45:00,4093.115,4095.05,4092.885,4094.365,2490
2026-08-05 07:50:00,4094.32,4096.16,4093.125,4096.1,2399
2026-08-05 07:55:00,4096.11,4102.68,4096.11,4101.41,2782
2026-08-05 08:00:00,4101.38,4102.955,4097.95,4098.465,3271
2026-08-05 08:05:00,4098.48,4098.915,4096.595,4097.535,2059
2026-08-05 08:10:00,4097.55,4100.66,4097.085,4099.79,2172
2026-08-05 08:15:00,4099.795,4101,4095.5,4098.86,2089
2026-08-05 08:20:00,4098.865,4103.85,4098.485,4102.35,2519
2026-08-05 08:25:00,4102.355,4108.555,4102.355,4103.58,2607
2026-08-05 08:30:00,4103.59,4108.605,4101.62,4107.915,4010
2026-08-05 08:35:00,4107.92,4122.205,4107.845,4120.525,5454
2026-08-05 08:40:00,4120.455,4128.965,4119.96,4128.4,5066
2026-08-05 08:45:00,4128.385,4131.315,4126.37,4130.48,4964
2026-08-05 08:50:00,4130.45,4132.76,4124.68,4131.185,4308
2026-08-05 08:55:00,4131.215,4135.48,4129.195,4129.285,3770
2026-08-05 09:00:00,4129.275,4130.795,4127.075,4128.9,3110
2026-08-05 09:05:00,4128.88,4135.23,4128.1,4132.64,3175
2026-08-05 09:10:00,4132.63,4136.225,4132.41,4135.935,2544
2026-08-05 09:15:00,4135.945,4136.66,4130.685,4131.285,2506
2026-08-05 09:20:00,4131.255,4133.075,4130.53,4131.6,1993
2026-08-05 09:25:00,4131.605,4132.435,4129.97,4130.465,2225
2026-08-05 09:30:00,4130.47,4130.885,4127.695,4128.37,2162
2026-08-05 09:35:00,4128.38,4129.255,4127.62,4127.635,1578
2026-08-05 09:40:00,4127.64,4129.035,4127.59,4128.62,1299
2026-08-05 09:45:00,4128.625,4130.405,4127.645,4127.645,1374
2026-08-05 09:50:00,4127.63,4128.94,4127.61,4128.425,1027
2026-08-05 09:55:00,4128.395,4129.665,4127.62,4128.37,965
2026-08-05 10:00:00,4128.375,4136.235,4128.315,4134.99,2022
2026-08-05 10:05:00,4135.055,4140.115,4133.925,4139.51,2190
2026-08-05 10:10:00,4139.515,4141.52,4137.945,4138.635,2112
2026-08-05 10:15:00,4138.645,4141.09,4137.885,4140.75,1550
2026-08-05 10:20:00,4140.785,4141.155,4138.6,4139.08,1217
2026-08-05 10:25:00,4139.065,4140.09,4138.055,4138.695,1169
2026-08-05 10:30:00,4138.695,4138.925,4136.96,4137.545,1212
2026-08-05 10:35:00,4137.535,4137.74,4133.395,4134.73,1407
2026-08-05 10:40:00,4134.74,4136.4,4134.47,4134.71,1036
2026-08-05 10:45:00,4134.705,4135.635,4132.42,4132.745,1179
2026-08-05 10:50:00,4132.755,4135.485,4132.575,4134.805,1141
2026-08-05 10:55:00,4134.755,4136.29,4133.955,4135.605,1182
2026-08-05 11:00:00,4135.595,4137.345,4134.81,4136.795,1652
2026-08-05 11:05:00,4136.775,4138.255,4135.59,4135.92,2100
2026-08-05 11:10:00,4135.955,4138.205,4135.805,4137.305,1242
2026-08-05 11:15:00,4137.33,4138.325,4135.49,4137.51,1137
2026-08-05 11:20:00,4137.495,4142.27,4137.235,4141.565,1551
2026-08-05 11:25:00,4141.545,4141.7,4138.33,4139.69,1689
2026-08-05 11:30:00,4139.685,4146.595,4139.685,4143.625,3842
2026-08-05 11:35:00,4143.595,4154.26,4142.805,4152.205,4674
2026-08-05 11:40:00,4152.13,4159.48,4149.515,4157.505,5346
2026-08-05 11:45:00,4157.505,4172.01,4157.165,4165.01,6019
2026-08-05 11:50:00,4165.005,4173.175,4164.895,4167.08,4268
2026-08-05 11:55:00,4167.31,4171.755,4161.335,4161.395,4498
2026-08-05 12:00:00,4161.44,4166.32,4160.195,4162.375,4682
2026-08-05 12:05:00,4162.36,4170.175,4160.75,4170.13,3519
2026-08-05 12:10:00,4170.12,4174.405,4169.055,4173.305,4008
2026-08-05 12:15:00,4173.285,4173.52,4166.21,4166.415,3977
2026-08-05 12:20:00,4166.43,4167.945,4161.225,4166.02,3730
2026-08-05 12:25:00,4166.025,4169.105,4163.84,4168.895,3525
2026-08-05 12:30:00,4168.9,4174.035,4167.17,4173.245,3366
2026-08-05 12:35:00,4173.31,4178.5,4173.3,4175.575,3799
2026-08-05 12:40:00,4175.605,4177.15,4172.96,4175.845,3327
2026-08-05 12:45:00,4175.84,4176.61,4172.395,4175.955,2938
2026-08-05 12:50:00,4175.94,4176.74,4173.165,4175.735,2631
2026-08-05 12:55:00,4175.755,4178.52,4175.455,4177.61,3216
2026-08-05 13:00:00,4177.63,4179.535,4170.585,4170.83,3878
2026-08-05 13:05:00,4170.82,4172.705,4169.025,4170.41,3025
2026-08-05 13:10:00,4170.43,4171.975,4166.38,4166.42,2685
2026-08-05 13:15:00,4166.43,4169.325,4166.055,4169,3032
2026-08-05 13:20:00,4168.985,4169.395,4166.67,4168.385,3199
2026-08-05 13:25:00,4168.36,4169.065,4163.225,4164.375,2550
2026-08-05 13:30:00,4164.395,4165.62,4163.04,4163.535,2242
2026-08-05 13:35:00,4163.54,4166.695,4162.31,4165.18,2306
2026-08-05 13:40:00,4165.185,4166.955,4164.465,4166.715,1892
2026-08-05 13:45:00,4166.725,4168.88,4164.325,4166.27,1992
2026-08-05 13:50:00,4166.275,4167.995,4164.96,4165.49,1575
2026-08-05 13:55:00,4165.485,4172.085,4165.405,4170.94,2079
2026-08-05 14:00:00,4170.895,4172.755,4169.225,4170.67,2458
2026-08-05 14:05:00,4170.665,4170.69,4168.31,4169.735,2054
2026-08-05 14:10:00,4169.725,4169.815,4164.955,4165.52,2555
2026-08-05 14:15:00,4165.535,4168.3,4165.445,4166.68,2247
2026-08-05 14:20:00,4166.655,4166.98,4162.225,4162.885,2493
2026-08-05 14:25:00,4162.89,4165.25,4162.39,4164.505,2594
2026-08-05 14:30:00,4164.53,4166.17,4162.915,4165.26,2708
2026-08-05 14:35:00,4165.27,4165.695,4163.66,4164.41,2498
2026-08-05 14:40:00,4164.4,4167.185,4161.56,4166.315,4030
2026-08-05 14:45:00,4166.32,4166.445,4160.105,4162.155,4302
2026-08-05 14:50:00,4162.17,4162.635,4160.21,4161.605,3371
2026-08-05 14:55:00,4161.595,4161.88,4159.18,4160.63,2311
2026-08-05 15:00:00,4160.62,4164.955,4160.585,4164.325,2907
2026-08-05 15:05:00,4164.33,4167.29,4164.255,4164.57,3757
2026-08-05 15:10:00,4164.61,4165.64,4162.205,4162.96,2222
2026-08-05 15:15:00,4162.975,4162.985,4159.5,4160.3,2215
2026-08-05 15:20:00,4160.28,4161.42,4155.325,4157.435,2545
2026-08-05 15:25:00,4157.455,4158.53,4156.205,4157.68,1856
2026-08-05 15:30:00,4157.715,4158.705,4154.515,4156.93,3535
2026-08-05 15:35:00,4156.915,4159.265,4154.485,4157.755,2950
2026-08-05 15:40:00,4157.745,4158.4,4155.24,4158.275,1891
2026-08-05 15:45:00,4158.255,4158.895,4156.56,4157.84,1336
2026-08-05 15:50:00,4157.815,4158.33,4156.48,4157.83,1440
2026-08-05 15:55:00,4157.815,4159.255,4153.2,4158.065,1836
2026-08-05 16:00:00,4158.07,4158.11,4152.075,4152.48,1777
2026-08-05 16:05:00,4152.485,4153.96,4152.385,4153.53,1327
2026-08-05 16:10:00,4153.515,4153.545,4150.455,4151.235,1429
2026-08-05 16:15:00,4151.185,4156.08,4150.325,4156.02,1658
2026-08-05 16:20:00,4156.025,4158.115,4155.575,4156.31,1579
2026-08-05 16:25:00,4156.31,4158.625,4155.245,4156.865,1583
2026-08-05 16:30:00,4156.86,4157.92,4155.005,4155.32,1504
2026-08-05 16:35:00,4155.345,4156.4,4153.925,4155.38,1222
2026-08-05 16:40:00,4155.4,4156.8,4154.105,4155.21,1236
2026-08-05 16:45:00,4155.215,4156.69,4154.24,4155.595,1313
2026-08-05 16:50:00,4155.57,4156.415,4154.08,4156.24,1983
2026-08-05 16:55:00,4156.235,4161.65,4155.955,4161.56,2412
2026-08-05 17:00:00,4161.555,4164.3,4160.925,4164.24,2651
2026-08-05 17:05:00,4164.205,4166.705,4163.245,4166.66,2144
2026-08-05 17:10:00,4166.675,4171.145,4166.255,4171,3428
2026-08-05 17:15:00,4170.995,4173.96,4170.085,4171.475,2275
2026-08-05 17:20:00,4171.47,4173.3,4169.78,4170.52,2290
2026-08-05 17:25:00,4170.51,4180.755,4169.475,4176.18,3732
2026-08-05 17:30:00,4176.2,4181.805,4174.255,4180.86,4140
2026-08-05 17:35:00,4180.855,4187.765,4180.8,4185.065,4841
2026-08-05 17:40:00,4185.055,4188.78,4182.655,4184.945,4470
2026-08-05 17:45:00,4184.94,4187.415,4182.965,4185.935,4089
2026-08-05 17:50:00,4185.95,4189.415,4185.595,4189.175,3454
2026-08-05 17:55:00,4189.155,4192.705,4188.345,4189.02,3260
2026-08-05 18:00:00,4189.025,4195.355,4188.975,4194.865,3934
2026-08-05 18:05:00,4194.86,4199.39,4194.105,4197.97,5027
2026-08-05 18:10:00,4197.98,4200.005,4197.04,4197.36,4013
2026-08-05 18:15:00,4197.18,4208.95,4197.18,4205.37,4993
2026-08-05 18:20:00,4205.36,4213.585,4205.32,4211.32,5105
2026-08-05 18:25:00,4211.31,4211.81,4205.045,4205.33,4752
2026-08-05 18:30:00,4205.365,4209.035,4197.815,4199.79,5168
2026-08-05 18:35:00,4199.795,4204.33,4198.515,4200.425,4071
2026-08-05 18:40:00,4200.45,4200.835,4192.89,4194.765,4540
2026-08-05 18:45:00,4194.76,4195.865,4191.215,4193.86,4345
2026-08-05 18:50:00,4193.865,4194.055,4186.58,4187.335,4306
2026-08-05 18:55:00,4187.385,4188.72,4183.165,4184.045,3834
2026-08-05 19:00:00,4184.04,4195.32,4183.845,4194.13,6271
2026-08-05 19:05:00,4194.115,4197.25,4191.375,4194.17,4696
2026-08-05 19:10:00,4194.225,4195.54,4186.98,4188.115,4842
2026-08-05 19:15:00,4188.105,4190.86,4185.805,4190.53,3933
2026-08-05 19:20:00,4190.52,4197.7,4190.21,4194.735,4203
2026-08-05 19:25:00,4194.715,4198.145,4193.515,4197.05,4195
2026-08-05 19:30:00,4197.095,4204,4194.805,4202.335,7809
2026-08-05 19:35:00,4202.315,4204.98,4192.66,4201.07,8250
2026-08-05 19:40:00,4201.1,4204.28,4197.525,4197.8,7387
2026-08-05 19:45:00,4197.745,4199.57,4190.83,4193.485,6719
2026-08-05 19:50:00,4193.46,4201.215,4189.67,4201.02,7123
2026-08-05 19:55:00,4201.025,4206.995,4200.175,4206.165,6176
2026-08-05 20:00:00,4206.025,4210.905,4203.77,4210.71,8050
2026-08-05 20:05:00,4210.695,4228.585,4210.51,4227.77,10010
2026-08-05 20:10:00,4227.815,4234.845,4225.845,4229.75,9531
2026-08-05 20:15:00,4229.74,4239.005,4226.825,4236.59,8519
2026-08-05 20:20:00,4236.615,4238.485,4230.75,4232.05,8616
2026-08-05 20:25:00,4232.065,4240.625,4231.745,4236.925,8487
2026-08-05 20:30:00,4236.915,4242.525,4229.405,4230.92,8564
2026-08-05 20:35:00,4230.875,4234.225,4228.845,4231.72,7068
2026-08-05 20:40:00,4231.715,4243.5,4229.88,4243.29,6090
2026-08-05 20:45:00,4243.3,4247.815,4241.38,4247.625,7067
2026-08-05 20:50:00,4247.565,4247.58,4233.425,4237.96,7741
2026-08-05 20:55:00,4238.01,4245.96,4236.06,4244.225,6732
2026-08-05 21:00:00,4244.22,4259.81,4242.775,4255.555,7339
2026-08-05 21:05:00,4255.565,4259.46,4251.805,4256.43,6898
2026-08-05 21:10:00,4256.42,4260.985,4255.57,4258.07,6695
2026-08-05 21:15:00,4258.045,4258.59,4250.26,4257.365,6735
2026-08-05 21:20:00,4257.395,4262.02,4256.26,4260.055,5898
2026-08-05 21:25:00,4260.06,4265.265,4257.205,4257.535,5540
2026-08-05 21:30:00,4257.66,4259.375,4254.775,4255.16,4716
2026-08-05 21:35:00,4255.19,4259.845,4254.475,4257.785,3974
2026-08-05 21:40:00,4257.79,4257.87,4252.485,4255.96,4127
2026-08-05 21:45:00,4255.955,4255.975,4249.32,4250.06,5325
2026-08-05 21:50:00,4250.07,4250.455,4241.12,4243.51,5561
2026-08-05 21:55:00,4243.49,4243.59,4232.305,4232.935,5999
2026-08-05 22:00:00,4232.945,4234.45,4225.505,4225.895,5148
2026-08-05 22:05:00,4225.91,4235.655,4224.835,4235.47,4828
2026-08-05 22:10:00,4235.46,4236.36,4231.965,4234.39,4397
2026-08-05 22:15:00,4234.405,4237.085,4232.805,4233.855,4340
2026-08-05 22:20:00,4233.82,4240.535,4233.78,4238.835,3790
2026-08-05 22:25:00,4238.84,4241.855,4238.74,4241.485,3239
2026-08-05 22:30:00,4241.47,4243.665,4239.115,4241.04,3976
2026-08-05 22:35:00,4241.05,4245.89,4240.395,4243.9,3684
2026-08-05 22:40:00,4243.91,4247.09,4243.445,4244.765,3277
2026-08-05 22:45:00,4244.77,4245.64,4241.045,4242.62,3262
2026-08-05 22:50:00,4242.63,4247.465,4242.535,4244.73,3275
2026-08-05 22:55:00,4244.7,4244.78,4238.445,4242.4,3445
2026-08-05 23:00:00,4242.415,4243.46,4239.3,4243.45,3450
2026-08-05 23:05:00,4243.455,4244.475,4241.105,4241.755,2646
2026-08-05 23:10:00,4241.74,4244.18,4241.255,4242.135,2403
2026-08-05 23:15:00,4242.125,4242.125,4238.095,4238.735,3072
2026-08-05 23:20:00,4238.74,4240.455,4236.965,4240.205,2828
2026-08-05 23:25:00,4240.22,4246.6,4237.415,4244.9,4708
2026-08-05 23:30:00,4244.89,4248.315,4240.985,4248.185,3852
2026-08-05 23:35:00,4248.2,4250.67,4246.085,4250.24,3423
2026-08-05 23:40:00,4250.23,4250.925,4247.84,4248.315,2695
2026-08-05 23:45:00,4248.355,4250.995,4247.61,4249.12,2694
2026-08-05 23:50:00,4249.09,4250.44,4248.6,4249.47,2652
2026-08-05 23:55:00,4249.475,4252.59,4249.45,4250.39,2413
2026-08-06 00:00:00,4250.375,4254.51,4249.33,4253.085,3087
2026-08-06 00:05:00,4253.045,4257.475,4252.945,4255.655,2770
2026-08-06 00:10:00,4255.66,4257.615,4253.135,4253.295,2521
2026-08-06 00:15:00,4253.285,4257.45,4253.035,4257.06,2314
2026-08-06 00:20:00,4257.02,4268.005,4256.915,4263.54,3963
2026-08-06 00:25:00,4263.56,4265.565,4262.285,4263.105,2763
2026-08-06 00:30:00,4263.12,4263.92,4254.71,4255.45,3010
2026-08-06 00:35:00,4255.44,4258.38,4255.33,4257.625,2430
2026-08-06 00:40:00,4257.555,4260.445,4257.155,4259.43,2545
2026-08-06 00:45:00,4259.445,4261.58,4258.06,4258.99,2746
2026-08-06 00:50:00,4258.98,4262.675,4258.59,4262.175,2504
2026-08-06 00:55:00,4262.17,4263.62,4260.635,4260.895,2596
2026-08-06 01:00:00,4260.91,4262.225,4259.3,4262.06,2492
2026-08-06 01:05:00,4262.095,4262.21,4257.655,4257.93,2300
2026-08-06 01:10:00,4257.94,4259.115,4256.225,4258.15,2867
2026-08-06 01:15:00,4258.145,4258.365,4250.71,4251.905,3013
2026-08-06 01:20:00,4251.915,4255.655,4250.52,4255.435,2835
2026-08-06 01:25:00,4255.445,4256.165,4252.87,4253.035,2396
2026-08-06 01:30:00,4253.02,4254.245,4249.45,4249.8,3150
2026-08-06 01:35:00,4249.845,4251.075,4248.395,4250.355,2439
2026-08-06 01:40:00,4250.37,4253.695,4250.295,4253.175,2606
2026-08-06 01:45:00,4253.145,4253.52,4248.14,4248.6,2673
2026-08-06 01:50:00,4248.595,4249.835,4247.105,4249.01,2530
2026-08-06 01:55:00,4249.03,4249.37,4246.43,4247.06,3549
2026-08-06 02:00:00,4247.035,4249.63,4246.765,4248.615,1626
2026-08-06 02:05:00,4248.605,4249.005,4247,4247.85,1721
2026-08-06 02:10:00,4247.9,4249.695,4247.62,4249.245,922
2026-08-06 02:15:00,4249.26,4249.785,4245.53,4246.255,1025
2026-08-06 02:20:00,4246.235,4247.375,4245.6,4247.065,758
2026-08-06 02:25:00,4247.07,4247.095,4245.615,4246.35,664
2026-08-06 02:30:00,4246.34,4249.62,4245.975,4249.375,745
2026-08-06 02:35:00,4249.36,4249.415,4246.785,4246.86,549
2026-08-06 02:40:00,4246.89,4247.585,4245.25,4245.595,524
2026-08-06 02:45:00,4245.59,4245.82,4243.665,4244.23,600
2026-08-06 02:50:00,4244.215,4245.445,4243.855,4244.26,879
2026-08-06 02:55:00,4244.28,4247.725,4243.05,4247.56,1273
2026-08-06 04:00:00,4248.6,4254.515,4246.7,4249.56,1397
2026-08-06 04:05:00,4249.43,4249.585,4245.555,4246.72,1210
2026-08-06 04:10:00,4246.685,4248.55,4246.55,4247.78,738
2026-08-06 04:15:00,4247.82,4248.56,4247.115,4247.75,629
2026-08-06 04:20:00,4247.75,4249.14,4247.04,4248.31,534
2026-08-06 04:25:00,4248.26,4248.97,4247.27,4248.08,458
2026-08-06 04:30:00,4248.08,4250.005,4247.78,4249.475,866
2026-08-06 04:35:00,4249.495,4250.39,4249.135,4249.545,827
2026-08-06 04:40:00,4249.535,4250.05,4248.05,4248.32,559
2026-08-06 04:45:00,4248.325,4249.265,4247.825,4248.73,632
2026-08-06 04:50:00,4248.72,4249.39,4248.17,4248.295,638
2026-08-06 04:55:00,4248.32,4250.415,4248.06,4250.14,755
2026-08-06 05:00:00,4250.105,4252.955,4249.235,4252.765,956
2026-08-06 05:05:00,4252.88,4254.605,4251.615,4252.255,939
2026-08-06 05:10:00,4252.245,4258.39,4252.125,4256.295,1231
2026-08-06 05:15:00,4256.29,4260.8,4256.085,4259.55,1268
2026-08-06 05:20:00,4259.555,4262.885,4257.805,4262.18,1145
2026-08-06 05:25:00,4262.155,4264.275,4260.4,4263.58,1070
2026-08-06 05:30:00,4263.605,4265.45,4261.08,4265.195,1308
2026-08-06 05:35:00,4265.215,4279.875,4265.21,4278.035,3653
2026-08-06 05:40:00,4278.16,4282.14,4276.48,4280.68,2443
2026-08-06 05:45:00,4280.665,4280.785,4272.22,4274.79,2781
2026-08-06 05:50:00,4274.815,4277.075,4272.545,4275.685,2392
2026-08-06 05:55:00,4275.7,4279.8,4274.315,4278.29,2395
2026-08-06 06:00:00,4278.405,4278.405,4265.01,4268.435,4078
2026-08-06 06:05:00,4268.44,4277.48,4266.205,4271.685,3603
2026-08-06 06:10:00,4271.695,4273.495,4264.605,4270.885,4002
2026-08-06 06:15:00,4270.92,4277.025,4270.915,4274.555,3485
2026-08-06 06:20:00,4274.52,4283.97,4273.61,4282.515,4342
2026-08-06 06:25:00,4282.555,4284.815,4272.345,4274.08,3398
2026-08-06 06:30:00,4274.045,4287.06,4273.895,4286.265,3499
2026-08-06 06:35:00,4286.235,4291.2,4283.05,4285.56,3928
2026-08-06 06:40:00,4285.545,4289.05,4284.39,4286.47,3265
2026-08-06 06:45:00,4286.49,4295.43,4286.49,4287.77,3654
2026-08-06 06:50:00,4287.82,4297.045,4286.2,4296.685,3088
2026-08-06 06:55:00,4296.66,4300.415,4293.7,4294.93,3626
2026-08-06 07:00:00,4294.92,4302.94,4291.285,4293.1,7506
2026-08-06 07:05:00,4293.09,4298.63,4286.84,4297.015,5594
2026-08-06 07:10:00,4297,4298.875,4280.295,4284.905,5991
2026-08-06 07:15:00,4284.88,4288.05,4283.235,4283.895,4666
2026-08-06 07:20:00,4283.9,4285.07,4272.95,4283.435,5401
2026-08-06 07:25:00,4283.46,4286.115,4273.75,4276.185,4949
2026-08-06 07:30:00,4276.125,4286.515,4275.845,4284.08,4921
2026-08-06 07:35:00,4284.085,4297.355,4281.51,4292.49,5338
2026-08-06 07:40:00,4292.54,4293.035,4287.705,4287.74,4105
2026-08-06 07:45:00,4287.755,4295.49,4283.205,4293.295,4452
2026-08-06 07:50:00,4293.345,4297.48,4287.51,4287.52,4574
2026-08-06 07:55:00,4287.525,4288.905,4284.83,4286.6,3472
2026-08-06 08:00:00,4286.585,4297.115,4283.525,4296.81,3755
2026-08-06 08:05:00,4296.795,4304.255,4296.795,4301.38,4604
2026-08-06 08:10:00,4301.365,4302.78,4292.515,4295.31,3384
2026-08-06 08:15:00,4295.32,4300.115,4292.495,4294.04,2443
2026-08-06 08:20:00,4294.06,4295.255,4292.485,4293.655,2211
2026-08-06 08:25:00,4293.65,4295.14,4292.045,4292.36,2432
2026-08-06 08:30:00,4292.335,4292.62,4282.345,4286.065,4335
2026-08-06 08:35:00,4286.04,4288.54,4284.115,4285.5,3481
2026-08-06 08:40:00,4285.455,4285.9,4281.06,4285.845,3420
2026-08-06 08:45:00,4285.84,4287.205,4274.95,4276.725,3345
2026-08-06 08:50:00,4276.685,4280.71,4276.115,4278.27,3327
2026-08-06 08:55:00,4278.265,4280.29,4276.785,4278.73,3366
2026-08-06 09:00:00,4278.725,4278.725,4275.415,4276.3,3408
2026-08-06 09:05:00,4276.31,4281.06,4276.12,4279.19,3084
2026-08-06 09:10:00,4279.195,4280.345,4274.005,4274.12,3044
2026-08-06 09:15:00,4274.095,4274.215,4264.475,4267.305,3845
2026-08-06 09:20:00,4267.32,4267.66,4263.815,4264.22,3281
2026-08-06 09:25:00,4264.125,4266.33,4260.825,4266.315,3985
2026-08-06 09:30:00,4266.3,4266.74,4263.255,4266.6,2476
2026-08-06 09:35:00,4266.615,4266.855,4263.355,4263.795,1667
2026-08-06 09:40:00,4263.79,4264.555,4261.61,4262.835,2138
2026-08-06 09:45:00,4262.83,4263.695,4260.475,4263.105,2315
2026-08-06 09:50:00,4263.1,4264.31,4261.37,4263.775,1691
2026-08-06 09:55:00,4263.77,4265.895,4262.815,4265.825,1829
2026-08-06 10:00:00,4265.83,4266.87,4262.31,4265.43,2722
2026-08-06 10:05:00,4265.445,4267.345,4263.235,4266.04,1907
2026-08-06 10:10:00,4266.03,4266.94,4262.65,4263.565,1532
2026-08-06 10:15:00,4263.53,4263.99,4261.68,4261.725,1854
2026-08-06 10:20:00,4261.74,4263.5,4260.585,4260.76,1735
2026-08-06 10:25:00,4260.755,4262.305,4253.035,4255.435,2509
2026-08-06 10:30:00,4255.455,4259.445,4255.455,4258.485,2279
2026-08-06 10:35:00,4258.495,4261.04,4257.095,4259.66,1796
2026-08-06 10:40:00,4259.66,4261.275,4257.975,4259.255,1647
2026-08-06 10:45:00,4259.26,4260.69,4258.85,4260.465,1366
2026-08-06 10:50:00,4260.45,4263.135,4258.46,4262.045,1874
2026-08-06 10:55:00,4262.08,4262.765,4260.855,4262.26,1251
2026-08-06 11:00:00,4262.25,4265.35,4259.64,4260.765,2791
2026-08-06 11:05:00,4260.755,4260.96,4258.835,4259.88,2286
2026-08-06 11:10:00,4259.925,4260.62,4256.54,4259.595,2333
2026-08-06 11:15:00,4259.615,4259.645,4256.115,4256.855,2205
2026-08-06 11:20:00,4256.915,4257.495,4253.825,4255.345,2115
2026-08-06 11:25:00,4255.325,4255.585,4253.125,4253.995,2190
2026-08-06 11:30:00,4254.015,4258.015,4247.205,4257.67,4857
2026-08-06 11:35:00,4257.665,4262.265,4257.01,4261.97,3261
2026-08-06 11:40:00,4262.005,4266.22,4261.3,4263.71,3354
2026-08-06 11:45:00,4263.72,4266.93,4262.235,4262.44,2954
2026-08-06 11:50:00,4262.43,4268.575,4262.125,4266.975,3015
2026-08-06 11:55:00,4266.965,4267.955,4264.34,4267.32,2146
2026-08-06 12:00:00,4267.315,4268.69,4265.39,4267.38,3436
2026-08-06 12:05:00,4267.39,4268.135,4261.85,4262.735,3028
2026-08-06 12:10:00,4262.715,4262.87,4256.75,4260.465,3701
2026-08-06 12:15:00,4260.46,4261.345,4254.605,4260.005,3888
2026-08-06 12:20:00,4260.025,4260.135,4255.45,4257.685,2983
2026-08-06 12:25:00,4257.645,4258.015,4255.69,4257.6,2699
2026-08-06 12:30:00,4257.59,4258.07,4254.37,4254.94,2738
2026-08-06 12:35:00,4254.985,4255.725,4252.945,4253.5,2826
2026-08-06 12:40:00,4253.445,4256.825,4249.425,4256.82,3335
2026-08-06 12:45:00,4256.81,4258.475,4254.18,4254.9,3443
2026-08-06 12:50:00,4254.905,4256.025,4251.075,4252.405,3294
2026-08-06 12:55:00,4252.42,4256.495,4252.1,4256.165,2383
2026-08-06 13:00:00,4256.16,4256.785,4253.26,4256.315,3925
2026-08-06 13:05:00,4256.32,4260.26,4255.84,4259.58,2959
2026-08-06 13:10:00,4259.585,4263.835,4259.52,4263.33,2620
2026-08-06 13:15:00,4263.335,4265.675,4261.39,4264.53,2264
2026-08-06 13:20:00,4264.5,4265.065,4258.395,4261.855,2584
2026-08-06 13:25:00,4261.86,4263.885,4261.395,4261.895,2370
2026-08-06 13:30:00,4261.89,4262.14,4259.975,4260.015,1650
2026-08-06 13:35:00,4259.995,4260.105,4256.6,4256.93,2527
2026-08-06 13:40:00,4256.935,4258.33,4254.83,4255.02,2401
2026-08-06 13:45:00,4255.025,4257.405,4253.13,4254.315,2924
2026-08-06 13:50:00,4254.315,4259.735,4252.655,4259.68,2626
2026-08-06 13:55:00,4259.685,4262.975,4258.455,4262.815,2031
2026-08-06 14:00:00,4262.82,4265.87,4260.29,4261.415,3448
2026-08-06 14:05:00,4261.4,4264.945,4260.45,4264.71,2464
2026-08-06 14:10:00,4264.705,4269.545,4264.63,4268.995,2787
2026-08-06 14:15:00,4268.985,4270.745,4267.855,4269.325,2258
2026-08-06 14:20:00,4269.35,4269.445,4263.98,4265.785,2450
2026-08-06 14:25:00,4265.755,4269.415,4263.725,4267.895,2460
2026-08-06 14:30:00,4267.915,4274.39,4266.535,4273.7,3030
2026-08-06 14:35:00,4273.69,4274.98,4271,4271.51,2098
2026-08-06 14:40:00,4271.515,4274.255,4270.69,4273.32,2296
2026-08-06 14:45:00,4273.325,4275.5,4270.54,4273.81,2763
2026-08-06 14:50:00,4273.795,4277.435,4272.78,4275.23,4490
2026-08-06 14:55:00,4275.24,4278.985,4274.47,4278.38,2888
2026-08-06 15:00:00,4278.37,4283.705,4277.49,4280.41,3645
2026-08-06 15:05:00,4280.42,4280.84,4276.05,4276.81,3491
2026-08-06 15:10:00,4276.795,4279.925,4276.605,4279.895,2661
2026-08-06 15:15:00,4279.915,4283.215,4279.74,4282.725,2698
2026-08-06 15:20:00,4282.71,4284.8,4280.69,4283.765,2268
2026-08-06 15:25:00,4283.75,4283.75,4278.59,4283.39,2425
2026-08-06 15:30:00,4283.38,4284.335,4277.965,4279.06,2681
2026-08-06 15:35:00,4279.04,4279.7,4276.27,4278.93,2114
2026-08-06 15:40:00,4279.03,4279.185,4271.785,4271.835,2533
2026-08-06 15:45:00,4271.84,4276.29,4271.84,4276.11,2223
2026-08-06 15:50:00,4276.09,4276.09,4271.36,4271.575,1621
2026-08-06 15:55:00,4271.595,4273.35,4271.39,4273.11,2258
2026-08-06 16:00:00,4273.105,4273.735,4270.785,4271.69,3119
2026-08-06 16:05:00,4271.685,4272.16,4269.535,4270.855,2751
2026-08-06 16:10:00,4270.855,4271.15,4268.61,4269.62,2346
2026-08-06 16:15:00,4269.625,4269.695,4267.265,4269.105,2302
2026-08-06 16:20:00,4269.12,4271.01,4267.855,4270.985,2516
2026-08-06 16:25:00,4271,4271.095,4267.87,4269.34,2346
2026-08-06 16:30:00,4269.32,4269.94,4266.59,4268.21,2659
2026-08-06 16:35:00,4268.19,4269.26,4267.385,4268.76,1973
2026-08-06 16:40:00,4268.765,4269.725,4264.615,4265.43,1950
2026-08-06 16:45:00,4265.435,4270.395,4264.78,4270.315,2194
2026-08-06 16:50:00,4270.345,4271.63,4269.025,4270.525,1846
2026-08-06 16:55:00,4270.55,4271.585,4269.355,4270.965,1881
2026-08-06 17:00:00,4270.955,4273.45,4268.165,4268.705,3518
2026-08-06 17:05:00,4268.7,4270.235,4266.705,4267.215,3681
2026-08-06 17:10:00,4267.22,4269.23,4266.93,4269.095,2085
2026-08-06 17:15:00,4269.1,4271.605,4264.11,4265.935,2412
2026-08-06 17:20:00,4265.94,4266.49,4260.595,4261.53,3048
2026-08-06 17:25:00,4261.55,4264.365,4260.84,4264.35,2614
2026-08-06 17:30:00,4264.365,4267.02,4263.38,4264.81,2501
2026-08-06 17:35:00,4264.725,4267.125,4261.205,4262.055,2278
2026-08-06 17:40:00,4262.05,4262.54,4259.93,4260.73,2895
2026-08-06 17:45:00,4260.74,4260.96,4255.49,4256.5,3512
2026-08-06 17:50:00,4256.53,4258.735,4254.295,4256.72,3319
2026-08-06 17:55:00,4256.765,4263.75,4255.475,4263.405,3012
2026-08-06 18:00:00,4263.385,4265.82,4260.74,4264.145,3299
2026-08-06 18:05:00,4264.12,4264.2,4257.2,4257.84,3503
2026-08-06 18:10:00,4257.845,4259.505,4255.555,4256.325,3011
2026-08-06 18:15:00,4256.34,4257.465,4253.325,4257.135,3504
2026-08-06 18:20:00,4257.17,4263.195,4256.16,4260.93,3609
2026-08-06 18:25:00,4260.935,4261.58,4256.815,4261.51,2804
2026-08-06 18:30:00,4261.515,4270.18,4258.08,4267.865,4030
2026-08-06 18:35:00,4267.86,4270.875,4267.225,4270.39,3114
2026-08-06 18:40:00,4270.385,4270.79,4266.365,4267.095,3283
2026-08-06 18:45:00,4267.105,4267.765,4254.555,4255.605,3757
2026-08-06 18:50:00,4255.625,4256.515,4251.08,4251.1,4341
2026-08-06 18:55:00,4251.17,4254.815,4249.105,4250.29,4345
2026-08-06 19:00:00,4250.285,4255.9,4249.84,4252.46,5936
2026-08-06 19:05:00,4252.45,4252.915,4230.9,4231.745,6712
2026-08-06 19:10:00,4231.755,4239.725,4230.685,4238.505,6133
2026-08-06 19:15:00,4238.495,4244.425,4236.02,4244.35,5251
2026-08-06 19:20:00,4244.32,4248.305,4241.15,4242.895,4480
2026-08-06 19:25:00,4242.9,4248.235,4240.42,4247.77,3696
2026-08-06 19:30:00,4247.8,4252.38,4245.9,4250.805,7687
2026-08-06 19:35:00,4250.795,4265.285,4250.255,4258.965,7751
2026-08-06 19:40:00,4258.975,4274.245,4258.74,4270.16,7295
2026-08-06 19:45:00,4270.265,4270.365,4262.795,4263.815,6820
2026-08-06 19:50:00,4263.82,4268.075,4262.405,4266.465,5641
2026-08-06 19:55:00,4266.475,4269.765,4265.6,4267.105,6257
2026-08-06 20:00:00,4267.125,4271.615,4265.165,4266.885,6121
2026-08-06 20:05:00,4266.855,4271.445,4264.13,4265.28,5718
2026-08-06 20:10:00,4265.26,4275.395,4265.04,4268.25,5993
2026-08-06 20:15:00,4268.255,4268.63,4260.58,4265.745,6380
2026-08-06 20:20:00,4265.775,4267.505,4261.32,4262.35,4444
2026-08-06 20:25:00,4262.355,4269.115,4260.215,4265.45,5568
2026-08-06 20:30:00,4265.46,4274.83,4265.46,4272.105,5426
2026-08-06 20:35:00,4272.095,4274.8,4269.945,4270.26,5671
2026-08-06 20:40:00,4270.27,4274.92,4269.78,4273.615,4297
2026-08-06 20:45:00,4273.63,4275.275,4265.1,4265.395,4891
2026-08-06 20:50:00,4265.405,4271.195,4262.8,4270.98,4616
2026-08-06 20:55:00,4270.965,4273.345,4267.41,4273.09,5289
2026-08-06 21:00:00,4273.095,4274.435,4268.685,4270.52,6365
2026-08-06 21:05:00,4270.53,4271.79,4265.15,4266.405,5578
2026-08-06 21:10:00,4266.41,4268.42,4262.025,4263.875,4588
2026-08-06 21:15:00,4263.895,4263.935,4256.455,4256.77,5836
2026-08-06 21:20:00,4256.765,4258.355,4250.725,4254.89,6147
2026-08-06 21:25:00,4254.87,4259.36,4253.5,4254.96,5318
2026-08-06 21:30:00,4254.955,4255.69,4249.3,4249.33,4401
2026-08-06 21:35:00,4249.32,4252.875,4246.245,4252.105,4159
2026-08-06 21:40:00,4252.115,4253.24,4248.26,4251.615,3858
2026-08-06 21:45:00,4251.625,4251.83,4247.795,4248.07,3907
2026-08-06 21:50:00,4248.045,4250.095,4234.485,4235.05,5321
2026-08-06 21:55:00,4235.005,4237.77,4229.425,4233.795,7592
2026-08-06 22:00:00,4233.79,4238.525,4232.36,4238.235,7244
2026-08-06 22:05:00,4238.215,4243.335,4236.725,4241.825,5539
2026-08-06 22:10:00,4241.835,4242.545,4230.82,4232.92,4556
2026-08-06 22:15:00,4232.945,4233.195,4224.46,4227.135,6330
2026-08-06 22:20:00,4227.14,4228.125,4223.61,4224.605,5602
2026-08-06 22:25:00,4224.61,4230.645,4223.49,4230.27,4731
2026-08-06 22:30:00,4230.265,4233.95,4230.195,4232.355,4016
2026-08-06 22:35:00,4232.35,4236.165,4232.07,4235.27,3895
2026-08-06 22:40:00,4235.26,4235.495,4232.215,4233.625,3275
2026-08-06 22:45:00,4233.605,4236.77,4231.795,4236.61,3170
2026-08-06 22:50:00,4236.585,4238.19,4235.375,4237.205,3192
2026-08-06 22:55:00,4237.22,4242.635,4237.19,4241.47,2761
2026-08-06 23:00:00,4241.485,4243.345,4239.58,4241.815,3113
2026-08-06 23:05:00,4241.805,4243.505,4240.57,4243.01,2812
2026-08-06 23:10:00,4243.02,4244.72,4240.92,4241.045,2891
2026-08-06 23:15:00,4241.07,4241.795,4239.26,4241.445,2698
2026-08-06 23:20:00,4241.45,4242.495,4238.595,4239.96,2738
2026-08-06 23:25:00,4239.98,4242.815,4239.5,4241.775,3671
2026-08-06 23:30:00,4241.735,4242.135,4239.135,4240.86,2684
2026-08-06 23:35:00,4240.87,4243.595,4238.64,4242.15,2142
2026-08-06 23:40:00,4242.14,4243.335,4241.405,4242.075,1805
2026-08-06 23:45:00,4242.1,4242.855,4240.475,4241.955,1728
2026-08-06 23:50:00,4241.97,4248.15,4241.97,4247.175,2702
2026-08-06 23:55:00,4247.1,4248.225,4245.725,4247.265,2135
2026-08-07 00:00:00,4247.27,4247.625,4244.175,4245.875,2269
2026-08-07 00:05:00,4245.865,4249.17,4245.795,4248.385,2173
2026-08-07 00:10:00,4248.37,4248.855,4246.495,4246.985,2249
2026-08-07 00:15:00,4247.015,4249.26,4246.16,4247.875,2691
2026-08-07 00:20:00,4247.885,4249.725,4246.995,4248.145,2078
2026-08-07 00:25:00,4248.135,4248.35,4246.38,4246.82,1863
2026-08-07 00:30:00,4246.825,4247.88,4243.59,4244.11,1882
2026-08-07 00:35:00,4244.115,4244.865,4242.555,4243.465,1446
2026-08-07 00:40:00,4243.445,4243.87,4240.76,4241.91,1607
2026-08-07 00:45:00,4241.88,4245.02,4241.695,4244.865,1462
2026-08-07 00:50:00,4244.9,4245.72,4241.66,4241.795,1514
2026-08-07 00:55:00,4241.79,4243.585,4240.8,4243.54,1524
2026-08-07 01:00:00,4243.55,4249.02,4243.05,4248.525,1997
2026-08-07 01:05:00,4248.53,4249.205,4247.065,4249.19,1766
2026-08-07 01:10:00,4249.2,4251.37,4247.29,4247.505,1774
2026-08-07 01:15:00,4247.48,4248.65,4245.335,4245.58,1285
2026-08-07 01:20:00,4245.585,4247.285,4239.915,4240.28,1665
2026-08-07 01:25:00,4240.25,4242.035,4235.31,4237.44,4120
2026-08-07 01:30:00,4237.455,4238.655,4235.65,4238.26,2843
2026-08-07 01:35:00,4238.285,4239.695,4236.265,4236.555,2083
2026-08-07 01:40:00,4236.57,4237.115,4233.05,4234.705,2230
2026-08-07 01:45:00,4234.74,4239.19,4234.685,4237.87,1925
2026-08-07 01:50:00,4237.795,4250.78,4237.665,4247.21,3559
2026-08-07 01:55:00,4247.19,4249.23,4243.875,4248.96,3787
2026-08-07 02:00:00,4248.945,4250.29,4246.17,4247.17,2228
2026-08-07 02:05:00,4247.23,4247.63,4245.475,4245.91,1236
2026-08-07 02:10:00,4245.93,4246.9,4242.865,4244.585,1152
2026-08-07 02:15:00,4244.615,4245.78,4243.76,4244.325,810
2026-08-07 02:20:00,4244.32,4244.97,4242.26,4242.555,1266
2026-08-07 02:25:00,4242.575,4243.205,4239.975,4242.045,1239
2026-08-07 02:30:00,4242.06,4242.065,4240.975,4241.405,720
2026-08-07 02:35:00,4241.41,4242.6,4239.87,4240.35,1025
2026-08-07 02:40:00,4240.34,4240.34,4235.125,4235.475,1392
2026-08-07 02:45:00,4235.49,4239.07,4234.77,4236.65,1280
2026-08-07 02:50:00,4236.645,4242.14,4235.91,4241.635,1409
2026-08-07 02:55:00,4241.63,4241.63,4239.835,4239.955,1131
2026-08-07 04:00:00,4239.955,4241.855,4235.85,4236.685,990
2026-08-07 04:05:00,4236.71,4238.57,4236.525,4238.17,442
2026-08-07 04:10:00,4237.975,4239.13,4236.75,4239.13,375
2026-08-07 04:15:00,4239.12,4241.605,4239.055,4241.18,313
2026-08-07 04:20:00,4241.05,4242.85,4239.795,4242.285,519
2026-08-07 04:25:00,4242.18,4243.62,4241.31,4242.48,488
2026-08-07 04:30:00,4242.525,4243.58,4241.31,4241.65,582
2026-08-07 04:35:00,4241.72,4241.925,4240.095,4240.485,309
2026-08-07 04:40:00,4240.51,4241.58,4239.19,4239.445,623
2026-08-07 04:45:00,4239.435,4242.08,4238.955,4241.86,455
2026-08-07 04:50:00,4241.86,4243.05,4241.185,4242.27,497
2026-08-07 04:55:00,4242.26,4242.26,4240.83,4240.875,291
2026-08-07 05:00:00,4240.775,4243.225,4240.365,4242.28,710
2026-08-07 05:05:00,4242.315,4245.815,4242.315,4243.99,1069
2026-08-07 05:10:00,4243.995,4245.53,4243.8,4245.44,427
2026-08-07 05:15:00,4245.42,4246.26,4244.88,4245.77,647
2026-08-07 05:20:00,4245.765,4246.13,4245.58,4246.05,396
2026-08-07 05:25:00,4246.075,4246.195,4243.19,4245.335,812
2026-08-07 05:30:00,4245.32,4248.865,4245.155,4247.22,1034
2026-08-07 05:35:00,4247.175,4247.895,4246.115,4246.245,650
2026-08-07 05:40:00,4246.245,4247.94,4244.91,4246.705,819
2026-08-07 05:45:00,4246.715,4249.18,4245.85,4248.625,1466
2026-08-07 05:50:00,4248.675,4252.285,4248.675,4251.895,2268
2026-08-07 05:55:00,4251.87,4253.315,4250.58,4252.375,2045
2026-08-07 06:00:00,4252.395,4253.025,4247.6,4249.71,3210
2026-08-07 06:05:00,4249.71,4251.12,4248.935,4249.425,2492
2026-08-07 06:10:00,4249.43,4249.43,4243.42,4244.83,3000
2026-08-07 06:15:00,4244.85,4246.32,4241.29,4242.335,3085
2026-08-07 06:20:00,4242.34,4245.61,4239.755,4239.945,2847
2026-08-07 06:25:00,4239.965,4244.23,4239.19,4244.05,2706
2026-08-07 06:30:00,4244.035,4244.05,4240.4,4241.495,3658
2026-08-07 06:35:00,4241.5,4242.65,4235.39,4235.65,2967
2026-08-07 06:40:00,4235.67,4236.005,4230.33,4234.82,3252
2026-08-07 06:45:00,4234.835,4237.045,4231.405,4231.445,2871
2026-08-07 06:50:00,4231.43,4235.18,4231.35,4233.855,3365
2026-08-07 06:55:00,4233.86,4234.21,4229.67,4232.89,5305
2026-08-07 07:00:00,4232.81,4243.29,4231.43,4241.66,5952
2026-08-07 07:05:00,4241.69,4246.815,4240.03,4242.495,4540
2026-08-07 07:10:00,4242.515,4245.165,4240.6,4244.275,3784
2026-08-07 07:15:00,4244.31,4246.535,4243.41,4244.505,4150
2026-08-07 07:20:00,4244.51,4250.26,4241.135,4241.745,3912
2026-08-07 07:25:00,4241.76,4246.035,4240.205,4243.41,4157
2026-08-07 07:30:00,4243.48,4245.28,4239.355,4243.09,3904
2026-08-07 07:35:00,4243.11,4246.645,4241.81,4246.61,3733
2026-08-07 07:40:00,4246.54,4258.82,4245.96,4256.775,4987
2026-08-07 07:45:00,4256.75,4258.72,4252.565,4254.13,3948
2026-08-07 07:50:00,4254.15,4255.415,4251.955,4254.54,2856
2026-08-07 07:55:00,4254.535,4259.37,4254.03,4256.945,3361
2026-08-07 08:00:00,4256.91,4261.675,4256.205,4261.245,3346
2026-08-07 08:05:00,4261.235,4261.365,4257.92,4258.915,2803
2026-08-07 08:10:00,4258.95,4259.785,4257.49,4258.795,2401
2026-08-07 08:15:00,4258.78,4261.165,4257.83,4258.345,1688
2026-08-07 08:20:00,4258.35,4260.935,4257.575,4260.625,1944
2026-08-07 08:25:00,4260.62,4261.285,4259.365,4260.87,1470
2026-08-07 08:30:00,4260.955,4261.69,4256.575,4256.885,3691
2026-08-07 08:35:00,4256.89,4257.275,4252.145,4252.955,3485
2026-08-07 08:40:00,4252.96,4255.11,4249.915,4249.925,2958
2026-08-07 08:45:00,4249.93,4252.42,4247.145,4251.175,2660
2026-08-07 08:50:00,4251.165,4255.77,4251.11,4254.635,2704
2026-08-07 08:55:00,4254.635,4256.03,4249.84,4250.335,2808
2026-08-07 09:00:00,4250.34,4259.36,4249.6,4258.49,3422
2026-08-07 09:05:00,4258.465,4258.525,4256.285,4256.88,2826
2026-08-07 09:10:00,4256.865,4257.51,4252.885,4254.825,2211
2026-08-07 09:15:00,4254.82,4255.915,4253.03,4254.14,2267
2026-08-07 09:20:00,4254.095,4256.415,4251.98,4254.945,2433
2026-08-07 09:25:00,4254.95,4258.96,4254.535,4258.82,2509
2026-08-07 09:30:00,4258.805,4261.355,4258.63,4259.15,1611
2026-08-07 09:35:00,4259.1,4261.04,4257.735,4260.525,1593
2026-08-07 09:40:00,4260.53,4261.16,4259.825,4260.805,1208
2026-08-07 09:45:00,4260.805,4261.52,4259.38,4260.83,1691
2026-08-07 09:50:00,4260.825,4261.085,4259.14,4260.56,1118
2026-08-07 09:55:00,4260.56,4266.46,4260.295,4266.22,1909
2026-08-07 10:00:00,4266.215,4269.185,4262.285,4265.21,2465
2026-08-07 10:05:00,4265.205,4267.92,4264.645,4266.6,2572
2026-08-07 10:10:00,4266.61,4267.715,4264.03,4266.06,2030
2026-08-07 10:15:00,4266.06,4267.56,4262.335,4262.445,2323
2026-08-07 10:20:00,4262.475,4268.55,4261.97,4265.735,2413
2026-08-07 10:25:00,4265.57,4267.195,4264.065,4264.985,2194
2026-08-07 10:30:00,4264.995,4268.525,4263.765,4268,3202
2026-08-07 10:35:00,4268.005,4268.32,4264.245,4264.68,1619
2026-08-07 10:40:00,4264.685,4266.19,4260.735,4264.115,1821
2026-08-07 10:45:00,4264.125,4264.745,4262.39,4264.365,931
2026-08-07 10:50:00,4264.34,4267.16,4264.27,4267.15,1048
2026-08-07 10:55:00,4267.12,4267.365,4265,4265.065,1316
2026-08-07 11:00:00,4265.09,4266.675,4263.51,4266.015,1934
2026-08-07 11:05:00,4265.965,4267.245,4262,4267.155,2736
2026-08-07 11:10:00,4267.2,4271.315,4266.17,4269.355,2662
2026-08-07 11:15:00,4269.375,4270.7,4268.115,4268.545,1729
2026-08-07 11:20:00,4268.555,4270.625,4265.78,4266.715,2260
2026-08-07 11:25:00,4266.685,4267.91,4264.845,4266.695,1532
2026-08-07 11:30:00,4266.685,4276.625,4266.145,4275.155,4316
2026-08-07 11:35:00,4275.205,4277.555,4273.01,4273.62,3142
2026-08-07 11:40:00,4273.59,4273.93,4270.65,4271.58,2712
2026-08-07 11:45:00,4271.575,4276.97,4271.55,4276.4,3090
2026-08-07 11:50:00,4276.375,4279.68,4273.715,4274.79,3510
2026-08-07 11:55:00,4274.785,4280.64,4274.785,4278.67,3912
2026-08-07 12:00:00,4278.675,4282.92,4278.495,4282.55,3691
2026-08-07 12:05:00,4282.555,4284.375,4281.39,4282.375,3780
2026-08-07 12:10:00,4282.37,4291.545,4281.76,4286.84,4482
2026-08-07 12:15:00,4286.835,4290.52,4284.195,4288.24,4505
2026-08-07 12:20:00,4288.225,4291.565,4286.985,4287.62,4238
2026-08-07 12:25:00,4287.63,4287.66,4283.285,4283.475,4153
2026-08-07 12:30:00,4283.47,4287.625,4280.17,4286.28,4137
2026-08-07 12:35:00,4286.275,4293.775,4286.195,4291.985,3847
2026-08-07 12:40:00,4291.96,4295.14,4291.615,4292.165,3908
2026-08-07 12:45:00,4292.185,4294.72,4289.585,4289.585,3733
2026-08-07 12:50:00,4289.605,4295.025,4288.87,4293.66,3535
2026-08-07 12:55:00,4293.69,4298.89,4293.455,4297.405,4100
2026-08-07 13:00:00,4297.41,4298.04,4292.985,4294.935,3228
2026-08-07 13:05:00,4294.945,4294.99,4290.5,4291.495,2884
2026-08-07 13:10:00,4291.52,4293.29,4290.405,4291.3,2725
2026-08-07 13:15:00,4291.285,4292.545,4289.175,4291.525,2900
2026-08-07 13:20:00,4291.515,4292.845,4287.91,4288.115,3311
2026-08-07 13:25:00,4288.125,4288.38,4284.785,4285.52,3311
2026-08-07 13:30:00,4285.525,4287.87,4283.99,4287.445,2712
2026-08-07 13:35:00,4287.435,4288.835,4285.485,4285.6,2476
2026-08-07 13:40:00,4285.59,4288.22,4284.51,4285.16,2847
2026-08-07 13:45:00,4285.15,4286.99,4282.99,4285.32,2969
2026-08-07 13:50:00,4285.285,4287.07,4284.4,4287.03,2189
2026-08-07 13:55:00,4287.025,4291.325,4286.64,4290.16,2361
2026-08-07 14:00:00,4290.145,4293.795,4289.09,4292.57,3234
2026-08-07 14:05:00,4292.55,4296.545,4292.55,4294.755,3062
2026-08-07 14:10:00,4294.74,4300.645,4294.615,4299.915,3225
2026-08-07 14:15:00,4299.91,4300.76,4297.025,4298.005,3192
2026-08-07 14:20:00,4298.025,4298.27,4293.63,4294.425,2569
2026-08-07 14:25:00,4294.43,4295.73,4293.34,4295.045,2679
2026-08-07 14:30:00,4295.055,4315.015,4294.135,4314.215,4052
2026-08-07 14:35:00,4314.19,4316.92,4301.04,4304.45,4432
2026-08-07 14:40:00,4304.455,4310.15,4304.455,4309.235,2797
2026-08-07 14:45:00,4309.24,4311.52,4306.94,4307.3,3097
2026-08-07 14:50:00,4307.31,4307.9,4303.525,4304.575,2606
2026-08-07 14:55:00,4304.58,4308.105,4303.475,4306.195,2654
2026-08-07 15:00:00,4306.2,4307.385,4304.61,4305.545,2486
2026-08-07 15:05:00,4305.545,4307.345,4304.695,4306.045,2582
2026-08-07 15:10:00,4306.055,4307.315,4304.91,4306.155,2855
2026-08-07 15:15:00,4306.145,4308.215,4304.9,4306.815,2675
2026-08-07 15:20:00,4306.795,4311.195,4306.41,4310.62,3014
2026-08-07 15:25:00,4310.64,4310.765,4305.615,4306.88,2774
2026-08-07 15:30:00,4306.89,4308.315,4302.285,4304.395,3176
2026-08-07 15:35:00,4304.45,4309.135,4302.775,4308.91,2996
2026-08-07 15:40:00,4308.915,4318.595,4308.885,4317.545,3357
2026-08-07 15:45:00,4317.56,4320.95,4315.21,4316.85,3555
2026-08-07 15:50:00,4316.845,4320.045,4316.38,4317.945,3346
2026-08-07 15:55:00,4317.96,4319.565,4314.49,4316.205,3278
2026-08-07 16:00:00,4316.19,4319.48,4314.93,4317.63,2789
2026-08-07 16:05:00,4317.685,4318.04,4312.165,4312.44,2810
2026-08-07 16:10:00,4312.485,4313.995,4308.185,4308.335,2775
2026-08-07 16:15:00,4308.345,4314.16,4308.245,4313.5,3050
2026-08-07 16:20:00,4313.505,4313.505,4310.915,4312.715,2771
2026-08-07 16:25:00,4312.7,4314.575,4312.39,4313.89,2934
2026-08-07 16:30:00,4313.905,4316.82,4313.24,4315.84,2700
2026-08-07 16:35:00,4315.85,4318.415,4314.33,4317.43,2575
2026-08-07 16:40:00,4317.415,4318.405,4315.415,4317.025,2579
2026-08-07 16:45:00,4317.02,4320.065,4316.645,4318.765,2865
2026-08-07 16:50:00,4318.77,4320.825,4317.265,4317.3,2792
2026-08-07 16:55:00,4317.315,4317.995,4316.38,4316.96,2438
2026-08-07 17:00:00,4316.965,4324.37,4316.905,4323.62,3599
2026-08-07 17:05:00,4323.605,4326.38,4321.895,4324.935,3103
2026-08-07 17:10:00,4324.925,4325.645,4319.69,4320.38,3452
2026-08-07 17:15:00,4320.395,4320.99,4317.175,4320.585,3738
2026-08-07 17:20:00,4320.58,4325.43,4320.355,4324.25,3583
2026-08-07 17:25:00,4324.255,4327.39,4324.205,4325.125,2932
2026-08-07 17:30:00,4325.13,4327.835,4324.53,4324.59,2979
2026-08-07 17:35:00,4324.575,4325.115,4320.93,4323.6,3587
2026-08-07 17:40:00,4323.585,4325.765,4322.19,4322.935,3138
2026-08-07 17:45:00,4322.94,4325.73,4322.39,4324.005,2946
2026-08-07 17:50:00,4324,4326.935,4320.875,4325.9,2854
2026-08-07 17:55:00,4325.895,4327.17,4320.93,4321.32,2886
2026-08-07 18:00:00,4321.3,4325.51,4319.125,4319.82,3405
2026-08-07 18:05:00,4319.815,4320.49,4315.515,4319.09,3767
2026-08-07 18:10:00,4319.075,4322.85,4314.82,4315.15,3596
2026-08-07 18:15:00,4315.145,4316.95,4312.07,4314.515,4373
2026-08-07 18:20:00,4314.52,4317.39,4310.57,4311.04,4384
2026-08-07 18:25:00,4311.045,4315.605,4301.6,4309.6,4137
2026-08-07 18:30:00,4309.78,4364.61,4309.78,4359.68,10688
2026-08-07 18:35:00,4359.705,4366.77,4352.055,4364.77,10129
2026-08-07 18:40:00,4364.785,4370.82,4361.095,4367.065,8470
2026-08-07 18:45:00,4367.07,4372.005,4366.67,4368.69,6903
2026-08-07 18:50:00,4368.73,4371.845,4363.515,4364.615,7290
2026-08-07 18:55:00,4364.625,4365.56,4355.695,4361.545,6656
2026-08-07 19:00:00,4361.54,4364.37,4347.535,4347.545,8067
2026-08-07 19:05:00,4347.54,4352.815,4346.15,4350.435,6085
2026-08-07 19:10:00,4350.455,4351.12,4346.49,4347.84,5493
2026-08-07 19:15:00,4347.865,4349.425,4339.135,4347.215,5863
2026-08-07 19:20:00,4347.235,4353.56,4347.2,4350.49,5746
2026-08-07 19:25:00,4350.495,4358.12,4348.53,4356.325,5906
2026-08-07 19:30:00,4356.345,4359.61,4350.795,4353.465,9425
2026-08-07 19:35:00,4353.45,4366.285,4350.5,4364.94,8928
2026-08-07 19:40:00,4364.97,4368.055,4358.3,4358.685,7611
2026-08-07 19:45:00,4358.67,4359.94,4352.085,4353.725,8739
2026-08-07 19:50:00,4353.7,4358.6,4352.425,4354.89,7187
2026-08-07 19:55:00,4354.885,4357.33,4342.455,4348.26,9505
2026-08-07 20:00:00,4348.285,4349.09,4333.625,4333.74,10155
2026-08-07 20:05:00,4333.765,4338.435,4330.805,4337.885,10674
2026-08-07 20:10:00,4337.89,4342.04,4327.44,4334.645,9971
2026-08-07 20:15:00,4334.65,4347.03,4330.58,4346.09,9946
2026-08-07 20:20:00,4346.075,4352.165,4343.69,4351.515,8484
2026-08-07 20:25:00,4351.525,4352.975,4348.01,4348.985,7706
2026-08-07 20:30:00,4348.99,4350.7,4343.87,4347.75,7447
2026-08-07 20:35:00,4347.745,4349.575,4342.95,4343.5,6980
2026-08-07 20:40:00,4343.515,4350.29,4342.3,4344.25,6793
2026-08-07 20:45:00,4344.255,4347.13,4340.425,4343.235,6571
2026-08-07 20:50:00,4343.24,4348.995,4343.175,4345.34,6714
2026-08-07 20:55:00,4345.345,4346.53,4340.51,4341.585,6896
2026-08-07 21:00:00,4341.58,4349.14,4340.335,4345.18,7639
2026-08-07 21:05:00,4345.19,4353.54,4344.635,4348.535,6022
2026-08-07 21:10:00,4348.54,4356.085,4346.505,4355.475,6549
2026-08-07 21:15:00,4355.47,4357.065,4352.37,4354.66,5720
2026-08-07 21:20:00,4354.645,4358.505,4354.475,4357.035,5328
2026-08-07 21:25:00,4357.015,4358.215,4351.105,4351.44,5412
2026-08-07 21:30:00,4351.435,4353.345,4347.185,4349.605,6338
2026-08-07 21:35:00,4349.59,4354.04,4348.9,4352.275,4652
2026-08-07 21:40:00,4352.285,4353.26,4348.775,4349.665,4423
2026-08-07 21:45:00,4349.67,4351.985,4348.635,4349.265,3596
2026-08-07 21:50:00,4349.275,4350.565,4339.91,4343.06,4853
2026-08-07 21:55:00,4343.03,4345.195,4340.65,4341.06,5215
2026-08-07 22:00:00,4341.05,4343.635,4338.65,4343.195,5442
2026-08-07 22:05:00,4343.19,4349.67,4343.185,4346.95,4170
2026-08-07 22:10:00,4346.945,4348.38,4343.61,4347.54,4006
2026-08-07 22:15:00,4347.545,4348.22,4342.315,4342.33,4394
2026-08-07 22:20:00,4342.325,4349.81,4337.845,4338.1,5859
2026-08-07 22:25:00,4338.09,4338.405,4334.415,4337.635,6576
2026-08-07 22:30:00,4337.66,4339.225,4332.73,4339.17,6059
2026-08-07 22:35:00,4339.18,4342.15,4336.505,4340.05,4252
2026-08-07 22:40:00,4340.025,4341.195,4337,4338.75,3299
2026-08-07 22:45:00,4338.765,4342.335,4335.895,4338.72,4568
2026-08-07 22:50:00,4338.535,4338.895,4332.675,4333.905,4149
2026-08-07 22:55:00,4333.91,4334.57,4329.26,4329.26,4275
2026-08-07 23:00:00,4329.255,4335.55,4327.93,4335.12,3711
2026-08-07 23:05:00,4335.055,4338.645,4334.905,4335.665,4239
2026-08-07 23:10:00,4335.66,4337.72,4335.04,4335.705,3673
2026-08-07 23:15:00,4335.7,4336.485,4333.9,4335.335,3298
2026-08-07 23:20:00,4335.345,4339.55,4334.28,4338.725,4066
2026-08-07 23:25:00,4338.735,4342.255,4337.125,4339.72,4466
2026-08-07 23:30:00,4339.715,4340.155,4334.16,4336.765,4636
2026-08-07 23:35:00,4336.755,4336.845,4329.8,4334.925,3587
2026-08-07 23:40:00,4334.92,4338.35,4334.92,4336.305,3864
2026-08-07 23:45:00,4336.29,4337.62,4335.03,4336.795,3177
2026-08-07 23:50:00,4336.805,4341.595,4336.805,4341.2,3144
2026-08-07 23:55:00,4341.195,4343.185,4339.99,4340.365,2661
2026-08-08 00:00:00,4340.37,4341.245,4339.18,4340.185,3012
2026-08-08 00:05:00,4340.195,4343.11,4339.965,4342.015,3151
2026-08-08 00:10:00,4342.015,4342.725,4334.91,4335.065,2832
2026-08-08 00:15:00,4335.075,4338.065,4335.055,4335.63,2924
2026-08-08 00:20:00,4335.645,4335.935,4332.235,4333.655,3439
2026-08-08 00:25:00,4333.665,4335.685,4332.355,4334.52,3417
2026-08-08 00:30:00,4334.515,4337.935,4333.82,4337.12,2596
2026-08-08 00:35:00,4337.125,4339.05,4336.895,4337.185,2289
2026-08-08 00:40:00,4337.19,4337.725,4333.48,4334.4,1992
2026-08-08 00:45:00,4334.39,4337.605,4334.125,4336.835,2157
2026-08-08 00:50:00,4336.84,4337.63,4334.065,4335.375,1838
2026-08-08 00:55:00,4335.39,4335.87,4333.31,4335.675,1706
2026-08-08 01:00:00,4335.705,4344.95,4335.5,4340.43,4865
2026-08-08 01:05:00,4340.41,4345.195,4340.065,4344.825,3593
2026-08-08 01:10:00,4344.81,4345.85,4343.395,4343.67,3294
2026-08-08 01:15:00,4343.665,4350.155,4343.08,4347.23,3814
2026-08-08 01:20:00,4347.225,4350.475,4347.08,4348.935,4313
2026-08-08 01:25:00,4348.92,4349.175,4347.175,4348.7,3971
2026-08-08 01:30:00,4348.725,4349.005,4345.145,4345.795,4052
2026-08-08 01:35:00,4345.79,4347.23,4344.42,4346.22,3143
2026-08-08 01:40:00,4346.245,4348.535,4344.685,4348.055,2635
2026-08-08 01:45:00,4348.07,4349.58,4347.14,4347.59,2602
2026-08-08 01:50:00,4347.57,4349.47,4342.345,4343.145,3532
2026-08-08 01:55:00,4343.115,4345.725,4340.14,4344.135,4905
2026-08-08 02:00:00,4344.12,4345.445,4342.755,4343.665,2148
2026-08-08 02:05:00,4343.685,4344.68,4341.675,4341.7,1034
2026-08-08 02:10:00,4341.67,4342.8,4338.195,4342.535,1255
2026-08-08 02:15:00,4342.505,4343.005,4339.545,4339.82,946
2026-08-08 02:20:00,4339.75,4340.085,4339.02,4339.525,624
2026-08-08 02:25:00,4339.545,4340.22,4337.32,4337.93,1101
2026-08-08 02:30:00,4337.905,4337.955,4336.11,4337.71,853
2026-08-08 02:35:00,4337.795,4341.29,4337.585,4341.06,1070
2026-08-08 02:40:00,4341.015,4342.345,4340.425,4341.59,869
2026-08-10 04:00:00,4342.1,4353.445,4333.07,4340.66,2424
2026-08-10 04:05:00,4340.57,4340.57,4334.915,4339.465,1261
2026-08-10 04:10:00,4339.525,4346.425,4338.87,4344.01,1480
2026-08-10 04:15:00,4343.92,4345.145,4339.875,4340.135,950
2026-08-10 04:20:00,4340.16,4341.03,4338.59,4339.465,782
2026-08-10 04:25:00,4339.45,4344.12,4339.45,4343.885,1118
2026-08-10 04:30:00,4343.9,4345.42,4340.875,4342.635,1041
2026-08-10 04:35:00,4342.6,4343.19,4340.235,4341.505,621
2026-08-10 04:40:00,4341.55,4342.71,4340.375,4340.565,550
2026-08-10 04:45:00,4340.545,4344.355,4340.2,4343.725,580
2026-08-10 04:50:00,4343.725,4344.085,4342.115,4342.77,528
2026-08-10 04:55:00,4342.755,4342.755,4341.48,4341.65,364
2026-08-10 05:00:00,4341.665,4347.645,4341.265,4347.26,1615
2026-08-10 05:05:00,4347.25,4347.66,4345.165,4346.285,1816
2026-08-10 05:10:00,4346.275,4347.6,4345.685,4346.59,1012
2026-08-10 05:15:00,4346.6,4347.325,4344.16,4346.04,957
2026-08-10 05:20:00,4346.015,4349.175,4345.44,4348.255,1366
2026-08-10 05:25:00,4348.26,4349.13,4346.275,4346.515,941
2026-08-10 05:30:00,4346.515,4347.545,4340.335,4341.65,1545
2026-08-10 05:35:00,4341.665,4343.065,4340.155,4342.97,1298
2026-08-10 05:40:00,4342.96,4343.145,4341.33,4342.395,1161
2026-08-10 05:45:00,4342.4,4343.51,4341.43,4342.175,1582
2026-08-10 05:50:00,4342.185,4342.98,4340.37,4340.425,1738
2026-08-10 05:55:00,4340.46,4340.83,4332.155,4332.865,4116
2026-08-10 06:00:00,4332.735,4341.005,4332.585,4340.765,4126
2026-08-10 06:05:00,4340.715,4343.615,4339.765,4341.745,3459
2026-08-10 06:10:00,4341.89,4347.27,4339.965,4344.53,4280
2026-08-10 06:15:00,4344.525,4345.84,4339.31,4344.075,4592
2026-08-10 06:20:00,4344.02,4344.085,4339.305,4340.205,3374
2026-08-10 06:25:00,4340.225,4340.77,4337.355,4337.695,3354
2026-08-10 06:30:00,4337.665,4339.515,4335.53,4336.375,3703
2026-08-10 06:35:00,4336.44,4337.505,4333.825,4337.08,3955
2026-08-10 06:40:00,4337.07,4338.46,4333.8,4334.6,2791
2026-08-10 06:45:00,4334.565,4336.49,4333.575,4335.935,2811
2026-08-10 06:50:00,4335.925,4337.65,4333.625,4333.905,3594
2026-08-10 06:55:00,4333.92,4334.86,4330.79,4332.22,3854
2026-08-10 07:00:00,4332.2,4340.945,4327.15,4327.33,8517
2026-08-10 07:05:00,4327.325,4328.405,4322.605,4323.895,8048
2026-08-10 07:10:00,4323.91,4325.36,4322.235,4323.23,6183
2026-08-10 07:15:00,4323.255,4326.405,4321.79,4324.295,5135
2026-08-10 07:20:00,4324.305,4328.355,4321.665,4328.07,3999
2026-08-10 07:25:00,4328.095,4328.265,4316.425,4316.485,3117
2026-08-10 07:30:00,4316.43,4321.05,4314.26,4320.215,4283
2026-08-10 07:35:00,4320.21,4320.27,4315.92,4316.995,3993
2026-08-10 07:40:00,4317.025,4318.165,4313.455,4317.605,4293
2026-08-10 07:45:00,4317.565,4321.605,4316.185,4320.565,3633
2026-08-10 07:50:00,4320.545,4323.505,4319.06,4320.125,3678
2026-08-10 07:55:00,4320.1,4324.32,4317.74,4322.5,3071
2026-08-10 08:00:00,4322.505,4323.475,4319.975,4321.635,3481
2026-08-10 08:05:00,4321.62,4324.39,4318.825,4323.59,3380
2026-08-10 08:10:00,4323.585,4325.97,4321.5,4324.605,2849
2026-08-10 08:15:00,4324.62,4326.19,4323.58,4325.02,2066
2026-08-10 08:20:00,4324.975,4328.08,4324.275,4327.38,2202
2026-08-10 08:25:00,4327.37,4332.345,4326.57,4330.98,1827
2026-08-10 08:30:00,4331.02,4332.5,4324.75,4327.99,3334
2026-08-10 08:35:00,4328.01,4329.795,4324.88,4325.495,3286
2026-08-10 08:40:00,4325.5,4329.975,4323.215,4326.57,3211
2026-08-10 08:45:00,4326.455,4327.37,4321.43,4323.495,3240
2026-08-10 08:50:00,4323.47,4324.865,4319.305,4319.895,2285
2026-08-10 08:55:00,4319.905,4322.335,4318.87,4319.695,2364
2026-08-10 09:00:00,4319.675,4321.22,4318.175,4319.21,2376
2026-08-10 09:05:00,4319.205,4319.82,4317.665,4317.98,2246
2026-08-10 09:10:00,4317.96,4320.36,4317.79,4320.155,1864
2026-08-10 09:15:00,4320.14,4324.565,4319.75,4324.35,2378
2026-08-10 09:20:00,4324.34,4326.815,4323.55,4323.66,2315
2026-08-10 09:25:00,4323.655,4328.32,4323.655,4327.27,2736
2026-08-10 09:30:00,4327.29,4328.455,4325.85,4328.175,1993
2026-08-10 09:35:00,4328.185,4330.015,4325.915,4326.26,2013
2026-08-10 09:40:00,4326.27,4326.725,4324.895,4325.305,1163
2026-08-10 09:45:00,4325.305,4327.56,4324.275,4326.95,1194
2026-08-10 09:50:00,4326.94,4328.095,4326.47,4327.41,1121
2026-08-10 09:55:00,4327.375,4328.02,4326.3,4326.79,964
2026-08-10 10:00:00,4326.795,4328.41,4323.18,4325.92,1559
2026-08-10 10:05:00,4325.985,4327.82,4323.565,4327.72,2051
2026-08-10 10:10:00,4327.725,4332.77,4327.725,4332.385,2448
2026-08-10 10:15:00,4332.37,4334.015,4330.845,4333.76,1832
2026-08-10 10:20:00,4333.79,4337.47,4333.31,4337.015,1632
2026-08-10 10:25:00,4337.02,4337.59,4334.015,4334.76,1490
2026-08-10 10:30:00,4334.745,4336.385,4333.205,4334.69,1585
2026-08-10 10:35:00,4334.685,4336.4,4333.705,4333.95,1225
2026-08-10 10:40:00,4333.94,4334,4329.92,4332.305,1927
2026-08-10 10:45:00,4332.33,4335.72,4331.99,4333.93,2226
2026-08-10 10:50:00,4333.915,4337.415,4333.445,4336.14,1476
2026-08-10 10:55:00,4336.125,4339.635,4335.83,4339.48,1948
2026-08-10 11:00:00,4339.46,4339.765,4335.085,4337.22,1849
2026-08-10 11:05:00,4337.21,4339.18,4336.245,4336.27,1147
2026-08-10 11:10:00,4336.28,4336.535,4333.555,4335.095,1682
2026-08-10 11:15:00,4335.1,4336.375,4332.86,4333.245,1214
2026-08-10 11:20:00,4333.235,4336.53,4333.165,4335.045,1186
2026-08-10 11:25:00,4335.035,4335.34,4333.46,4333.83,1224
2026-08-10 11:30:00,4333.825,4341.145,4331.645,4340.405,4813
2026-08-10 11:35:00,4340.41,4342.035,4338.745,4341.4,3966
2026-08-10 11:40:00,4341.36,4344.48,4338.705,4343.63,3337
2026-08-10 11:45:00,4343.61,4347.3,4340.8,4345.83,3065
2026-08-10 11:50:00,4345.835,4352.33,4345.37,4348.61,3822
2026-08-10 11:55:00,4348.64,4349.64,4345.215,4347.38,3131
2026-08-10 12:00:00,4347.46,4347.52,4341.95,4342.765,3899
2026-08-10 12:05:00,4342.775,4346.865,4342.175,4346.325,2638
2026-08-10 12:10:00,4346.245,4350.185,4346.185,4347.315,2701
2026-08-10 12:15:00,4347.295,4349.88,4342.72,4343.195,3489
2026-08-10 12:20:00,4343.2,4345.745,4342.735,4345.565,2742
2026-08-10 12:25:00,4345.525,4348.415,4343.995,4348.315,2185
2026-08-10 12:30:00,4348.305,4349.52,4346.675,4347.95,2603
2026-08-10 12:35:00,4347.91,4349.9,4345.99,4348.655,2553
2026-08-10 12:40:00,4348.64,4355.965,4347.095,4355.27,2959
2026-08-10 12:45:00,4355.26,4358.43,4355.115,4356.85,3227
2026-08-10 12:50:00,4356.84,4357.705,4355.62,4357.555,2628
2026-08-10 12:55:00,4357.53,4359.855,4356.65,4358.25,2790
2026-08-10 13:00:00,4358.19,4358.895,4353.71,4354.665,3505
2026-08-10 13:05:00,4354.675,4357.155,4353.955,4353.985,2642
2026-08-10 13:10:00,4353.97,4354.655,4350.165,4351.205,3086
2026-08-10 13:15:00,4351.195,4357.015,4350.555,4354.665,2816
2026-08-10 13:20:00,4354.66,4359.02,4352.205,4358.265,2506
2026-08-10 13:25:00,4358.255,4358.835,4352.22,4355.145,2540
2026-08-10 13:30:00,4355.155,4355.19,4352.65,4353.41,2394
2026-08-10 13:35:00,4353.405,4360.105,4353.095,4358.855,2553
2026-08-10 13:40:00,4358.845,4360.01,4356.42,4359.425,2336
2026-08-10 13:45:00,4359.395,4362.185,4357.06,4357.3,3457
2026-08-10 13:50:00,4357.295,4358.53,4355.16,4355.56,1923
2026-08-10 13:55:00,4355.53,4356.465,4354.94,4355.515,2061
2026-08-10 14:00:00,4355.5,4356.405,4354.095,4355.58,2418
2026-08-10 14:05:00,4355.565,4356.035,4351.65,4352.535,2003
2026-08-10 14:10:00,4352.52,4354.7,4352.155,4354.7,1690
2026-08-10 14:15:00,4354.695,4355.73,4353.445,4354.995,2085
2026-08-10 14:20:00,4354.99,4355.23,4352.755,4352.955,1641
2026-08-10 14:25:00,4352.965,4356.425,4352.335,4355.75,2128
2026-08-10 14:30:00,4355.725,4356.74,4349.05,4350.485,2723
2026-08-10 14:35:00,4350.48,4351.51,4348.21,4348.32,2019
2026-08-10 14:40:00,4348.325,4349.86,4345.88,4346.375,2013
2026-08-10 14:45:00,4346.37,4349.18,4345.665,4346.355,2078
2026-08-10 14:50:00,4346.345,4348.34,4345.025,4346.245,2417
2026-08-10 14:55:00,4346.275,4348.46,4343.955,4346.73,2856
2026-08-10 15:00:00,4346.725,4348.89,4345.745,4348.415,2128
2026-08-10 15:05:00,4348.42,4349.065,4345.97,4347.935,2295
2026-08-10 15:10:00,4347.915,4350.11,4347.21,4349.76,2352
2026-08-10 15:15:00,4349.765,4349.81,4346.175,4347.445,1620
2026-08-10 15:20:00,4347.44,4348.61,4346.995,4348.27,1394
2026-08-10 15:25:00,4348.21,4348.99,4344.935,4347.075,1914
2026-08-10 15:30:00,4347.04,4347.04,4341.975,4344.02,2707
2026-08-10 15:35:00,4344.035,4344.225,4340.415,4342.07,2306
2026-08-10 15:40:00,4342.08,4344.495,4341.925,4344.295,1413
2026-08-10 15:45:00,4344.3,4345.505,4341.92,4342.58,1551
2026-08-10 15:50:00,4342.575,4342.95,4340.965,4342.355,1305
2026-08-10 15:55:00,4342.385,4343.365,4341.18,4341.265,1340
2026-08-10 16:00:00,4341.26,4341.465,4339.215,4340.595,2369
2026-08-10 16:05:00,4340.6,4341.675,4340.01,4340.33,1701
2026-08-10 16:10:00,4340.34,4341.005,4339.635,4340.76,1459
2026-08-10 16:15:00,4340.75,4341.645,4339.405,4341.48,1755
2026-08-10 16:20:00,4341.475,4344.25,4341.045,4343.31,1884
2026-08-10 16:25:00,4343.315,4343.905,4341.915,4343.765,1436
2026-08-10 16:30:00,4343.745,4344.225,4340.52,4342.25,1975
2026-08-10 16:35:00,4342.175,4342.385,4338.435,4339.79,2021
2026-08-10 16:40:00,4339.815,4340.24,4337.905,4338.005,1651
2026-08-10 16:45:00,4337.995,4339.56,4337.67,4338.3,1431
2026-08-10 16:50:00,4338.285,4340.73,4337.79,4338.3,1778
2026-08-10 16:55:00,4338.36,4339.54,4335.505,4335.805,2001
2026-08-10 17:00:00,4335.82,4336.945,4334.595,4334.73,2195
2026-08-10 17:05:00,4334.725,4335.745,4333.405,4334.16,1788
2026-08-10 17:10:00,4334.165,4334.24,4330.005,4331.685,2211
2026-08-10 17:15:00,4331.555,4331.555,4328.94,4329.865,2331
2026-08-10 17:20:00,4329.875,4333.91,4329.06,4333.355,1980
2026-08-10 17:25:00,4333.33,4336.47,4333.215,4334.69,1691
2026-08-10 17:30:00,4334.715,4339.26,4334.57,4337.815,2022
2026-08-10 17:35:00,4337.805,4339.51,4335.625,4339.26,1943
2026-08-10 17:40:00,4339.22,4339.405,4336.465,4337.405,1804
2026-08-10 17:45:00,4337.355,4338.01,4332.16,4332.895,1806
2026-08-10 17:50:00,4332.89,4336.2,4332.35,4335.25,1880
2026-08-10 17:55:00,4335.275,4336.29,4333.54,4335.14,1882
2026-08-10 18:00:00,4335.135,4335.135,4332.575,4333.915,2653
2026-08-10 18:05:00,4333.91,4337.61,4332.225,4335.245,3297
2026-08-10 18:10:00,4335.25,4335.57,4331.215,4331.865,2323
2026-08-10 18:15:00,4331.885,4332.655,4328.565,4328.835,2489
2026-08-10 18:20:00,4328.815,4331.32,4326.395,4327.465,2801
2026-08-10 18:25:00,4327.455,4328.045,4324.325,4327.75,3090
2026-08-10 18:30:00,4327.73,4331.49,4326.35,4327.76,3681
2026-08-10 18:35:00,4327.725,4332.6,4326.6,4331.21,3253
2026-08-10 18:40:00,4331.22,4332.775,4329.085,4329.2,3475
2026-08-10 18:45:00,4329.205,4333.255,4328.88,4332.035,2784
2026-08-10 18:50:00,4331.995,4333.175,4329.86,4331.845,2769
2026-08-10 18:55:00,4331.835,4335.745,4330.61,4332.68,3276
2026-08-10 19:00:00,4332.71,4334.75,4326.095,4329.345,5846
2026-08-10 19:05:00,4329.35,4334.645,4328.46,4334.535,4257
2026-08-10 19:10:00,4334.525,4337.945,4333.89,4337.33,4193
2026-08-10 19:15:00,4337.34,4337.82,4334.45,4335.22,2780
2026-08-10 19:20:00,4335.23,4336.71,4329.315,4330.89,3406
2026-08-10 19:25:00,4330.88,4335.48,4330.405,4335.23,3899
2026-08-10 19:30:00,4335.23,4338.745,4332.115,4337.055,7812
2026-08-10 19:35:00,4337.065,4340.075,4336.38,4338.28,8874
2026-08-10 19:40:00,4338.27,4338.635,4330.03,4330.975,8356
2026-08-10 19:45:00,4330.955,4332.11,4325.165,4327.75,8525
2026-08-10 19:50:00,4327.755,4328.515,4321.17,4323.385,7018
2026-08-10 19:55:00,4323.37,4325.055,4316.785,4318.075,6245
2026-08-10 20:00:00,4318.02,4325.605,4318.02,4323.43,4944
2026-08-10 20:05:00,4323.445,4326.485,4321.88,4324.515,4941
2026-08-10 20:10:00,4324.545,4331.2,4324.545,4330.205,4215
2026-08-10 20:15:00,4330.225,4336.54,4328.565,4334.135,5596
2026-08-10 20:20:00,4334.165,4340.335,4332.47,4338.455,5892
2026-08-10 20:25:00,4338.46,4348.2,4338.395,4345.58,6115
2026-08-10 20:30:00,4345.57,4352.07,4345.395,4347.64,5426
2026-08-10 20:35:00,4347.665,4349.145,4344.805,4346.615,4621
2026-08-10 20:40:00,4346.63,4350.245,4346.21,4349.64,4579
2026-08-10 20:45:00,4349.63,4350.865,4346.21,4347.56,4696
2026-08-10 20:50:00,4347.55,4347.55,4342.765,4343.105,4305
2026-08-10 20:55:00,4343.1,4345.73,4342.83,4345.49,4722
2026-08-10 21:00:00,4345.48,4349.42,4343.635,4347.54,5576
2026-08-10 21:05:00,4347.52,4352.19,4343.285,4345,5264
2026-08-10 21:10:00,4345.22,4347.8,4343.615,4347.16,3621
2026-08-10 21:15:00,4347.17,4352.09,4346.085,4349.66,3357
2026-08-10 21:20:00,4349.665,4352.46,4349.08,4349.44,3274
2026-08-10 21:25:00,4349.46,4351.355,4347.37,4349.325,3551
2026-08-10 21:30:00,4349.335,4351.595,4347.93,4348.13,3540
2026-08-10 21:35:00,4348.125,4351.99,4348.1,4350.33,3334
2026-08-10 21:40:00,4350.34,4351.64,4349.61,4350.385,2488
2026-08-10 21:45:00,4350.395,4353.295,4348.585,4352.29,3674
2026-08-10 21:50:00,4352.3,4357.495,4352.15,4357.21,3693
2026-08-10 21:55:00,4357.215,4359.615,4356.47,4358.565,3830
2026-08-10 22:00:00,4358.595,4364.095,4358,4358.23,4353
2026-08-10 22:05:00,4358.2,4363.505,4356.87,4363.405,3538
2026-08-10 22:10:00,4363.39,4364.81,4361.315,4361.475,3137
2026-08-10 22:15:00,4361.49,4363.22,4360.99,4361.52,2256
2026-08-10 22:20:00,4361.535,4364.255,4361.515,4363.255,2627
2026-08-10 22:25:00,4363.265,4364.675,4361.74,4362.74,3288
2026-08-10 22:30:00,4362.75,4363.115,4349.16,4356.51,5815
2026-08-10 22:35:00,4356.45,4359.235,4354.85,4355.365,3483
2026-08-10 22:40:00,4355.36,4356.655,4351.12,4351.85,3793
2026-08-10 22:45:00,4351.855,4355.28,4351.78,4353.48,2778
2026-08-10 22:50:00,4353.495,4354.215,4352.19,4353.81,2932
2026-08-10 22:55:00,4353.805,4357.085,4352.095,4356.89,3304
2026-08-10 23:00:00,4356.88,4357.735,4354.375,4354.535,3383
2026-08-10 23:05:00,4354.525,4357.265,4351.76,4355.915,3149
2026-08-10 23:10:00,4355.92,4358.25,4355.365,4357.235,2682
2026-08-10 23:15:00,4357.24,4358.22,4356.445,4357.32,2645
2026-08-10 23:20:00,4357.34,4360.405,4357.27,4360.13,3502
2026-08-10 23:25:00,4360.135,4361.41,4358.745,4361.275,3907
2026-08-10 23:30:00,4361.26,4362.945,4359.705,4362.32,2895
2026-08-10 23:35:00,4362.335,4365.37,4362.275,4364.065,3621
2026-08-10 23:40:00,4364.055,4364.16,4359.68,4360.395,2984
2026-08-10 23:45:00,4360.4,4360.99,4357.855,4360.645,3389
2026-08-10 23:50:00,4360.64,4361.38,4358.93,4358.95,3203
2026-08-10 23:55:00,4358.96,4360.335,4357.78,4360.32,3622
2026-08-11 00:00:00,4360.33,4364.08,4359.88,4363.835,4023
2026-08-11 00:05:00,4363.825,4365.315,4363.41,4363.79,3277
2026-08-11 00:10:00,4363.775,4364.635,4363.025,4363.125,2981
2026-08-11 00:15:00,4363.13,4364.31,4361.57,4363.195,3542
2026-08-11 00:20:00,4363.19,4364.93,4362.42,4364.585,2994
2026-08-11 00:25:00,4364.595,4367.31,4364.595,4365.97,3130
2026-08-11 00:30:00,4365.975,4380.875,4365.285,4379.76,5286
2026-08-11 00:35:00,4379.75,4381.9,4377.5,4381.51,3922
2026-08-11 00:40:00,4381.52,4383,4379.68,4379.84,4175
2026-08-11 00:45:00,4379.825,4379.965,4373.475,4376.92,4328
2026-08-11 00:50:00,4376.925,4379.195,4375.1,4376.925,3902
2026-08-11 00:55:00,4376.915,4379.21,4376.335,4378.595,3072
2026-08-11 01:00:00,4378.54,4381.295,4378.54,4380.105,2741
2026-08-11 01:05:00,4380.125,4382.905,4379.95,4382.07,3167
2026-08-11 01:10:00,4382.095,4382.865,4380.75,4382.11,3603
2026-08-11 01:15:00,4382.115,4383.145,4381.415,4382.915,3178
2026-08-11 01:20:00,4382.91,4388.155,4382.665,4386.745,3979
2026-08-11 01:25:00,4386.74,4391.73,4386.24,4390.78,4580
2026-08-11 01:30:00,4390.79,4394.15,4386.29,4387.335,4042
2026-08-11 01:35:00,4387.325,4388.805,4384.495,4387.99,3462
2026-08-11 01:40:00,4387.965,4390.92,4387.175,4388.24,3554
2026-08-11 01:45:00,4388.25,4394.995,4387.415,4394.025,3382
2026-08-11 01:50:00,4394.04,4395.28,4391.345,4392.555,4760
2026-08-11 01:55:00,4392.565,4392.74,4387.4,4388.39,4666
2026-08-11 02:00:00,4388.4,4390.535,4388.035,4388.71,1413
2026-08-11 02:05:00,4388.715,4388.765,4385.89,4386.095,1144
2026-08-11 02:10:00,4386.105,4390.81,4386.105,4389.395,938
2026-08-11 02:15:00,4389.405,4391.535,4389.405,4390.21,927
2026-08-11 02:20:00,4390.19,4390.245,4386.785,4388.775,1154
2026-08-11 02:25:00,4388.775,4392.2,4388.61,4391.16,924
2026-08-11 02:30:00,4391.165,4392.17,4390.645,4391.005,765
2026-08-11 02:35:00,4391.025,4391.445,4390.045,4390.36,513
2026-08-11 02:40:00,4390.355,4391.445,4389.945,4389.945,751
2026-08-11 02:45:00,4389.92,4390.77,4388.935,4389.015,746
2026-08-11 02:50:00,4389.025,4390.75,4388.805,4389.38,877
2026-08-11 02:55:00,4389.395,4390.57,4388.675,4389.575,1120
2026-08-11 04:00:00,4389.685,4392.145,4387.625,4389.93,1815
2026-08-11 04:05:00,4389.935,4391.97,4389.615,4391.475,898
2026-08-11 04:10:00,4391.51,4393.205,4390.715,4391.535,895
2026-08-11 04:15:00,4391.56,4392.775,4391.225,4392.47,484
2026-08-11 04:20:00,4392.47,4393.595,4391.825,4393.055,562
2026-08-11 04:25:00,4393.095,4393.645,4391.945,4392.195,356
2026-08-11 04:30:00,4392.225,4393.765,4392.115,4393.69,671
2026-08-11 04:35:00,4393.675,4394.32,4393.09,4393.995,579
2026-08-11 04:40:00,4394.015,4396.335,4393.625,4395.44,776
2026-08-11 04:45:00,4395.435,4398.52,4395.38,4397.715,812
2026-08-11 04:50:00,4397.79,4399.78,4397.435,4399.76,608
2026-08-11 04:55:00,4399.74,4401.06,4398.73,4399.955,971
2026-08-11 05:00:00,4399.975,4402.045,4397.72,4398.825,1530
2026-08-11 05:05:00,4398.825,4402.215,4395.97,4396.695,1661
2026-08-11 05:10:00,4396.64,4397.62,4395.77,4397.545,704
2026-08-11 05:15:00,4397.52,4397.61,4394.745,4395.35,838
2026-08-11 05:20:00,4395.365,4396.275,4394.86,4395.015,482
2026-08-11 05:25:00,4395.015,4396.055,4394.815,4395.515,441
2026-08-11 05:30:00,4395.45,4396.375,4395.38,4395.615,675
2026-08-11 05:35:00,4395.62,4399.01,4395.49,4398.9,633
2026-08-11 05:40:00,4398.9,4399.06,4397.73,4398.79,1107
2026-08-11 05:45:00,4398.84,4399.16,4396.88,4397.93,1805
2026-08-11 05:50:00,4397.97,4399.045,4396.49,4398.875,1912
2026-08-11 05:55:00,4398.835,4402.74,4398.61,4402.44,1934
2026-08-11 06:00:00,4402.405,4404.855,4396.5,4404.54,4033
2026-08-11 06:05:00,4404.525,4406.555,4402.82,4406.175,2671
2026-08-11 06:10:00,4406.185,4409.03,4404.015,4405.575,2551
2026-08-11 06:15:00,4405.51,4408.085,4404.63,4406.245,1946
2026-08-11 06:20:00,4406.235,4412.4,4405.805,4412.35,2146
2026-08-11 06:25:00,4412.3,4416.265,4411.895,4414.11,2700
2026-08-11 06:30:00,4414.12,4414.175,4411.39,4412.825,1985
2026-08-11 06:35:00,4412.82,4413.535,4408.76,4411.595,2047
2026-08-11 06:40:00,4411.62,4414.305,4407.55,4414.255,2928
2026-08-11 06:45:00,4414.265,4419.42,4410.055,4413.135,3265
2026-08-11 06:50:00,4412.985,4413.275,4409.71,4409.77,1830
2026-08-11 06:55:00,4409.785,4412.015,4408.44,4409.475,1799
2026-08-11 07:00:00,4409.565,4410.035,4393.795,4400.65,7657
2026-08-11 07:05:00,4400.67,4409.61,4399.01,4408.67,4995
2026-08-11 07:10:00,4408.66,4415.42,4408.63,4414.605,4487
2026-08-11 07:15:00,4414.57,4419.775,4412.685,4414.945,4513
2026-08-11 07:20:00,4414.915,4420.275,4413.82,4414.765,3719
2026-08-11 07:25:00,4414.73,4419.535,4413.665,4419.4,3473
2026-08-11 07:30:00,4419.415,4421.735,4418.165,4419.65,3081
2026-08-11 07:35:00,4419.64,4420.775,4416.545,4419.725,3412
2026-08-11 07:40:00,4419.755,4422.575,4415.22,4415.38,3903
2026-08-11 07:45:00,4415.415,4427.345,4414.675,4426.545,3710
2026-08-11 07:50:00,4426.525,4431.725,4425.305,4431.605,2981
2026-08-11 07:55:00,4431.6,4434.225,4429.1,4429.735,3433
2026-08-11 08:00:00,4429.76,4429.89,4423.675,4426.96,3888
2026-08-11 08:05:00,4426.945,4429.585,4421.865,4423.665,3141
2026-08-11 08:10:00,4423.675,4434.645,4423.055,4434.005,3025
2026-08-11 08:15:00,4434.03,4435.27,4431.88,4431.96,2220
2026-08-11 08:20:00,4431.965,4432.19,4426.27,4426.39,2338
2026-08-11 08:25:00,4426.36,4430.365,4426.12,4428.625,1868
2026-08-11 08:30:00,4428.61,4429.26,4424.155,4426.8,3386
2026-08-11 08:35:00,4426.825,4426.92,4413.845,4416.025,4135
2026-08-11 08:40:00,4416.02,4421.305,4415.86,4418.435,3213
2026-08-11 08:45:00,4418.455,4419.11,4414.995,4415.255,2912
2026-08-11 08:50:00,4415.26,4415.33,4409.27,4411.5,3204
2026-08-11 08:55:00,4411.525,4413.005,4408.065,4410.99,2798
2026-08-11 09:00:00,4410.975,4414.375,4410.3,4413.59,2446
2026-08-11 09:05:00,4413.565,4414.99,4409.875,4413.815,2074
2026-08-11 09:10:00,4413.8,4415.42,4412.305,4413.52,1916
2026-08-11 09:15:00,4413.585,4417.48,4413.015,4417.085,2233
2026-08-11 09:20:00,4417.065,4418.37,4414.56,4415.73,2004
2026-08-11 09:25:00,4415.665,4420.84,4415.475,4420.47,2064
2026-08-11 09:30:00,4420.475,4421.66,4418.76,4419.92,1549
2026-08-11 09:35:00,4419.915,4420.44,4418.435,4418.85,1188
2026-08-11 09:40:00,4418.85,4419.99,4415.73,4416.1,1132
2026-08-11 09:45:00,4416.13,4418.525,4414.12,4414.91,1622
2026-08-11 09:50:00,4414.965,4418.905,4414.11,4416.78,1243
2026-08-11 09:55:00,4416.855,4417.935,4416.325,4416.925,797
2026-08-11 10:00:00,4416.93,4419.61,4416.49,4417.72,1385
2026-08-11 10:05:00,4417.685,4418.445,4413.75,4413.82,1246
2026-08-11 10:10:00,4413.815,4414.305,4412.215,4413.955,1496
2026-08-11 10:15:00,4413.93,4415.88,4412.605,4413.255,1448
2026-08-11 10:20:00,4413.235,4413.975,4409.995,4413.1,1474
2026-08-11 10:25:00,4413.11,4415.615,4410.865,4415.385,1268
2026-08-11 10:30:00,4415.36,4420.53,4411.04,4415.945,3291
2026-08-11 10:35:00,4415.935,4416.07,4410.515,4413.93,2499
2026-08-11 10:40:00,4414,4414.845,4408.29,4410.19,1950
2026-08-11 10:45:00,4410.2,4411.505,4407.355,4407.81,2036
2026-08-11 10:50:00,4407.815,4408.34,4405.67,4406.915,1742
2026-08-11 10:55:00,4407.055,4409.45,4403.55,4409.01,1599
2026-08-11 11:00:00,4409.05,4409.135,4404.865,4405.65,1377
2026-08-11 11:05:00,4405.64,4406.545,4402.645,4406.07,1814
2026-08-11 11:10:00,4406.035,4406.245,4399.365,4402.295,1561
2026-08-11 11:15:00,4402.31,4402.32,4397.965,4399.095,1799
2026-08-11 11:20:00,4399.07,4399.89,4396.35,4398.04,2142
2026-08-11 11:25:00,4398.03,4398.31,4391.035,4392.44,2573
2026-08-11 11:30:00,4392.365,4392.365,4372.675,4384.225,6754
2026-08-11 11:35:00,4384.195,4385.835,4377.35,4379.74,4552
2026-08-11 11:40:00,4379.755,4380.19,4373.67,4377.155,4152
2026-08-11 11:45:00,4377.17,4378.255,4372.035,4372.25,4037
2026-08-11 11:50:00,4372.26,4373.595,4368.35,4370.135,4125
2026-08-11 11:55:00,4370.13,4375.595,4367.565,4375.41,3931
2026-08-11 12:00:00,4375.425,4380.995,4371.815,4379.535,4603
2026-08-11 12:05:00,4379.53,4382.72,4378.245,4382.575,2860
2026-08-11 12:10:00,4382.565,4382.57,4372.825,4372.96,3861
2026-08-11 12:15:00,4372.935,4376.245,4369.69,4370.005,3426
2026-08-11 12:20:00,4370,4374.595,4367.555,4373.77,3827
2026-08-11 12:25:00,4373.755,4374.085,4362.085,4363.565,4106
2026-08-11 12:30:00,4363.585,4367.835,4359.945,4362.6,4793
2026-08-11 12:35:00,4362.595,4368.4,4360.82,4368.24,3708
2026-08-11 12:40:00,4368.23,4369.475,4363.2,4363.705,2891
2026-08-11 12:45:00,4363.71,4367.455,4362.69,4366.805,2578
2026-08-11 12:50:00,4366.83,4367.675,4360.78,4361.555,2983
2026-08-11 12:55:00,4361.55,4366.375,4359.715,4366.325,2749
2026-08-11 13:00:00,4366.34,4367.8,4361.895,4362.945,3304
2026-08-11 13:05:00,4362.955,4365.135,4361.34,4361.925,2733
2026-08-11 13:10:00,4361.935,4364.99,4361.315,4363.41,2325
2026-08-11 13:15:00,4363.4,4363.7,4357.85,4359.955,2449
2026-08-11 13:20:00,4359.97,4362.04,4357.59,4360.14,2613
2026-08-11 13:25:00,4360.12,4366.055,4359.53,4363.11,2385
2026-08-11 13:30:00,4363.115,4364.955,4358.63,4361.205,3145
2026-08-11 13:35:00,4361.185,4363.62,4359.075,4359.075,2347
2026-08-11 13:40:00,4359.04,4359.235,4356.875,4358.63,2425
2026-08-11 13:45:00,4358.695,4359.85,4357.535,4359.365,1966
2026-08-11 13:50:00,4359.345,4361.67,4357.83,4359.95,2210
2026-08-11 13:55:00,4359.945,4360.01,4356.79,4357.82,2037
2026-08-11 14:00:00,4357.83,4364.3,4356.99,4363.23,3071
2026-08-11 14:05:00,4363.225,4366.825,4362.47,4365.635,2552
2026-08-11 14:10:00,4365.625,4366.75,4364.075,4365.205,2337
2026-08-11 14:15:00,4365.205,4365.77,4360.24,4362.335,2393
2026-08-11 14:20:00,4362.345,4364.77,4359.1,4364.665,2771
2026-08-11 14:25:00,4364.695,4369.805,4363.99,4369.23,2599
2026-08-11 14:30:00,4369.21,4372.46,4368.705,4371.315,2679
2026-08-11 14:35:00,4371.295,4375.235,4370.9,4374.835,2317
2026-08-11 14:40:00,4374.825,4376.11,4374.185,4374.905,1988
2026-08-11 14:45:00,4374.9,4375.605,4372.56,4374.395,2649
2026-08-11 14:50:00,4374.385,4376.725,4371.265,4371.42,2582
2026-08-11 14:55:00,4371.4,4372.675,4369.135,4369.185,2163
2026-08-11 15:00:00,4369.18,4372.025,4367.615,4371.295,2630
2026-08-11 15:05:00,4371.32,4372.645,4370.41,4370.46,2114
2026-08-11 15:10:00,4370.445,4373.05,4370.375,4372.585,2080
2026-08-11 15:15:00,4372.575,4374.235,4371.24,4374.045,2422
2026-08-11 15:20:00,4374.015,4375.615,4370.785,4372.87,3171
2026-08-11 15:25:00,4372.87,4375.645,4370.835,4371.96,2872
2026-08-11 15:30:00,4371.935,4375.175,4370.215,4373.79,2833
2026-08-11 15:35:00,4373.785,4374.77,4371.97,4373.465,1781
2026-08-11 15:40:00,4373.47,4374.405,4370.585,4370.585,1920
2026-08-11 15:45:00,4370.575,4374.845,4370.395,4373.86,1730
2026-08-11 15:50:00,4373.825,4373.95,4371.295,4371.895,1292
2026-08-11 15:55:00,4371.91,4373.135,4371.135,4372.5,1614
2026-08-11 16:00:00,4372.51,4374.245,4371.24,4372.35,2051
2026-08-11 16:05:00,4372.38,4374.91,4371.525,4373.63,1626
2026-08-11 16:10:00,4373.625,4376.06,4373.145,4373.215,1756
2026-08-11 16:15:00,4373.22,4375.075,4372.51,4372.515,1408
2026-08-11 16:20:00,4372.515,4378.055,4372.405,4377.785,2448
2026-08-11 16:25:00,4377.79,4381.925,4376.615,4378.32,3569
2026-08-11 16:30:00,4378.31,4381.175,4378.2,4379.28,2697
2026-08-11 16:35:00,4379.265,4380.025,4377.76,4378.08,1558
2026-08-11 16:40:00,4378.075,4378.525,4377.035,4377.83,1846
2026-08-11 16:45:00,4377.825,4381.215,4377.685,4381.195,1996
2026-08-11 16:50:00,4381.185,4381.915,4380.34,4380.655,1897
2026-08-11 16:55:00,4380.66,4382.705,4379.045,4382.465,2221
2026-08-11 17:00:00,4382.46,4393.08,4380.455,4391.205,7307
2026-08-11 17:05:00,4391.235,4392.485,4388.785,4390.67,4404
2026-08-11 17:10:00,4390.66,4392.625,4388.1,4391.385,3611
2026-08-11 17:15:00,4391.48,4392.49,4388.305,4390.01,3433
2026-08-11 17:20:00,4390.02,4391.3,4385.69,4386.2,2715
2026-08-11 17:25:00,4386.21,4388.63,4385.315,4387.455,2865
2026-08-11 17:30:00,4387.45,4388.16,4385.34,4386.345,2167
2026-08-11 17:35:00,4386.355,4387.26,4383.51,4384.54,2296
2026-08-11 17:40:00,4384.55,4386.445,4383.07,4386.24,2128
2026-08-11 17:45:00,4386.16,4389.17,4385.585,4387.625,2482
2026-08-11 17:50:00,4387.645,4389.94,4385.03,4387.7,2375
2026-08-11 17:55:00,4387.695,4388.8,4385.785,4387.78,2132
2026-08-11 18:00:00,4387.775,4387.97,4383.97,4385.27,3329
2026-08-11 18:05:00,4385.28,4395.38,4385.075,4393.67,3767
2026-08-11 18:10:00,4393.66,4397.675,4391.715,4397.06,3500
2026-08-11 18:15:00,4397.075,4397.855,4392.935,4395.985,3017
2026-08-11 18:20:00,4395.95,4399.7,4388.015,4389.155,5991
2026-08-11 18:25:00,4389.16,4393.23,4387.59,4391.33,3746
2026-08-11 18:30:00,4391.375,4395.385,4388.885,4390.22,3532
2026-08-11 18:35:00,4390.225,4392.26,4388.97,4389.975,2840
2026-08-11 18:40:00,4389.98,4398.675,4389.87,4398.675,3222
2026-08-11 18:45:00,4398.685,4400.105,4395.45,4397.45,2773
2026-08-11 18:50:00,4397.425,4398.115,4393.02,4393.645,2494
2026-08-11 18:55:00,4393.65,4394.87,4392.235,4392.565,2756
2026-08-11 19:00:00,4392.53,4399.335,4391.97,4392.835,5527
2026-08-11 19:05:00,4392.905,4399.185,4392.73,4399.125,3711
2026-08-11 19:10:00,4399.2,4401.025,4393.83,4393.9,3718
2026-08-11 19:15:00,4393.895,4395.545,4389.66,4394.345,4342
2026-08-11 19:20:00,4394.35,4400.97,4394.275,4397.915,3648
2026-08-11 19:25:00,4397.93,4400.165,4395.775,4397.985,3431
2026-08-11 19:30:00,4398,4400.22,4389.98,4392.32,6678
2026-08-11 19:35:00,4392.33,4399.96,4388.965,4399.77,6056
2026-08-11 19:40:00,4399.755,4401.975,4398.33,4399.855,6517
2026-08-11 19:45:00,4399.88,4404.29,4392.685,4394.9,6565
2026-08-11 19:50:00,4394.905,4396.73,4384.61,4387.36,7258
2026-08-11 19:55:00,4387.355,4394.64,4386.97,4389.43,6919
2026-08-11 20:00:00,4389.36,4390.205,4381.195,4385.055,6633
2026-08-11 20:05:00,4385.105,4387.055,4382.805,4384.69,4758
2026-08-11 20:10:00,4384.71,4387.395,4382.24,4387.16,4815
2026-08-11 20:15:00,4387.15,4390.37,4382.845,4385.77,5243
2026-08-11 20:20:00,4385.75,4389.605,4381.715,4384.46,4936
2026-08-11 20:25:00,4384.465,4387.86,4382.035,4384.08,4854
2026-08-11 20:30:00,4384.11,4390.97,4384.08,4390.72,4884
2026-08-11 20:35:00,4390.715,4393.15,4389.415,4391.86,4613
2026-08-11 20:40:00,4391.855,4395.41,4390.815,4393.585,4208
2026-08-11 20:45:00,4393.615,4396.12,4392.83,4393.69,3474
2026-08-11 20:50:00,4393.675,4395.545,4391.895,4395.3,3734
2026-08-11 20:55:00,4395.305,4398.085,4392.98,4394.17,3952
2026-08-11 21:00:00,4394.185,4398.915,4393.07,4397.03,4067
2026-08-11 21:05:00,4397.05,4397.505,4390,4391.13,4014
2026-08-11 21:10:00,4391.1,4396.06,4389.275,4392.31,3924
2026-08-11 21:15:00,4392.3,4392.3,4382.225,4386.33,5340
2026-08-11 21:20:00,4386.345,4389.74,4383.485,4384.005,4663
2026-08-11 21:25:00,4383.995,4387.745,4382.07,4386.81,4055
2026-08-11 21:30:00,4386.805,4387.085,4376.68,4378.055,5159
2026-08-11 21:35:00,4378.03,4379.445,4371.78,4371.79,6885
2026-08-11 21:40:00,4371.765,4376.35,4369.18,4376,5532
2026-08-11 21:45:00,4375.995,4378.205,4375.055,4376.34,4063
2026-08-11 21:50:00,4376.365,4380.65,4375.205,4380.605,3600
2026-08-11 21:55:00,4380.61,4383.94,4379.83,4383.88,3371
2026-08-11 22:00:00,4383.905,4384.95,4380.55,4380.89,3628
2026-08-11 22:05:00,4380.895,4381.7,4378.79,4380.27,2809
2026-08-11 22:10:00,4380.275,4381.705,4378.795,4379.585,2700
2026-08-11 22:15:00,4379.665,4381.46,4378.59,4378.835,2424
2026-08-11 22:20:00,4378.785,4383.095,4378.585,4381.64,2864
2026-08-11 22:25:00,4381.65,4383.525,4380.67,4383.1,2492
2026-08-11 22:30:00,4383.105,4383.15,4379.425,4382.57,2491
2026-08-11 22:35:00,4382.56,4385.005,4382.41,4384.01,2071
2026-08-11 22:40:00,4384.015,4385.875,4383.075,4384.855,2154
2026-08-11 22:45:00,4384.89,4385.605,4382.19,4382.895,2351
2026-08-11 22:50:00,4382.9,4383.255,4381.15,4382.38,2155
2026-08-11 22:55:00,4382.37,4385.3,4381.875,4383.485,2398
2026-08-11 23:00:00,4383.49,4385.595,4382.55,4383.665,2438
2026-08-11 23:05:00,4383.65,4385.845,4381.78,4384.665,2539
2026-08-11 23:10:00,4384.68,4384.685,4381.19,4381.23,2689
2026-08-11 23:15:00,4381.24,4383.86,4380.115,4383.35,2782
2026-08-11 23:20:00,4383.34,4384.47,4379.89,4381.105,3167
2026-08-11 23:25:00,4381.085,4383.41,4379.02,4381.38,3283
2026-08-11 23:30:00,4381.375,4382.035,4376.025,4376.795,2821
2026-08-11 23:35:00,4376.77,4377.385,4374.445,4377.02,2544
2026-08-11 23:40:00,4376.995,4378.34,4376.3,4376.385,2645
2026-08-11 23:45:00,4376.38,4377.665,4375.045,4376.61,2304
2026-08-11 23:50:00,4376.625,4376.98,4372.975,4373.005,1858
2026-08-11 23:55:00,4373,4373.515,4368.97,4369.21,3271
2026-08-12 00:00:00,4369.215,4369.335,4363.785,4365.3,4568
2026-08-12 00:05:00,4365.295,4367.02,4361.155,4361.505,4222
2026-08-12 00:10:00,4361.5,4364.21,4360.305,4363.855,3176
2026-08-12 00:15:00,4363.865,4367.345,4363.65,4366.805,3303
2026-08-12 00:20:00,4366.81,4366.86,4362.09,4364.39,3631
2026-08-12 00:25:00,4364.395,4365.54,4360.255,4361.415,3836
2026-08-12 00:30:00,4361.425,4368.09,4361.22,4367.77,2727
2026-08-12 00:35:00,4367.775,4371.27,4367.555,4370.675,2343
2026-08-12 00:40:00,4370.59,4371.895,4368.895,4371.135,2090
2026-08-12 00:45:00,4371.16,4372.795,4370.92,4371.525,2084
2026-08-12 00:50:00,4371.555,4372.495,4371.49,4371.81,1528
2026-08-12 00:55:00,4371.805,4372.08,4370.125,4371.625,1781
2026-08-12 01:00:00,4371.635,4372.325,4367.085,4367.11,1794
2026-08-12 01:05:00,4367.13,4367.165,4363.52,4364.815,2158
2026-08-12 01:10:00,4364.8,4367.57,4363.54,4363.905,1954
2026-08-12 01:15:00,4363.88,4364.87,4361.4,4362.96,1919
2026-08-12 01:20:00,4362.965,4369.39,4362.195,4368.865,2220
2026-08-12 01:25:00,4368.855,4370.905,4367.085,4370.445,2483
2026-08-12 01:30:00,4370.46,4374.34,4370.46,4371.46,2518
2026-08-12 01:35:00,4371.445,4371.77,4368.46,4370.65,1843
2026-08-12 01:40:00,4370.625,4370.64,4366.48,4367.625,1596
2026-08-12 01:45:00,4367.635,4370.565,4366.69,4370.07,1735
2026-08-12 01:50:00,4370.08,4370.77,4366.39,4369.38,2173
2026-08-12 01:55:00,4369.39,4373.415,4369.27,4370.725,3177
2026-08-12 02:00:00,4370.75,4371.16,4368.565,4369.785,1264
2026-08-12 02:05:00,4369.81,4370.995,4368.95,4370.57,859
2026-08-12 02:10:00,4370.545,4371.115,4370.19,4370.375,461
2026-08-12 02:15:00,4370.4,4370.41,4367.865,4368.27,544
2026-08-12 02:20:00,4368.27,4369.965,4367.71,4369.965,439
2026-08-12 02:25:00,4369.965,4371.1,4369.265,4370.33,701
2026-08-12 02:30:00,4370.37,4370.57,4369.355,4369.785,472
2026-08-12 02:35:00,4369.8,4369.965,4368.875,4369.43,497
2026-08-12 02:40:00,4369.465,4369.465,4367.535,4367.625,530
2026-08-12 02:45:00,4367.62,4367.885,4367.265,4367.62,563
2026-08-12 02:50:00,4367.58,4367.99,4367.24,4367.825,520
2026-08-12 02:55:00,4367.815,4369.38,4367.725,4368.695,759
2026-08-12 04:00:00,4368.525,4373.25,4368.525,4372.715,1355
2026-08-12 04:05:00,4372.695,4374.77,4372.1,4374.55,832
2026-08-12 04:10:00,4374.545,4375.605,4373.96,4374.185,724
2026-08-12 04:15:00,4374.195,4375.54,4373.49,4374.965,983
2026-08-12 04:20:00,4374.94,4376.78,4374.82,4376.29,1105
2026-08-12 04:25:00,4376.24,4377.07,4375.835,4376.735,702
2026-08-12 04:30:00,4376.75,4378.205,4376.345,4377.08,1000
2026-08-12 04:35:00,4377.08,4377.61,4376.06,4376.12,1180
2026-08-12 04:40:00,4376.11,4376.795,4375.06,4376.34,753
2026-08-12 04:45:00,4376.32,4378.56,4374.115,4375.03,1379
2026-08-12 04:50:00,4375.07,4375.56,4371.135,4374.13,1658
2026-08-12 04:55:00,4374.155,4374.87,4367.19,4369.15,1802
2026-08-12 05:00:00,4369.16,4369.76,4363.365,4364.78,1888
2026-08-12 05:05:00,4364.845,4369.815,4362.55,4364.835,2388
2026-08-12 05:10:00,4364.845,4369.765,4364.7,4366.61,2004
2026-08-12 05:15:00,4366.575,4372.165,4365.255,4371.035,1434
2026-08-12 05:20:00,4371.025,4374.71,4371.025,4372.795,1137
2026-08-12 05:25:00,4372.75,4374.055,4368.18,4372.885,1632
2026-08-12 05:30:00,4372.895,4372.935,4366.74,4368.61,1693
2026-08-12 05:35:00,4368.53,4368.81,4367.45,4367.765,661
2026-08-12 05:40:00,4367.77,4368.52,4367.56,4368.01,478
2026-08-12 05:45:00,4368.01,4370.555,4368.01,4368.93,1207
2026-08-12 05:50:00,4368.965,4369.945,4368.41,4369.905,927
2026-08-12 05:55:00,4369.875,4371.935,4369.77,4371.56,1195
2026-08-12 06:00:00,4371.61,4371.66,4366.545,4368.96,3532
2026-08-12 06:05:00,4368.905,4371.185,4367.87,4371.01,2399
2026-08-12 06:10:00,4371.045,4379.475,4370.44,4378.135,2280
2026-08-12 06:15:00,4378.2,4380.085,4374.095,4379.99,2990
2026-08-12 06:20:00,4379.945,4380.67,4377.715,4378.7,2035
2026-08-12 06:25:00,4378.715,4381.27,4377.835,4380.81,2243
2026-08-12 06:30:00,4380.87,4383.405,4379.38,4381.345,2344
2026-08-12 06:35:00,4381.305,4383.8,4380.855,4381.58,1713
2026-08-12 06:40:00,4381.63,4383.325,4381.07,4382.99,1705
2026-08-12 06:45:00,4382.985,4383.335,4381.005,4381.34,1510
2026-08-12 06:50:00,4381.39,4382.085,4378.1,4378.18,1770
2026-08-12 06:55:00,4378.19,4381.765,4377.67,4380.64,2149
2026-08-12 07:00:00,4380.705,4385.485,4378.37,4384.67,5750
2026-08-12 07:05:00,4384.655,4387.66,4382.39,4387.31,3734
2026-08-12 07:10:00,4387.285,4390.825,4386.83,4390.455,3000
2026-08-12 07:15:00,4390.445,4392.04,4386.755,4391.46,3112
2026-08-12 07:20:00,4391.47,4394.16,4389.435,4390.915,2617
2026-08-12 07:25:00,4390.905,4391.985,4389.87,4390.66,1993
2026-08-12 07:30:00,4390.705,4391.515,4386.05,4387.025,3172
2026-08-12 07:35:00,4387.035,4391.48,4385.29,4387.715,2730
2026-08-12 07:40:00,4387.72,4393.23,4387.185,4393.175,2453
2026-08-12 07:45:00,4393.165,4396.485,4391.085,4395.165,2565
2026-08-12 07:50:00,4395.17,4397.4,4395.045,4395.2,2445
2026-08-12 07:55:00,4395.205,4397.325,4393.36,4396.45,2364
2026-08-12 08:00:00,4396.465,4397.01,4394.245,4396.57,2365
2026-08-12 08:05:00,4396.58,4398.025,4395.335,4397.415,2276
2026-08-12 08:10:00,4397.4,4404.83,4397.19,4401.855,3323
2026-08-12 08:15:00,4401.845,4403.13,4399.52,4401.87,2119
2026-08-12 08:20:00,4401.86,4403.83,4401.015,4402.52,1811
2026-08-12 08:25:00,4402.51,4403.37,4401.14,4402.285,1187
2026-08-12 08:30:00,4402.29,4403.505,4398.28,4398.715,3222
2026-08-12 08:35:00,4398.725,4400.2,4397.8,4399.61,2361
2026-08-12 08:40:00,4399.615,4408.33,4399.325,4405.56,3624
2026-08-12 08:45:00,4405.57,4411.225,4405.345,4409.805,3096
2026-08-12 08:50:00,4409.795,4414.505,4409.575,4413.7,3393
2026-08-12 08:55:00,4413.71,4413.76,4411.135,4411.33,2630
2026-08-12 09:00:00,4411.335,4414.36,4408.81,4409.83,3103
2026-08-12 09:05:00,4409.84,4416.215,4408.62,4413.495,2981
2026-08-12 09:10:00,4413.5,4414.745,4410.62,4410.81,2427
2026-08-12 09:15:00,4410.785,4410.805,4406.56,4407.42,2499
2026-08-12 09:20:00,4407.43,4407.79,4404.55,4406.7,2286
2026-08-12 09:25:00,4406.67,4408.215,4406.075,4407.385,2259
2026-08-12 09:30:00,4407.36,4408.78,4405.04,4405.53,1828
2026-08-12 09:35:00,4405.53,4406.605,4403.785,4404.05,1424
2026-08-12 09:40:00,4404.09,4404.445,4401.36,4401.455,1723
2026-08-12 09:45:00,4401.44,4403.32,4401.36,4402.78,1347
2026-08-12 09:50:00,4402.775,4403.9,4400.805,4402.285,1559
2026-08-12 09:55:00,4402.265,4403.03,4401.315,4402.365,1085
2026-08-12 10:00:00,4402.395,4403.295,4401.51,4403.205,1055
2026-08-12 10:05:00,4403.175,4403.27,4399.785,4400.11,1067
2026-08-12 10:10:00,4400.085,4400.275,4396.755,4397.515,1653
2026-08-12 10:15:00,4397.53,4397.56,4395.545,4396.325,1345
2026-08-12 10:20:00,4396.34,4398.62,4396.34,4397.71,1003
2026-08-12 10:25:00,4397.71,4399.405,4397.605,4399.145,1121
2026-08-12 10:30:00,4399.14,4399.505,4397.315,4399.135,840
2026-08-12 10:35:00,4399.135,4399.885,4398.025,4398.975,1168
2026-08-12 10:40:00,4398.985,4400.235,4395.46,4400.125,1470
2026-08-12 10:45:00,4400.095,4402.385,4399.54,4401.42,1217
2026-08-12 10:50:00,4401.395,4401.855,4399.7,4399.755,1058
2026-08-12 10:55:00,4399.73,4401.335,4399.26,4401.175,1235
2026-08-12 11:00:00,4401.135,4402.405,4400.235,4401.66,1253
2026-08-12 11:05:00,4401.675,4404.84,4400.975,4404.705,1427
2026-08-12 11:10:00,4404.625,4404.875,4400.93,4400.96,1174
2026-08-12 11:15:00,4400.91,4401.03,4397.16,4398.71,1423
2026-08-12 11:20:00,4398.735,4399.175,4392.545,4394.2,1989
2026-08-12 11:25:00,4394.22,4396.015,4392.675,4392.675,1609
2026-08-12 11:30:00,4392.7,4397.14,4389.305,4392.565,3897
2026-08-12 11:35:00,4392.52,4395.135,4390.845,4393.705,2578
2026-08-12 11:40:00,4393.72,4394.36,4388.08,4388.14,2345
2026-08-12 11:45:00,4388.095,4389.27,4385.265,4385.27,2785
2026-08-12 11:50:00,4385.275,4389.265,4384.02,4388.81,2628
2026-08-12 11:55:00,4388.82,4394.005,4388.4,4391.095,2824
2026-08-12 12:00:00,4391.08,4393.105,4387.505,4388.145,2319
2026-08-12 12:05:00,4388.135,4388.785,4385.38,4386.66,2220
2026-08-12 12:10:00,4386.68,4388.52,4385.255,4387.155,2114
2026-08-12 12:15:00,4387.12,4390.48,4385.72,4389.205,2225
2026-08-12 12:20:00,4389.21,4390.565,4387.91,4389.225,1990
2026-08-12 12:25:00,4389.24,4390.2,4387.115,4389.78,1911
2026-08-12 12:30:00,4389.8,4390.43,4388.45,4389.47,2150
2026-08-12 12:35:00,4389.475,4395.085,4388.72,4394.01,3237
2026-08-12 12:40:00,4394.005,4397.525,4393.625,4394.59,2979
2026-08-12 12:45:00,4394.64,4400.81,4394.595,4400.055,3045
2026-08-12 12:50:00,4400.06,4403.305,4399.61,4401.285,2576
2026-08-12 12:55:00,4401.31,4406.415,4401.225,4403.5,2767
2026-08-12 13:00:00,4403.495,4406.195,4401.135,4401.27,2603
2026-08-12 13:05:00,4401.3,4403.325,4400.975,4402.305,2127
2026-08-12 13:10:00,4402.335,4406.065,4401.36,4401.575,2141
2026-08-12 13:15:00,4401.585,4401.645,4398.715,4399.385,2049
2026-08-12 13:20:00,4399.395,4400.605,4398.285,4400.08,1623
2026-08-12 13:25:00,4400.06,4402.9,4399.585,4402.54,1647
2026-08-12 13:30:00,4402.505,4405.65,4401.49,4404.065,1581
2026-08-12 13:35:00,4404.06,4407.55,4403.475,4407.53,2023
2026-08-12 13:40:00,4407.535,4408.625,4405.895,4407.915,1889
2026-08-12 13:45:00,4407.92,4409.85,4406.105,4408.725,1926
2026-08-12 13:50:00,4408.715,4410.13,4407.735,4408.755,2036
2026-08-12 13:55:00,4408.75,4408.975,4404.835,4406.27,1949
2026-08-12 14:00:00,4406.3,4410.31,4405.88,4408.775,2341
2026-08-12 14:05:00,4408.775,4410.655,4407.39,4407.505,1968
2026-08-12 14:10:00,4407.525,4409.55,4407.41,4408.635,1613
2026-08-12 14:15:00,4408.605,4408.655,4406.595,4407.415,1380
2026-08-12 14:20:00,4407.425,4409.56,4407.385,4408.405,1836
2026-08-12 14:25:00,4408.385,4408.635,4405.715,4407.135,1659
2026-08-12 14:30:00,4407.12,4407.675,4405.115,4405.745,1720
2026-08-12 14:35:00,4405.755,4406.585,4404.76,4406.075,1908
2026-08-12 14:40:00,4406.07,4406.315,4404.555,4406.08,1545
2026-08-12 14:45:00,4406.075,4406.075,4402.835,4404.285,1673
2026-08-12 14:50:00,4404.28,4405.12,4403.295,4403.3,1352
2026-08-12 14:55:00,4403.315,4403.65,4401.795,4401.88,1345
2026-08-12 15:00:00,4401.885,4408.045,4401.885,4407.38,1886
2026-08-12 15:05:00,4407.385,4408.995,4406.745,4408.855,1846
2026-08-12 15:10:00,4408.835,4413.2,4407.965,4412.955,2455
2026-08-12 15:15:00,4412.985,4418.08,4412.465,4415.52,2708
2026-08-12 15:20:00,4415.51,4424.38,4413.455,4423.77,5090
2026-08-12 15:25:00,4423.765,4423.765,4413.115,4413.315,4024
2026-08-12 15:30:00,4413.31,4415.905,4412.005,4414.29,3049
2026-08-12 15:35:00,4414.28,4416.405,4412.745,4416.085,2478
2026-08-12 15:40:00,4416.045,4417.14,4413.245,4413.835,1954
2026-08-12 15:45:00,4413.845,4414.51,4412.435,4412.915,1860
2026-08-12 15:50:00,4412.9,4416.65,4410.825,4411.88,3244
2026-08-12 15:55:00,4411.89,4416.58,4411.555,4415.94,2064
2026-08-12 16:00:00,4415.935,4416.46,4414.635,4415.085,1567
2026-08-12 16:05:00,4415.09,4419.215,4415.09,4418.12,2266
2026-08-12 16:10:00,4418.09,4419.385,4417.235,4417.985,1785
2026-08-12 16:15:00,4417.99,4419.88,4417.43,4419.53,1394
2026-08-12 16:20:00,4419.52,4420.375,4418.795,4419.255,1752
2026-08-12 16:25:00,4419.265,4421.07,4418.15,4419.735,1852
2026-08-12 16:30:00,4419.73,4419.975,4417.07,4417.23,1971
2026-08-12 16:35:00,4417.23,4417.23,4412.995,4414.02,1450
2026-08-12 16:40:00,4414.03,4415.325,4413.445,4414.885,1655
2026-08-12 16:45:00,4414.85,4415.835,4407.315,4409.545,3011
2026-08-12 16:50:00,4409.535,4411.15,4408.425,4410.73,2768
2026-08-12 16:55:00,4410.74,4412.86,4409.945,4412.82,1862
2026-08-12 17:00:00,4412.86,4415.265,4410.935,4411.115,2209
2026-08-12 17:05:00,4411.105,4411.745,4409.49,4410.725,1626
2026-08-12 17:10:00,4410.74,4411.405,4407.99,4407.99,1786
2026-08-12 17:15:00,4407.995,4410.25,4407.975,4410.245,1535
2026-08-12 17:20:00,4410.22,4411.565,4409.975,4410.995,1457
2026-08-12 17:25:00,4411,4416.785,4410.275,4415.085,2625
2026-08-12 17:30:00,4415.075,4416.005,4413.035,4413.455,1700
2026-08-12 17:35:00,4413.445,4413.845,4410.275,4411.705,1547
2026-08-12 17:40:00,4411.67,4413.985,4411.65,4413.34,1444
2026-08-12 17:45:00,4413.325,4414.325,4412.7,4413.505,1616
2026-08-12 17:50:00,4413.51,4414.485,4412.69,4414.35,1484
2026-08-12 17:55:00,4414.34,4415.505,4412.65,4412.88,1586
2026-08-12 18:00:00,4412.885,4413.16,4407.895,4408.76,2697
2026-08-12 18:05:00,4408.73,4409.37,4406.875,4407.375,2849
2026-08-12 18:10:00,4407.36,4409.475,4406.355,4408.75,2458
2026-08-12 18:15:00,4408.745,4409.165,4406.755,4408.35,2943
2026-08-12 18:20:00,4408.36,4409.785,4405.18,4406.825,3893
2026-08-12 18:25:00,4406.845,4427.37,4404.805,4427.355,4801
2026-08-12 18:30:00,4427.04,4433.515,4382.855,4425.26,11234
2026-08-12 18:35:00,4425.21,4430.18,4415.685,4429.15,9061
2026-08-12 18:40:00,4429.16,4438.33,4423.905,4428.705,8298
2026-08-12 18:45:00,4428.69,4428.695,4416.575,4421.795,6593
2026-08-12 18:50:00,4421.79,4428.925,4421.145,4427.72,5843
2026-08-12 18:55:00,4427.75,4438.53,4426.525,4437.385,6000
2026-08-12 19:00:00,4437.41,4441.41,4426.875,4432.4,8400
2026-08-12 19:05:00,4432.375,4434.61,4427.74,4430.245,6492
2026-08-12 19:10:00,4430.295,4430.84,4420.945,4422.015,6106
2026-08-12 19:15:00,4422.04,4429.08,4421.1,4424.24,5417
2026-08-12 19:20:00,4424.255,4427.715,4417.12,4417.175,5321
2026-08-12 19:25:00,4417.165,4419.55,4414.695,4418.49,5635
2026-08-12 19:30:00,4418.53,4420.965,4412.635,4413.925,9001
2026-08-12 19:35:00,4413.945,4419.905,4410.49,4411.905,9028
2026-08-12 19:40:00,4411.925,4420.35,4408.595,4416.685,8890
2026-08-12 19:45:00,4416.695,4428.325,4415.505,4428.195,8562
2026-08-12 19:50:00,4428.17,4434.18,4426.345,4432.535,8499
2026-08-12 19:55:00,4432.625,4433.085,4427.075,4427.705,8784
2026-08-12 20:00:00,4427.74,4429.19,4421.05,4426.8,7251
2026-08-12 20:05:00,4426.805,4430.205,4426.255,4429.63,6818
2026-08-12 20:10:00,4429.585,4434.91,4429.275,4431.96,5169
2026-08-12 20:15:00,4431.97,4437.625,4429.91,4436.485,6087
2026-08-12 20:20:00,4436.47,4439.92,4434.03,4436.52,6567
2026-08-12 20:25:00,4436.555,4437.37,4430.47,4431.625,6484
2026-08-12 20:30:00,4431.635,4436.2,4419.6,4420.765,8210
2026-08-12 20:35:00,4420.76,4423.32,4416.495,4418.46,7307
2026-08-12 20:40:00,4418.455,4425.565,4417.155,4424.985,5570
2026-08-12 20:45:00,4425.005,4432.555,4420.41,4422.395,8077
2026-08-12 20:50:00,4422.355,4424.585,4416.585,4422.745,8098
2026-08-12 20:55:00,4422.735,4424.135,4419.04,4422.095,6891
2026-08-12 21:00:00,4422.11,4423.63,4415.405,4416.2,7299
2026-08-12 21:05:00,4416.22,4423.47,4414.905,4421.745,4988
2026-08-12 21:10:00,4421.76,4430.13,4421.505,4426.73,5881
2026-08-12 21:15:00,4426.705,4427.145,4422.2,4424.475,5205
2026-08-12 21:20:00,4424.485,4428.15,4424.205,4426.425,4573
2026-08-12 21:25:00,4426.435,4426.585,4419.68,4421.505,4556
2026-08-12 21:30:00,4421.515,4425.53,4418.585,4419.1,4053
2026-08-12 21:35:00,4419.085,4421.165,4416.81,4420.93,4138
2026-08-12 21:40:00,4420.915,4422.04,4417,4418.21,3529
2026-08-12 21:45:00,4418.24,4418.54,4414.34,4415.935,4023
2026-08-12 21:50:00,4415.915,4416.875,4411.14,4416.765,4021
2026-08-12 21:55:00,4416.74,4422.54,4416.46,4421.155,3399
2026-08-12 22:00:00,4421.135,4425.885,4417.985,4420.62,4462
2026-08-12 22:05:00,4420.61,4422.23,4418.105,4419.59,3532
2026-08-12 22:10:00,4419.595,4424.275,4416.33,4423.505,3521
2026-08-12 22:15:00,4423.51,4426.315,4422.745,4425.365,4023
2026-08-12 22:20:00,4425.36,4426.575,4423.82,4426.25,3690
2026-08-12 22:25:00,4426.245,4426.435,4422.415,4423.245,3463
2026-08-12 22:30:00,4423.225,4423.975,4413.29,4413.32,3852
2026-08-12 22:35:00,4413.325,4416.09,4411.48,4414.025,5107
2026-08-12 22:40:00,4414,4415.865,4409.39,4411.04,4545
2026-08-12 22:45:00,4411.03,4411.395,4402.22,4402.74,5552
2026-08-12 22:50:00,4402.745,4406.31,4402.16,4405.53,4910
2026-08-12 22:55:00,4405.4,4405.48,4396.775,4401.645,5038
2026-08-12 23:00:00,4401.65,4405.535,4399.99,4403.15,4554
2026-08-12 23:05:00,4403.17,4407.72,4402.425,4406.62,3581
2026-08-12 23:10:00,4406.645,4406.85,4403.315,4403.77,3313
2026-08-12 23:15:00,4403.78,4404.425,4402.04,4403.39,3799
2026-08-12 23:20:00,4403.4,4410,4402.885,4407.835,4429
2026-08-12 23:25:00,4407.795,4409.185,4405.48,4406.56,3770
2026-08-12 23:30:00,4406.595,4410.76,4406.025,4410.5,3414
2026-08-12 23:35:00,4410.465,4411.6,4404.965,4405.895,3031
2026-08-12 23:40:00,4405.9,4405.9,4401.42,4402.045,3384
2026-08-12 23:45:00,4402.04,4404.085,4401.67,4403.32,2543
2026-08-12 23:50:00,4403.315,4405.675,4399.84,4400.315,2503
2026-08-12 23:55:00,4400.31,4401.825,4399.105,4399.505,2377
2026-08-13 00:00:00,4399.495,4399.51,4396.535,4399.055,2793
2026-08-13 00:05:00,4399.05,4404.205,4398.515,4404.195,2211
2026-08-13 00:10:00,4404.205,4406.67,4404.16,4405.895,2466
2026-08-13 00:15:00,4405.88,4408.38,4404.605,4408.14,2610
2026-08-13 00:20:00,4408.135,4410.86,4407.465,4410.765,2045
2026-08-13 00:25:00,4410.76,4411.325,4407.435,4408.655,3271
2026-08-13 00:30:00,4408.66,4413.195,4408.06,4412.43,2658
2026-08-13 00:35:00,4412.425,4413.07,4410.59,4411.135,2453
2026-08-13 00:40:00,4411.11,4413.795,4410.565,4413.68,2460
2026-08-13 00:45:00,4413.7,4417.995,4413.485,4417.39,2859
2026-08-13 00:50:00,4417.37,4417.38,4413.655,4413.875,2360
2026-08-13 00:55:00,4413.865,4414.345,4412.86,4413.14,2152
2026-08-13 01:00:00,4413.145,4417.14,4412.975,4416.745,2185
2026-08-13 01:05:00,4416.735,4418.44,4415.145,4416.06,1995
2026-08-13 01:10:00,4416.065,4416.945,4415.665,4416.51,1492
2026-08-13 01:15:00,4416.505,4418.09,4416.1,4417.545,1659
2026-08-13 01:20:00,4417.535,4417.7,4416.225,4416.52,1385
2026-08-13 01:25:00,4416.51,4417.47,4415.755,4416.775,2187
2026-08-13 01:30:00,4416.8,4416.85,4413.43,4413.855,2031
2026-08-13 01:35:00,4413.86,4414.39,4411.46,4411.88,2238
2026-08-13 01:40:00,4411.875,4413.575,4411.36,4413.35,2531
2026-08-13 01:45:00,4413.34,4413.66,4408.305,4409.81,2778
2026-08-13 01:50:00,4409.85,4413.29,4409.845,4411.47,2616
2026-08-13 01:55:00,4411.49,4414.145,4411.045,4413.925,3334
2026-08-13 02:00:00,4413.92,4414.325,4411.17,4411.255,1435
2026-08-13 02:05:00,4411.23,4412.175,4410.145,4410.71,915
2026-08-13 02:10:00,4410.76,4410.955,4408.89,4409.055,586
2026-08-13 02:15:00,4409.06,4409.995,4407.21,4407.23,810
2026-08-13 02:20:00,4407.23,4408.15,4406.66,4408.025,725
2026-08-13 02:25:00,4407.96,4408.885,4407.26,4407.875,767
2026-08-13 02:30:00,4407.885,4407.945,4406.9,4407.24,710
2026-08-13 02:35:00,4407.245,4408.91,4406.75,4408.195,911
2026-08-13 02:40:00,4408.205,4408.775,4407.46,4408.045,684
2026-08-13 02:45:00,4408.04,4408.81,4407.035,4408.44,866
2026-08-13 02:50:00,4408.435,4408.92,4406.75,4407.58,796
2026-08-13 02:55:00,4407.545,4409.115,4407.52,4408.88,1016
2026-08-13 04:00:00,4408.995,4411.81,4405.55,4405.695,1127
2026-08-13 04:05:00,4405.575,4405.74,4402.9,4404.185,410
2026-08-13 04:10:00,4404.175,4404.3,4402.585,4403.275,599
2026-08-13 04:15:00,4403.325,4403.325,4401.81,4402.36,567
2026-08-13 04:20:00,4402.375,4403.04,4401.835,4402.405,613
2026-08-13 04:25:00,4402.375,4402.945,4398.375,4399.475,1016
2026-08-13 04:30:00,4399.465,4402.025,4399.065,4400.38,843
2026-08-13 04:35:00,4400.395,4401.23,4398.8,4399.67,1144
2026-08-13 04:40:00,4399.66,4400.655,4399.475,4400.245,620
2026-08-13 04:45:00,4400.22,4401.43,4399.935,4400.63,891
2026-08-13 04:50:00,4400.695,4402.15,4400.695,4402.105,481
2026-08-13 04:55:00,4402.11,4403.205,4401.755,4401.755,765
2026-08-13 05:00:00,4401.79,4404.615,4401.79,4403.85,1081
2026-08-13 05:05:00,4403.815,4405.54,4403.27,4405.505,787
2026-08-13 05:10:00,4405.48,4406.09,4405.1,4405.755,681
2026-08-13 05:15:00,4405.845,4408.16,4405.765,4407.455,632
2026-08-13 05:20:00,4407.48,4408.52,4407.48,4408.405,466
2026-08-13 05:25:00,4408.435,4409.9,4407.7,4408.475,967
2026-08-13 05:30:00,4408.475,4410.535,4408.285,4408.965,848
2026-08-13 05:35:00,4408.975,4409.72,4408.025,4408.345,702
2026-08-13 05:40:00,4408.365,4409.21,4407.445,4408.73,643
2026-08-13 05:45:00,4408.725,4410.175,4408.375,4408.68,929
2026-08-13 05:50:00,4408.68,4411.265,4408.085,4411.155,845
2026-08-13 05:55:00,4411.16,4414.625,4410.865,4414.5,1675
2026-08-13 06:00:00,4414.505,4419.67,4413.025,4416.425,3838
2026-08-13 06:05:00,4416.365,4422.515,4415.465,4421.12,3079
2026-08-13 06:10:00,4421.135,4421.295,4418.725,4419.26,2303
2026-08-13 06:15:00,4419.245,4429.475,4419.245,4428.555,3852
2026-08-13 06:20:00,4428.585,4437.665,4428.295,4434.27,3352
2026-08-13 06:25:00,4434.33,4434.595,4427.11,4428.475,3399
2026-08-13 06:30:00,4428.465,4449.705,4424.7,4444.47,4472
2026-08-13 06:35:00,4444.475,4445.465,4437.275,4437.725,3582
2026-08-13 06:40:00,4437.73,4440.735,4437.33,4440.235,3312
2026-08-13 06:45:00,4440.24,4440.41,4429.545,4429.91,3533
2026-08-13 06:50:00,4429.89,4432.715,4428.74,4431.605,3214
2026-08-13 06:55:00,4431.625,4431.93,4424.085,4428.05,3637
2026-08-13 07:00:00,4428.04,4434.145,4422.925,4433.595,6731
2026-08-13 07:05:00,4433.575,4435.52,4430.91,4435.08,4776
2026-08-13 07:10:00,4435.055,4435.145,4428.815,4430.155,4074
2026-08-13 07:15:00,4430.195,4435.495,4426.835,4427.2,4242
2026-08-13 07:20:00,4427.165,4427.66,4419.145,4421.3,4431
2026-08-13 07:25:00,4421.27,4423.8,4419.19,4419.405,3578
2026-08-13 07:30:00,4419.39,4429.16,4419.105,4428.43,4251
2026-08-13 07:35:00,4428.465,4430.195,4424.29,4424.31,3580
2026-08-13 07:40:00,4424.305,4424.305,4417.885,4419.36,3938
2026-08-13 07:45:00,4419.33,4419.385,4410.495,4412.865,4348
2026-08-13 07:50:00,4412.86,4415.57,4409.535,4415.53,4336
2026-08-13 07:55:00,4415.515,4416.12,4406.38,4408.6,3475
2026-08-13 08:00:00,4408.535,4410.35,4405.855,4408.395,3949
2026-08-13 08:05:00,4408.435,4413.515,4405.585,4413.2,3817
2026-08-13 08:10:00,4413.165,4414.17,4410.18,4410.78,3019
2026-08-13 08:15:00,4410.795,4412.155,4410.045,4411.785,2042
2026-08-13 08:20:00,4411.78,4412.51,4405.99,4406.71,1898
2026-08-13 08:25:00,4406.65,4408.92,4406.35,4406.585,1617
2026-08-13 08:30:00,4406.565,4406.565,4400.445,4402.58,5477
2026-08-13 08:35:00,4402.575,4409.09,4398.99,4408.85,3804
2026-08-13 08:40:00,4408.855,4410.485,4406.275,4410.485,3358
2026-08-13 08:45:00,4410.49,4410.6,4407.265,4410.15,3221
2026-08-13 08:50:00,4410.125,4410.735,4405.575,4405.61,2550
2026-08-13 08:55:00,4405.64,4408.335,4405.64,4407.115,2181
2026-08-13 09:00:00,4407.105,4411.7,4406.84,4411,3255
2026-08-13 09:05:00,4411.01,4412.315,4407.955,4408.19,3089
2026-08-13 09:10:00,4408.18,4409.59,4404.16,4407.165,2405
2026-08-13 09:15:00,4407.155,4410.26,4405.685,4409.015,2558
2026-08-13 09:20:00,4409.01,4409.595,4407.105,4409.245,2308
2026-08-13 09:25:00,4409.225,4410.26,4407.74,4409.305,2557
2026-08-13 09:30:00,4409.345,4410.56,4409.065,4409.9,1384
2026-08-13 09:35:00,4409.91,4410.515,4408.76,4409.355,1175
2026-08-13 09:40:00,4409.32,4409.385,4405.47,4405.94,1445
2026-08-13 09:45:00,4405.955,4407.62,4405.065,4405.555,1711
2026-08-13 09:50:00,4405.5,4406.115,4402.37,4403.52,1756
2026-08-13 09:55:00,4403.485,4403.485,4398.82,4400.36,2136
2026-08-13 10:00:00,4400.375,4400.51,4394.755,4396.1,3431
2026-08-13 10:05:00,4396.08,4397.505,4395.25,4396.065,2393
2026-08-13 10:10:00,4396.05,4396.185,4391.735,4394.625,2335
2026-08-13 10:15:00,4394.62,4396.02,4393.45,4394.84,1665
2026-08-13 10:20:00,4394.87,4397.875,4392.54,4397.56,2048
2026-08-13 10:25:00,4397.55,4399.22,4396.9,4398.205,1756
2026-08-13 10:30:00,4398.215,4399.62,4397.615,4398.885,1546
2026-08-13 10:35:00,4398.89,4399.455,4397.415,4397.755,1263
2026-08-13 10:40:00,4397.76,4399.43,4395.175,4395.91,1327
2026-08-13 10:45:00,4395.915,4398.955,4395.77,4395.89,2849
2026-08-13 10:50:00,4395.825,4397.755,4395.415,4396.695,1640
2026-08-13 10:55:00,4396.715,4398.635,4396.295,4397.86,1395
2026-08-13 11:00:00,4397.84,4397.985,4393.185,4394.79,2832
2026-08-13 11:05:00,4394.795,4397.765,4394.445,4396.78,2273
2026-08-13 11:10:00,4396.785,4404.89,4395.39,4404.655,2865
2026-08-13 11:15:00,4404.675,4405.76,4400.885,4401.62,2588
2026-08-13 11:20:00,4401.625,4403.66,4401.19,4402.92,1713
2026-08-13 11:25:00,4402.93,4407.3,4402.755,4406.365,2259
2026-08-13 11:30:00,4406.355,4407.26,4393.565,4397.62,4792
2026-08-13 11:35:00,4397.605,4399.99,4396.98,4399.7,3910
2026-08-13 11:40:00,4399.725,4400.935,4386.36,4387.835,4629
2026-08-13 11:45:00,4387.83,4389.395,4383.235,4387.245,4495
2026-08-13 11:50:00,4387.295,4389.44,4384.415,4384.71,4026
2026-08-13 11:55:00,4384.7,4386.335,4380.665,4383.12,3638
2026-08-13 12:00:00,4383.145,4385.635,4376.455,4378.235,4933
2026-08-13 12:05:00,4378.225,4379.975,4375.595,4379.31,4430
2026-08-13 12:10:00,4379.325,4380.75,4375.1,4375.94,3890
2026-08-13 12:15:00,4375.945,4378.615,4375.24,4375.51,3186
2026-08-13 12:20:00,4375.495,4378.66,4374.285,4378.65,3452
2026-08-13 12:25:00,4378.645,4378.845,4374.565,4376.105,3866
2026-08-13 12:30:00,4376.095,4378.805,4370.05,4372.17,4232
2026-08-13 12:35:00,4372.18,4372.775,4368.88,4371.67,3540
2026-08-13 12:40:00,4371.7,4374.705,4371.54,4374.2,3531
2026-08-13 12:45:00,4374.19,4379.24,4374.09,4378.705,3481
2026-08-13 12:50:00,4378.7,4380.495,4378.4,4380.19,3373
2026-08-13 12:55:00,4380.195,4381.74,4379.595,4381.005,3158
2026-08-13 13:00:00,4380.985,4381.86,4378.335,4379.725,3817
2026-08-13 13:05:00,4379.805,4380.72,4377.54,4378.34,2868
2026-08-13 13:10:00,4378.35,4379.195,4375.185,4377.035,3179
2026-08-13 13:15:00,4377.04,4377.78,4373.925,4374.1,2898
2026-08-13 13:20:00,4374.095,4376.95,4373.815,4376.61,2802
2026-08-13 13:25:00,4376.64,4377.415,4374.695,4376.535,3385
2026-08-13 13:30:00,4376.505,4377.42,4372.25,4373.47,3377
2026-08-13 13:35:00,4373.52,4376.74,4372.48,4374.525,2627
2026-08-13 13:40:00,4374.535,4378.72,4373.905,4378.625,2505
2026-08-13 13:45:00,4378.64,4378.85,4371.205,4371.865,3265
2026-08-13 13:50:00,4371.87,4373.725,4369.96,4373.075,2604
2026-08-13 13:55:00,4373.065,4373.155,4369.35,4369.94,3009
2026-08-13 14:00:00,4369.93,4370.65,4365.98,4367.115,3987
2026-08-13 14:05:00,4367.14,4369.75,4365.91,4365.965,2731
2026-08-13 14:10:00,4365.93,4367.98,4364.17,4366.095,3856
2026-08-13 14:15:00,4366.09,4368.09,4365.39,4365.53,2737
2026-08-13 14:20:00,4365.555,4370.825,4364.99,4370.075,2949
2026-08-13 14:25:00,4370.08,4373.635,4369.74,4372.845,3103
2026-08-13 14:30:00,4372.855,4375.905,4371.945,4374.7,3000
2026-08-13 14:35:00,4374.705,4375.765,4373.575,4373.58,2598
2026-08-13 14:40:00,4373.575,4375.455,4373.42,4373.705,2009
2026-08-13 14:45:00,4373.7,4379.225,4373.47,4378.655,3038
2026-08-13 14:50:00,4378.65,4379.365,4375.025,4376.215,2261
2026-08-13 14:55:00,4376.26,4377.235,4375.09,4375.985,1807
2026-08-13 15:00:00,4376,4376.985,4373.57,4374.315,2543
2026-08-13 15:05:00,4374.31,4378.24,4372.575,4377.15,2881
2026-08-13 15:10:00,4377.16,4378.505,4376.53,4376.93,2640
2026-08-13 15:15:00,4376.9,4381.005,4376.3,4380.605,2983
2026-08-13 15:20:00,4380.545,4382.105,4378.085,4378.61,1995
2026-08-13 15:25:00,4378.615,4382.43,4378.605,4379.99,3281
2026-08-13 15:30:00,4379.975,4381.42,4379.735,4380.91,2498
2026-08-13 15:35:00,4380.895,4381.805,4380.215,4381.145,1681
2026-08-13 15:40:00,4381.175,4381.76,4378.86,4380.025,2103
2026-08-13 15:45:00,4380.03,4380.685,4378.525,4379.56,1370
2026-08-13 15:50:00,4379.59,4381.275,4379,4380.365,1641
2026-08-13 15:55:00,4380.37,4384.91,4380.105,4384.635,2725
2026-08-13 16:00:00,4384.655,4385.395,4383.515,4384.6,2294
2026-08-13 16:05:00,4384.61,4385.41,4383.835,4384.175,1668
2026-08-13 16:10:00,4384.18,4384.815,4381.47,4381.705,1755
2026-08-13 16:15:00,4381.7,4385.96,4381.7,4385.32,1794
2026-08-13 16:20:00,4385.315,4386.565,4383.9,4384.8,1979
2026-08-13 16:25:00,4384.805,4387.675,4384.71,4387.195,2053
2026-08-13 16:30:00,4387.175,4387.875,4384.615,4385.415,2022
2026-08-13 16:35:00,4385.42,4389.215,4385.415,4388.71,1434
2026-08-13 16:40:00,4388.705,4390.71,4388.08,4390.71,1590
2026-08-13 16:45:00,4390.715,4390.77,4388.345,4390.38,1414
2026-08-13 16:50:00,4390.385,4393.9,4390.285,4392.71,1814
2026-08-13 16:55:00,4392.705,4392.96,4391.165,4392.235,1728
2026-08-13 17:00:00,4392.24,4393.085,4388.595,4389.38,2639
2026-08-13 17:05:00,4389.37,4391.795,4389.16,4390.79,1579
2026-08-13 17:10:00,4390.795,4394.465,4390.35,4394.285,1776
2026-08-13 17:15:00,4394.305,4396.825,4392.73,4393.385,2202
2026-08-13 17:20:00,4393.39,4394.315,4391.315,4392.62,2043
2026-08-13 17:25:00,4392.635,4393.21,4388.115,4388.155,2521
2026-08-13 17:30:00,4388.16,4389.32,4386.765,4388.565,2374
2026-08-13 17:35:00,4388.57,4389.955,4387.98,4389.185,1925
2026-08-13 17:40:00,4389.175,4389.175,4383.865,4384.145,2353
2026-08-13 17:45:00,4384.14,4385.965,4383.185,4384.8,1930
2026-08-13 17:50:00,4384.785,4385.47,4382.97,4384.575,1840
2026-08-13 17:55:00,4384.565,4388.27,4383.275,4387.73,2649
2026-08-13 18:00:00,4387.815,4388.26,4385.83,4387.15,3233
2026-08-13 18:05:00,4387.16,4391.71,4386.125,4390.87,2666
2026-08-13 18:10:00,4390.86,4390.985,4388.095,4389.085,3090
2026-08-13 18:15:00,4389.065,4389.72,4384.83,4386.595,2953
2026-08-13 18:20:00,4386.6,4390.015,4384.49,4385.71,3695
2026-08-13 18:25:00,4385.69,4392.94,4384.17,4391.265,3030
2026-08-13 18:30:00,4391.25,4401.355,4380.8,4391.955,6996
2026-08-13 18:35:00,4391.96,4392.81,4386.46,4390.325,4778
2026-08-13 18:40:00,4390.33,4394.34,4385.835,4392.175,4837
2026-08-13 18:45:00,4392.18,4397.415,4391.79,4394.89,3781
2026-08-13 18:50:00,4394.87,4397,4392.755,4394.815,3705
2026-08-13 18:55:00,4394.825,4401.985,4392.975,4401.85,4540
2026-08-13 19:00:00,4401.84,4402.11,4391.67,4394.12,6713
2026-08-13 19:05:00,4394.125,4398.165,4392.2,4393.42,5617
2026-08-13 19:10:00,4393.43,4394.79,4391.075,4393.98,5208
2026-08-13 19:15:00,4393.985,4395.515,4390.76,4392.44,3730
2026-08-13 19:20:00,4392.45,4395.38,4388.745,4388.87,4896
2026-08-13 19:25:00,4388.855,4390.17,4384.08,4385.255,5384
2026-08-13 19:30:00,4385.24,4390.38,4377.16,4378.93,8587
2026-08-13 19:35:00,4378.91,4382.885,4375.265,4382.515,7999
2026-08-13 19:40:00,4382.45,4384.185,4376.515,4379.5,6439
2026-08-13 19:45:00,4379.51,4383.05,4375.885,4377.65,8314
2026-08-13 19:50:00,4377.67,4378.53,4370.82,4376.33,8402
2026-08-13 19:55:00,4376.34,4378.435,4372.175,4372.945,8128
2026-08-13 20:00:00,4372.94,4379.065,4370.05,4373.26,8234
2026-08-13 20:05:00,4373.265,4378.97,4368.32,4369.535,7801
2026-08-13 20:10:00,4369.51,4372.155,4366.765,4370.885,8223
2026-08-13 20:15:00,4370.89,4378.4,4369.145,4375.8,8726
2026-08-13 20:20:00,4375.79,4378.13,4370.88,4374.49,7967
2026-08-13 20:25:00,4374.495,4376.47,4367.72,4367.745,7899
2026-08-13 20:30:00,4367.715,4376.54,4357.71,4374.84,8110
2026-08-13 20:35:00,4374.85,4378.18,4372.195,4377.68,5924
2026-08-13 20:40:00,4377.7,4381.845,4376.7,4381.26,4822
2026-08-13 20:45:00,4381.27,4387.195,4381.22,4384.895,5711
2026-08-13 20:50:00,4384.89,4387.08,4382.6,4384.145,5164
2026-08-13 20:55:00,4384.14,4386.99,4383.33,4383.775,4935
2026-08-13 21:00:00,4383.82,4385.765,4378.065,4378.195,5598
2026-08-13 21:05:00,4378.23,4378.585,4368.965,4371.255,5120
2026-08-13 21:10:00,4371.28,4372.085,4368.36,4369.82,5899
2026-08-13 21:15:00,4369.755,4370.605,4363.475,4368.035,5846
2026-08-13 21:20:00,4368.02,4372.28,4366.555,4371.475,5469
2026-08-13 21:25:00,4371.49,4374.025,4363.645,4365.335,6505
2026-08-13 21:30:00,4365.355,4365.485,4357.715,4360.62,7302
2026-08-13 21:35:00,4360.63,4371.52,4360.415,4369.095,5139
2026-08-13 21:40:00,4369.07,4371.725,4368.145,4368.48,4300
2026-08-13 21:45:00,4368.5,4370.99,4368.24,4369.34,3808
2026-08-13 21:50:00,4369.33,4370.285,4365.685,4366.045,4112
2026-08-13 21:55:00,4366.05,4368.28,4363.415,4365.13,4316
2026-08-13 22:00:00,4365.17,4367.545,4362.84,4363.56,4735
2026-08-13 22:05:00,4363.555,4363.71,4358.605,4358.605,4466
2026-08-13 22:10:00,4358.6,4360.28,4354.08,4355.23,5178
2026-08-13 22:15:00,4355.225,4355.75,4351.56,4351.67,6179
2026-08-13 22:20:00,4351.72,4358.43,4351.255,4358.335,5677
2026-08-13 22:25:00,4358.33,4363.015,4356.805,4362.585,4754
2026-08-13 22:30:00,4362.59,4366.675,4362.59,4366.67,4006
2026-08-13 22:35:00,4366.685,4366.89,4363.01,4363.875,3329
2026-08-13 22:40:00,4363.87,4367.245,4363.345,4365.74,3318
2026-08-13 22:45:00,4365.75,4367.64,4365.75,4366.205,2983
2026-08-13 22:50:00,4366.21,4366.81,4364.145,4365.395,3025
2026-08-13 22:55:00,4365.405,4368.495,4365.345,4367.07,2795
2026-08-13 23:00:00,4367.075,4369.49,4365.085,4366.38,3056
2026-08-13 23:05:00,4366.39,4372.66,4366.385,4372.08,3881
2026-08-13 23:10:00,4372.065,4373.445,4371.15,4371.525,3565
2026-08-13 23:15:00,4371.535,4371.955,4366.23,4367.62,3883
2026-08-13 23:20:00,4367.625,4369.395,4367.1,4368.11,4198
2026-08-13 23:25:00,4368.095,4369.195,4362.455,4363.24,4169
2026-08-13 23:30:00,4363.245,4364.53,4360.07,4361.22,3456
2026-08-13 23:35:00,4361.235,4362.46,4359.455,4361.605,3365
2026-08-13 23:40:00,4361.6,4362.265,4355.715,4357.32,3849
2026-08-13 23:45:00,4357.335,4359.97,4357.235,4359.395,3340
2026-08-13 23:50:00,4359.405,4360.155,4357.375,4357.93,3040
2026-08-13 23:55:00,4357.92,4358.375,4355.81,4356.03,2887
2026-08-14 00:00:00,4356.025,4360.11,4355.955,4358.6,4390
2026-08-14 00:05:00,4358.595,4360.155,4357.4,4359.55,3669
2026-08-14 00:10:00,4359.555,4362.85,4358.11,4362.065,3601
2026-08-14 00:15:00,4362.06,4363.675,4360.88,4363.125,3233
2026-08-14 00:20:00,4363.12,4363.25,4356.195,4357.34,3282
2026-08-14 00:25:00,4357.34,4358.37,4354.83,4357.655,3770
2026-08-14 00:30:00,4357.62,4359.59,4356.465,4358.54,3229
2026-08-14 00:35:00,4358.56,4360.085,4357.7,4359.595,3278
2026-08-14 00:40:00,4359.6,4360.49,4357.43,4358.015,3158
2026-08-14 00:45:00,4358.025,4358.395,4356.585,4357.2,2449
2026-08-14 00:50:00,4357.225,4357.69,4354.76,4357.07,2912
2026-08-14 00:55:00,4357.075,4357.935,4356.685,4357.07,2185
2026-08-14 01:00:00,4357.065,4358.995,4356.135,4358.245,2217
2026-08-14 01:05:00,4358.265,4358.39,4353.165,4353.6,2462
2026-08-14 01:10:00,4353.61,4353.92,4346.175,4346.925,3190
2026-08-14 01:15:00,4346.89,4348.645,4343.675,4347.91,4007
2026-08-14 01:20:00,4347.925,4349.175,4346.455,4348.675,3046
2026-08-14 01:25:00,4348.72,4351.83,4348.595,4351.67,2530
2026-08-14 01:30:00,4351.685,4352.195,4349.785,4351.075,2449
2026-08-14 01:35:00,4351.04,4354.355,4350.685,4353.295,2345
2026-08-14 01:40:00,4353.31,4353.44,4350.835,4351.525,2901
2026-08-14 01:45:00,4351.53,4351.6,4347.815,4349.33,2895
2026-08-14 01:50:00,4349.27,4350.89,4348.72,4350.425,2765
2026-08-14 01:55:00,4350.405,4350.665,4348.07,4350.16,3426
2026-08-14 02:00:00,4350.18,4350.67,4346.98,4348.19,1959
2026-08-14 02:05:00,4348.205,4350.25,4347.99,4349.97,948
2026-08-14 02:10:00,4349.955,4350.58,4349.405,4350.395,891
2026-08-14 02:15:00,4350.385,4351.435,4350.065,4350.49,897
2026-08-14 02:20:00,4350.495,4350.57,4349.485,4349.6,679
2026-08-14 02:25:00,4349.59,4352.33,4349.445,4351.7,869
2026-08-14 02:30:00,4351.715,4351.875,4347.98,4349.14,1118
2026-08-14 02:35:00,4349.13,4349.985,4348.515,4349.385,632
2026-08-14 02:40:00,4349.395,4350.68,4348.38,4349.66,832
2026-08-14 02:45:00,4349.66,4350.38,4349.37,4349.995,893
2026-08-14 02:50:00,4350.02,4350.885,4348.775,4348.965,1341
2026-08-14 02:55:00,4348.92,4351.69,4348.77,4350.305,984
2026-08-14 04:00:00,4353.985,4354.655,4351.9,4353.14,1271
2026-08-14 04:05:00,4353.105,4356.99,4352.905,4356.925,758
2026-08-14 04:10:00,4356.925,4356.985,4353.85,4354.135,541
2026-08-14 04:15:00,4354.185,4354.57,4352.885,4353.395,450
2026-08-14 04:20:00,4353.395,4356.66,4353.265,4356.63,1106
2026-08-14 04:25:00,4356.625,4358.015,4356.255,4357.29,702
2026-08-14 04:30:00,4357.305,4358.095,4355.895,4357.385,873
2026-08-14 04:35:00,4357.44,4362.595,4357.44,4361.88,1159
2026-08-14 04:40:00,4361.8,4362.89,4359.795,4360.525,1108
2026-08-14 04:45:00,4360.56,4361.18,4355.155,4355.68,1572
2026-08-14 04:50:00,4355.705,4357.775,4354.53,4356.285,1166
2026-08-14 04:55:00,4356.21,4356.68,4353.375,4354.85,1142
2026-08-14 05:00:00,4354.895,4355.63,4349.31,4349.64,1322
2026-08-14 05:05:00,4349.65,4359.795,4349.61,4359.45,1491
2026-08-14 05:10:00,4359.44,4360.725,4354.75,4360.72,1397
2026-08-14 05:15:00,4360.71,4361.43,4357.055,4358.505,1854
2026-08-14 05:20:00,4358.56,4361.2,4357.23,4360.58,967
2026-08-14 05:25:00,4360.555,4363.21,4360.025,4363.205,1051
2026-08-14 05:30:00,4363.195,4363.635,4361.095,4361.715,916
2026-08-14 05:35:00,4361.715,4361.855,4360.205,4361.79,780
2026-08-14 05:40:00,4361.82,4362.415,4358.71,4360.37,1384
2026-08-14 05:45:00,4360.375,4364.32,4359.495,4361.645,2098
2026-08-14 05:50:00,4361.77,4361.83,4357.275,4357.96,1808
2026-08-14 05:55:00,4357.945,4359.695,4356.46,4356.46,1587
2026-08-14 06:00:00,4356.45,4362.195,4355.625,4360.06,3352
2026-08-14 06:05:00,4360.125,4360.44,4354.05,4358.07,2754
2026-08-14 06:10:00,4358.12,4358.345,4350.55,4352.29,3124
2026-08-14 06:15:00,4352.315,4352.33,4348.025,4349.535,3276
2026-08-14 06:20:00,4349.53,4349.96,4345.69,4347.325,2473
2026-08-14 06:25:00,4347.35,4347.35,4339.455,4339.47,3186
2026-08-14 06:30:00,4339.5,4347.15,4337.275,4346.015,3689
2026-08-14 06:35:00,4346.01,4346.73,4334.63,4335.705,3260
2026-08-14 06:40:00,4335.655,4340.475,4334.58,4339.865,2882
2026-08-14 06:45:00,4339.835,4342.895,4329.105,4334.06,3574
2026-08-14 06:50:00,4334.035,4340.105,4333.605,4339.78,3407
2026-08-14 06:55:00,4339.745,4342.19,4337.905,4341.11,3295
2026-08-14 07:00:00,4341.1,4341.585,4329.605,4329.725,6384
2026-08-14 07:05:00,4329.73,4333.795,4328.225,4328.92,4593
2026-08-14 07:10:00,4328.885,4328.89,4322.19,4324.32,4711
2026-08-14 07:15:00,4324.315,4326.19,4317.57,4322.695,4617
2026-08-14 07:20:00,4322.75,4325.955,4315.93,4316.72,4760
2026-08-14 07:25:00,4316.74,4322.095,4315.1,4319.665,3796
2026-08-14 07:30:00,4319.67,4319.82,4313.465,4313.625,3812
2026-08-14 07:35:00,4313.62,4320.15,4313.205,4319.485,3144
2026-08-14 07:40:00,4319.495,4321.59,4318.755,4319.665,2756
2026-08-14 07:45:00,4319.645,4323.465,4314.19,4315.82,3757
2026-08-14 07:50:00,4315.835,4319.49,4312.325,4317.785,3680
2026-08-14 07:55:00,4317.77,4321.64,4316.38,4318.305,4150
2026-08-14 08:00:00,4318.31,4322.895,4315.89,4317.02,3734
2026-08-14 08:05:00,4316.965,4319.65,4316.145,4317.48,2839
2026-08-14 08:10:00,4317.46,4317.635,4311.075,4312.515,3408
2026-08-14 08:15:00,4312.52,4317.46,4312.515,4315.775,2980
2026-08-14 08:20:00,4315.76,4317.61,4315.045,4316.505,2159
2026-08-14 08:25:00,4316.49,4318.48,4312.79,4313.11,1929
2026-08-14 08:30:00,4313.1,4321.555,4311.63,4320.81,4537
2026-08-14 08:35:00,4320.795,4322.81,4318.235,4320.955,2989
2026-08-14 08:40:00,4320.935,4322.215,4318.17,4321.26,2781
2026-08-14 08:45:00,4321.245,4322.075,4314,4316.79,3182
2026-08-14 08:50:00,4316.81,4318.51,4315.24,4316.335,2573
2026-08-14 08:55:00,4316.34,4316.505,4312.815,4315.89,3045
2026-08-14 09:00:00,4315.875,4319.375,4313.83,4318.81,2640
2026-08-14 09:05:00,4318.805,4323.685,4318.785,4319.715,2323
2026-08-14 09:10:00,4319.745,4323.87,4318.72,4320.34,2232
2026-08-14 09:15:00,4320.355,4323.095,4320.025,4322.805,1868
2026-08-14 09:20:00,4322.825,4326.26,4322.49,4325.23,2521
2026-08-14 09:25:00,4325.205,4326.345,4324.515,4325.865,1726
2026-08-14 09:30:00,4325.835,4327.975,4325.205,4327.345,1506
2026-08-14 09:35:00,4327.33,4328.245,4325.545,4326.685,1883
2026-08-14 09:40:00,4326.705,4326.735,4325.305,4325.705,842
2026-08-14 09:45:00,4325.795,4326.84,4325.675,4326.48,875
2026-08-14 09:50:00,4326.515,4326.92,4324.28,4324.35,1143
2026-08-14 09:55:00,4324.385,4324.875,4323.53,4323.645,748
2026-08-14 10:00:00,4323.64,4324.925,4322.805,4323.05,1292
2026-08-14 10:05:00,4323.07,4325.065,4322.85,4324.015,1215
2026-08-14 10:10:00,4324.035,4327.36,4323.485,4326.12,1497
2026-08-14 10:15:00,4326.115,4327.775,4325.57,4326.815,1113
2026-08-14 10:20:00,4326.785,4328.285,4326.275,4327.03,987
2026-08-14 10:25:00,4326.995,4327.475,4325.23,4325.3,894
2026-08-14 10:30:00,4325.315,4325.93,4323.465,4324.875,1397
2026-08-14 10:35:00,4324.885,4325.8,4324.325,4325.21,1035
2026-08-14 10:40:00,4325.205,4326.58,4324.985,4325.335,997
2026-08-14 10:45:00,4325.31,4325.32,4324.115,4324.61,802
2026-08-14 10:50:00,4324.61,4325.49,4323.83,4324.955,666
2026-08-14 10:55:00,4324.955,4326.96,4324.585,4326.96,1130
2026-08-14 11:00:00,4326.945,4327.07,4323.825,4325.285,1546
2026-08-14 11:05:00,4325.315,4325.81,4320.1,4320.12,2124
2026-08-14 11:10:00,4320.135,4322.39,4319.665,4320.365,1766
2026-08-14 11:15:00,4320.37,4320.49,4318.045,4318.985,1687
2026-08-14 11:20:00,4319.015,4319.54,4317.2,4318.55,1457
2026-08-14 11:25:00,4318.555,4319.57,4317.615,4318.41,1198
2026-08-14 11:30:00,4318.415,4318.505,4311.125,4317.05,4133
2026-08-14 11:35:00,4317.06,4325.035,4316.915,4322.52,3178
2026-08-14 11:40:00,4322.515,4324.655,4317.55,4317.78,2777
2026-08-14 11:45:00,4317.785,4324.405,4317.535,4324.15,2727
2026-08-14 11:50:00,4324.125,4330.005,4323.84,4329.695,3712
2026-08-14 11:55:00,4329.69,4333.705,4329.16,4333.705,3259
2026-08-14 12:00:00,4333.695,4336.095,4331.975,4335.835,3491
2026-08-14 12:05:00,4335.785,4336.715,4329.895,4330.595,2943
2026-08-14 12:10:00,4330.66,4334.24,4329.605,4332.705,3661
2026-08-14 12:15:00,4332.7,4333.775,4331.425,4331.82,2688
2026-08-14 12:20:00,4331.825,4332.55,4328.495,4331.83,2518
2026-08-14 12:25:00,4331.815,4332.385,4329.165,4329.225,2483
2026-08-14 12:30:00,4329.215,4330.57,4328.465,4329.205,2386
2026-08-14 12:35:00,4329.22,4330.525,4328.195,4329.825,2144
2026-08-14 12:40:00,4329.84,4333.13,4328.045,4333.13,2449
2026-08-14 12:45:00,4333.135,4335.575,4332.71,4335.125,2921
2026-08-14 12:50:00,4335.105,4335.425,4333.525,4334.15,2045
2026-08-14 12:55:00,4334.155,4335.92,4333.715,4335.645,1825
2026-08-14 13:00:00,4335.64,4337.375,4333.06,4335.235,2694
2026-08-14 13:05:00,4335.24,4335.39,4333.54,4334.675,1733
2026-08-14 13:10:00,4334.68,4335.05,4331.205,4331.27,2188
2026-08-14 13:15:00,4331.275,4333.565,4331.275,4332.52,1709
2026-08-14 13:20:00,4332.515,4336.495,4329.81,4336.495,2510
2026-08-14 13:25:00,4336.485,4336.635,4331.88,4332.005,2117
2026-08-14 13:30:00,4332,4334.28,4331.71,4333.775,1394
2026-08-14 13:35:00,4333.755,4336.715,4333.6,4336.495,1703
2026-08-14 13:40:00,4336.495,4340.26,4336.265,4339.74,2316
2026-08-14 13:45:00,4339.76,4343.545,4339.485,4342.575,2517
2026-08-14 13:50:00,4342.565,4343.52,4341.56,4343.245,2031
2026-08-14 13:55:00,4343.26,4345.345,4341.74,4343.815,1988
2026-08-14 14:00:00,4343.82,4348.04,4342.295,4342.825,3469
2026-08-14 14:05:00,4342.845,4346.175,4342.02,4345.37,2410
2026-08-14 14:10:00,4345.365,4348.075,4344.22,4347.88,2055
2026-08-14 14:15:00,4347.875,4349.235,4346.01,4346.665,2410
2026-08-14 14:20:00,4346.65,4347.175,4343.525,4344.24,2135
2026-08-14 14:25:00,4344.245,4345.845,4343.89,4345.79,2004
2026-08-14 14:30:00,4345.785,4346.735,4344.315,4344.37,1909
2026-08-14 14:35:00,4344.375,4349.23,4344.375,4348.3,2015
2026-08-14 14:40:00,4348.3,4349.41,4343.635,4343.775,1909
2026-08-14 14:45:00,4343.725,4344.965,4342.845,4344.505,1509
2026-08-14 14:50:00,4344.5,4347.78,4343.99,4346.895,1684
2026-08-14 14:55:00,4346.91,4349.8,4346.825,4348.725,1616
2026-08-14 15:00:00,4348.73,4349.045,4347.39,4347.66,1712
2026-08-14 15:05:00,4347.65,4349.425,4346.085,4349.03,1931
2026-08-14 15:10:00,4349.025,4351.08,4348.095,4350.845,1692
2026-08-14 15:15:00,4350.84,4352.015,4349.41,4349.635,1864
2026-08-14 15:20:00,4349.61,4352.595,4348.905,4352.445,1759
2026-08-14 15:25:00,4352.44,4354.295,4350.085,4351.88,2090
2026-08-14 15:30:00,4351.885,4354.46,4350.16,4352.755,2798
2026-08-14 15:35:00,4352.77,4354.645,4352.345,4352.815,1813
2026-08-14 15:40:00,4352.805,4353.59,4351.95,4353.56,1516
2026-08-14 15:45:00,4353.55,4354.76,4352.775,4353.755,1354
2026-08-14 15:50:00,4353.78,4355.46,4353.145,4354.92,1561
2026-08-14 15:55:00,4354.925,4357.56,4353.965,4357.235,1928
2026-08-14 16:00:00,4357.25,4357.54,4355.99,4356.995,1803
2026-08-14 16:05:00,4356.99,4358.775,4355.88,4356.185,1873
2026-08-14 16:10:00,4356.2,4357.075,4353.985,4354.55,1801
2026-08-14 16:15:00,4354.56,4355.505,4352.01,4353.59,1888
2026-08-14 16:20:00,4353.585,4354.44,4352.515,4353.995,1310
2026-08-14 16:25:00,4354.01,4354.255,4350.28,4351.445,1857
2026-08-14 16:30:00,4351.465,4351.615,4348.375,4349.625,1782
2026-08-14 16:35:00,4349.635,4350.35,4348.795,4349.09,1045
2026-08-14 16:40:00,4349.085,4352.1,4348.775,4352.055,1256
2026-08-14 16:45:00,4352.06,4352.7,4351.465,4351.52,1303
2026-08-14 16:50:00,4351.525,4353.815,4350.975,4351.15,1482
2026-08-14 16:55:00,4351.165,4351.175,4348.045,4349.41,1764
2026-08-14 17:00:00,4349.455,4351.115,4348.615,4349.3,1975
2026-08-14 17:05:00,4349.33,4351.625,4349.14,4351.035,1326
2026-08-14 17:10:00,4351.08,4351.765,4350.115,4350.73,1251
2026-08-14 17:15:00,4350.75,4355.625,4350.75,4355.575,1815
2026-08-14 17:20:00,4355.605,4356.865,4353.565,4354.145,1934
2026-08-14 17:25:00,4354.12,4357.225,4353.275,4356.885,1635
2026-08-14 17:30:00,4356.865,4361.865,4356.595,4361.595,2537
2026-08-14 17:35:00,4361.6,4363.6,4360.32,4361.79,2142
2026-08-14 17:40:00,4361.765,4363.675,4361.58,4362.59,1950
2026-08-14 17:45:00,4362.61,4363.335,4361.105,4361.95,2241
2026-08-14 17:50:00,4361.96,4368.26,4361.925,4367.185,2686
2026-08-14 17:55:00,4367.215,4369.52,4365.69,4369.28,2401
2026-08-14 18:00:00,4369.305,4375.44,4369.155,4373.985,3906
2026-08-14 18:05:00,4373.965,4376.84,4371.835,4372.13,2862
2026-08-14 18:10:00,4372.1,4372.22,4365.725,4371.825,2976
2026-08-14 18:15:00,4371.885,4372.595,4369.75,4372.355,2334
2026-08-14 18:20:00,4372.36,4380.57,4372.36,4379.14,4212
2026-08-14 18:25:00,4379.14,4380.875,4377.505,4380.145,3207
2026-08-14 18:30:00,4380.08,4387.05,4377.56,4381.53,5881
2026-08-14 18:35:00,4381.51,4381.945,4376.19,4377.85,3883
2026-08-14 18:40:00,4377.805,4377.805,4372.21,4372.875,3045
2026-08-14 18:45:00,4372.895,4376.99,4371.025,4374.83,3411
2026-08-14 18:50:00,4374.85,4377.99,4372.91,4375.505,2776
2026-08-14 18:55:00,4375.465,4375.765,4372.655,4373.75,2982
2026-08-14 19:00:00,4373.755,4379.09,4370.3,4378.26,5509
2026-08-14 19:05:00,4378.25,4380.32,4376.255,4379.92,4121
2026-08-14 19:10:00,4379.895,4381.185,4374.985,4375.215,3609
2026-08-14 19:15:00,4375.225,4381.105,4375.225,4381.06,3410
2026-08-14 19:20:00,4381.075,4385.595,4379.545,4385.515,3461
2026-08-14 19:25:00,4385.525,4386.625,4384.02,4384.535,3866
2026-08-14 19:30:00,4384.545,4391.745,4383.775,4391.17,6459
2026-08-14 19:35:00,4391.265,4397.1,4391.145,4395.405,6056
2026-08-14 19:40:00,4395.41,4396.315,4390.64,4393.925,5250
2026-08-14 19:45:00,4393.915,4394.84,4386.555,4386.68,4902
2026-08-14 19:50:00,4386.7,4388.6,4383.07,4384.735,5609
2026-08-14 19:55:00,4384.755,4385.9,4382.995,4384.79,4970
2026-08-14 20:00:00,4384.945,4392.995,4384.435,4391.55,6533
2026-08-14 20:05:00,4391.575,4391.995,4388.89,4388.94,4980
2026-08-14 20:10:00,4388.945,4393.315,4387.235,4390.61,4461
2026-08-14 20:15:00,4390.59,4392.355,4385.56,4386.495,5399
2026-08-14 20:20:00,4386.485,4392.435,4385.285,4392.145,5479
2026-08-14 20:25:00,4392.13,4394.755,4390.47,4390.765,4460
2026-08-14 20:30:00,4390.78,4391.655,4384.415,4384.695,4832
2026-08-14 20:35:00,4384.68,4387.285,4384.22,4386.21,4507
2026-08-14 20:40:00,4386.205,4386.77,4381.66,4384.425,4100
2026-08-14 20:45:00,4384.42,4384.625,4378.93,4380.64,4365
2026-08-14 20:50:00,4380.63,4383.28,4379.62,4381.74,3849
2026-08-14 20:55:00,4381.715,4383.025,4379.905,4381.56,3976
2026-08-14 21:00:00,4381.555,4390.885,4381.21,4386.93,4796
2026-08-14 21:05:00,4386.89,4389.27,4385.635,4386.585,4191
2026-08-14 21:10:00,4386.59,4394.28,4386.065,4392.23,5242
2026-08-14 21:15:00,4392.25,4394.005,4386.115,4386.285,5065
2026-08-14 21:20:00,4386.295,4387.22,4383.07,4383.405,4460
2026-08-14 21:25:00,4383.395,4385.125,4379.135,4384.965,4493
2026-08-14 21:30:00,4384.975,4389.365,4384,4387.68,4572
2026-08-14 21:35:00,4387.695,4390,4386.83,4387.705,3670
2026-08-14 21:40:00,4387.7,4389.935,4386.775,4389.62,3597
2026-08-14 21:45:00,4389.625,4394.775,4389.395,4392.25,4802
2026-08-14 21:50:00,4392.255,4393.18,4390.145,4390.51,2868
2026-08-14 21:55:00,4390.52,4393.095,4390.52,4391.665,3168
2026-08-14 22:00:00,4391.67,4396.845,4391.02,4391.025,3591
2026-08-14 22:05:00,4391.01,4393.22,4389.32,4390.045,2585
2026-08-14 22:10:00,4390.04,4390.525,4388.915,4389.86,2282
2026-08-14 22:15:00,4389.84,4392.08,4389.475,4391.97,2273
2026-08-14 22:20:00,4391.945,4393.125,4389.585,4389.925,2141
2026-08-14 22:25:00,4389.91,4389.91,4387.05,4387.685,2411
2026-08-14 22:30:00,4387.68,4387.785,4380.36,4383.99,3874
2026-08-14 22:35:00,4383.975,4389.095,4383.53,4388.39,3510
2026-08-14 22:40:00,4388.31,4388.805,4385.73,4385.87,2659
2026-08-14 22:45:00,4385.875,4387.235,4385.45,4387.105,2117
2026-08-14 22:50:00,4387.13,4387.6,4385.555,4386.54,1978
2026-08-14 22:55:00,4386.535,4386.76,4384.985,4386.005,2040
2026-08-14 23:00:00,4386.015,4386.57,4383.17,4383.64,2681
2026-08-14 23:05:00,4383.63,4384.215,4381.56,4382.365,2179
2026-08-14 23:10:00,4382.335,4382.645,4380.47,4382.47,2079
2026-08-14 23:15:00,4382.48,4384.85,4381.585,4381.635,2471
2026-08-14 23:20:00,4381.625,4382.66,4379.935,4381.69,2243
2026-08-14 23:25:00,4381.65,4382.465,4379.37,4379.545,2864
2026-08-14 23:30:00,4379.565,4382.915,4379.42,4382.855,2581
2026-08-14 23:35:00,4382.845,4382.845,4379.52,4379.605,2182
2026-08-14 23:40:00,4379.62,4380.76,4377.125,4377.825,2195
2026-08-14 23:45:00,4377.815,4377.94,4376.365,4376.96,1944
2026-08-14 23:50:00,4376.965,4379.135,4376.525,4378.25,1802
2026-08-14 23:55:00,4378.255,4378.59,4377.25,4378.575,1483
2026-08-15 00:00:00,4378.59,4381.665,4376.6,4381.365,2029
2026-08-15 00:05:00,4381.345,4381.82,4379.395,4379.995,1913
2026-08-15 00:10:00,4379.98,4380.915,4377.02,4377.465,1900
2026-08-15 00:15:00,4377.47,4379.16,4377.115,4378.61,1524
2026-08-15 00:20:00,4378.605,4380.38,4378.295,4379.585,1414
2026-08-15 00:25:00,4379.58,4380.605,4378.04,4379.435,1560
2026-08-15 00:30:00,4379.45,4379.82,4377.385,4378.21,1557
2026-08-15 00:35:00,4378.255,4382.84,4378.255,4382.84,1468
2026-08-15 00:40:00,4382.825,4382.855,4376.355,4376.57,2062
2026-08-15 00:45:00,4376.575,4377.005,4370.72,4374.165,2463
2026-08-15 00:50:00,4374.195,4375.79,4372.95,4373.425,1466
2026-08-15 00:55:00,4373.475,4374.39,4373.075,4373.63,1157
2026-08-15 01:00:00,4373.57,4373.915,4372.65,4372.825,1387
2026-08-15 01:05:00,4372.815,4376.875,4372.225,4376.415,1482
2026-08-15 01:10:00,4376.455,4377.25,4375.8,4376.04,1230
2026-08-15 01:15:00,4376.025,4376.595,4374.655,4375.23,1379
2026-08-15 01:20:00,4375.235,4377.015,4375.235,4376.415,1309
2026-08-15 01:25:00,4376.41,4377.96,4376.355,4377.38,1465
2026-08-15 01:30:00,4377.33,4378.09,4376.67,4377.39,1758
2026-08-15 01:35:00,4377.415,4378.285,4376.17,4376.625,1586
2026-08-15 01:40:00,4376.595,4377.57,4375.685,4375.685,1482
2026-08-15 01:45:00,4375.69,4376.08,4375.235,4375.85,1855
2026-08-15 01:50:00,4375.825,4379.99,4375.825,4378.315,2779
2026-08-15 01:55:00,4378.32,4378.32,4373.575,4376.185,4815
2026-08-15 02:00:00,4376.2,4376.205,4373.66,4374.21,1303
2026-08-15 02:05:00,4374.2,4374.52,4372.015,4372.125,1180
2026-08-15 02:10:00,4372.2,4372.98,4371.42,4372.765,758
2026-08-15 02:15:00,4372.745,4373.84,4372.745,4373.255,472
2026-08-15 02:20:00,4373.255,4374.25,4372.635,4374.08,532
2026-08-15 02:25:00,4374.075,4374.96,4373.655,4374.79,562
2026-08-15 02:30:00,4374.77,4374.87,4373.78,4374.04,589
2026-08-15 02:35:00,4374.03,4376.51,4373.745,4375.785,835
2026-08-15 02:40:00,4375.79,4377.12,4374.86,4375.81,630
2026-08-17 04:00:00,4379.775,4385.1,4372.065,4372.84,2279
2026-08-17 04:05:00,4372.975,4377.13,4372.25,4376.505,1242
2026-08-17 04:10:00,4376.38,4379.155,4374.495,4375.945,908
2026-08-17 04:15:00,4375.92,4376.245,4372.895,4374.07,747
2026-08-17 04:20:00,4374.07,4375.38,4373.09,4373.38,982
2026-08-17 04:25:00,4373.39,4375.49,4373.02,4374.64,521
2026-08-17 04:30:00,4374.675,4378.155,4374.675,4377.355,858
2026-08-17 04:35:00,4377.335,4379.165,4376.85,4378.825,1050
2026-08-17 04:40:00,4378.835,4378.98,4376.865,4377.97,534
2026-08-17 04:45:00,4377.95,4381.11,4377.79,4380.85,1024
2026-08-17 04:50:00,4380.81,4384.62,4380.325,4383.41,931
2026-08-17 04:55:00,4383.375,4387.015,4382.8,4386.045,1242
2026-08-17 05:00:00,4386.025,4386.46,4380.605,4382.265,2347
2026-08-17 05:05:00,4382.28,4383.185,4381.28,4383.155,1138
2026-08-17 05:10:00,4383.145,4383.46,4379.615,4379.9,1023
2026-08-17 05:15:00,4379.92,4381.25,4378.455,4379.985,1045
2026-08-17 05:20:00,4379.965,4380.925,4375.425,4376.09,1699
2026-08-17 05:25:00,4376.09,4376.68,4372.77,4374.845,1677
2026-08-17 05:30:00,4374.85,4375.32,4369.95,4371.13,2595
2026-08-17 05:35:00,4371.14,4372.005,4367.285,4370.69,2038
2026-08-17 05:40:00,4370.655,4370.655,4367.88,4368.38,1366
2026-08-17 05:45:00,4368.355,4373.985,4368.28,4371.89,1861
2026-08-17 05:50:00,4371.845,4372.98,4370.65,4372.035,1794
2026-08-17 05:55:00,4372,4372.475,4369.73,4370.36,2536
2026-08-17 06:00:00,4370.395,4376.105,4368.145,4374.9,3867
2026-08-17 06:05:00,4374.905,4376.015,4372.27,4372.42,2719
2026-08-17 06:10:00,4372.455,4379.695,4372.33,4378.86,2488
2026-08-17 06:15:00,4378.885,4387.74,4378.51,4384.7,2910
2026-08-17 06:20:00,4384.705,4388.56,4384.085,4387.025,2117
2026-08-17 06:25:00,4387.015,4391.01,4386.6,4389.895,1968
2026-08-17 06:30:00,4389.86,4394.475,4389.51,4392.725,2281
2026-08-17 06:35:00,4392.74,4393.23,4388.745,4389.125,1443
2026-08-17 06:40:00,4389.145,4397.925,4387.555,4395.93,2255
2026-08-17 06:45:00,4395.925,4396.52,4394.455,4395.445,1910
2026-08-17 06:50:00,4395.415,4398.725,4394.65,4398.135,2236
2026-08-17 06:55:00,4398.115,4402.1,4397.645,4400.895,2758
2026-08-17 07:00:00,4400.91,4409.325,4399.37,4407.835,7020
2026-08-17 07:05:00,4407.885,4411.625,4405.235,4406.94,4250
2026-08-17 07:10:00,4406.955,4411.88,4404.355,4409.375,3573
2026-08-17 07:15:00,4409.38,4410.535,4406.285,4408.105,3929
2026-08-17 07:20:00,4408.115,4416.585,4407.915,4412.655,3986
2026-08-17 07:25:00,4412.66,4414.83,4406.41,4407.275,3476
2026-08-17 07:30:00,4407.24,4408.175,4401.63,4402.405,3656
2026-08-17 07:35:00,4402.41,4403.43,4399.175,4400.76,3336
2026-08-17 07:40:00,4400.77,4403.91,4397.665,4403.675,2931
2026-08-17 07:45:00,4403.73,4404.14,4394.3,4395.29,3334
2026-08-17 07:50:00,4395.305,4398.905,4392.13,4397.76,3368
2026-08-17 07:55:00,4397.745,4397.745,4393.235,4395.83,2619
2026-08-17 08:00:00,4395.805,4398.375,4394.79,4395.96,2746
2026-08-17 08:05:00,4395.955,4397.515,4392.68,4395.73,3113
2026-08-17 08:10:00,4395.715,4395.715,4392.74,4394.39,2363
2026-08-17 08:15:00,4394.395,4395.865,4392.53,4393.83,2054
2026-08-17 08:20:00,4393.78,4395.235,4389.935,4394.865,1880
2026-08-17 08:25:00,4394.845,4397.595,4394.675,4395.485,1588
2026-08-17 08:30:00,4395.5,4398.315,4392.3,4392.99,3135
2026-08-17 08:35:00,4392.945,4395.545,4391.585,4392.28,2917
2026-08-17 08:40:00,4392.285,4395.275,4389.925,4393.085,2583
2026-08-17 08:45:00,4393.08,4393.415,4390.64,4391.63,1911
2026-08-17 08:50:00,4391.665,4392.835,4390.145,4390.345,1964
2026-08-17 08:55:00,4390.36,4393.55,4388.435,4393.275,2189
2026-08-17 09:00:00,4393.3,4395.065,4392.54,4392.725,2142
2026-08-17 09:05:00,4392.73,4394.065,4389.39,4389.94,1787
2026-08-17 09:10:00,4389.975,4391.69,4388.71,4390.43,1858
2026-08-17 09:15:00,4390.49,4391.1,4388.09,4390.86,1839
2026-08-17 09:20:00,4390.875,4391.815,4390.02,4390.86,1521
2026-08-17 09:25:00,4390.845,4393.68,4388.705,4393.115,1997
2026-08-17 09:30:00,4393.11,4395.735,4391.225,4394.57,2024
2026-08-17 09:35:00,4394.505,4395.235,4392.415,4393.7,1271
2026-08-17 09:40:00,4393.715,4397.27,4393.715,4395.23,1532
2026-08-17 09:45:00,4395.22,4395.715,4393,4394.96,1401
2026-08-17 09:50:00,4394.965,4395.65,4394.2,4395.13,1066
2026-08-17 09:55:00,4395.135,4397.77,4393.995,4397.185,1185
2026-08-17 10:00:00,4397.165,4399.69,4396.625,4397.865,1612
2026-08-17 10:05:00,4397.86,4398.81,4396.49,4397.93,1504
2026-08-17 10:10:00,4397.925,4399.63,4397.2,4398.365,1233
2026-08-17 10:15:00,4398.36,4398.95,4396.755,4397.105,1165
2026-08-17 10:20:00,4397.165,4397.21,4393.005,4393.89,1169
2026-08-17 10:25:00,4393.94,4394.115,4390.21,4391.035,1179
2026-08-17 10:30:00,4391.045,4392.075,4389.055,4391.925,1304
2026-08-17 10:35:00,4391.94,4393.915,4390.16,4392.755,1319
2026-08-17 10:40:00,4392.75,4396.78,4392.02,4395.77,1564
2026-08-17 10:45:00,4395.78,4397.95,4395.405,4396.165,1299
2026-08-17 10:50:00,4396.165,4396.79,4394.95,4395.26,1200
2026-08-17 10:55:00,4395.36,4395.475,4389.95,4390.8,1211
2026-08-17 11:00:00,4390.79,4393.035,4390.01,4392.93,1846
2026-08-17 11:05:00,4392.94,4393.375,4389.955,4392.12,1365
2026-08-17 11:10:00,4392.12,4392.195,4387.06,4387.825,1367
2026-08-17 11:15:00,4387.84,4393.415,4387.005,4392.97,1492
2026-08-17 11:20:00,4392.97,4396.96,4390.74,4395.45,1916
2026-08-17 11:25:00,4395.41,4399.555,4394.65,4399.535,1460
2026-08-17 11:30:00,4399.515,4401.36,4395.85,4396.405,3578
2026-08-17 11:35:00,4396.385,4396.56,4392.285,4395.595,2720
2026-08-17 11:40:00,4395.6,4396.93,4393.945,4395.75,2521
2026-08-17 11:45:00,4395.755,4397.58,4392.36,4397.38,2245
2026-08-17 11:50:00,4397.365,4397.565,4392.615,4393.125,2153
2026-08-17 11:55:00,4393.215,4396.145,4392.935,4394.855,2571
2026-08-17 12:00:00,4394.88,4398.335,4394.76,4395.545,2927
2026-08-17 12:05:00,4395.575,4398.095,4393.76,4395.315,2627
2026-08-17 12:10:00,4395.37,4397.655,4392.785,4396.91,2471
2026-08-17 12:15:00,4396.9,4396.915,4392.825,4393.695,2476
2026-08-17 12:20:00,4393.73,4397.1,4393.605,4395.2,2723
2026-08-17 12:25:00,4395.16,4400.195,4394.69,4398.55,3271
2026-08-17 12:30:00,4398.565,4398.695,4395.035,4395.645,2565
2026-08-17 12:35:00,4395.65,4395.965,4393.66,4395.23,2626
2026-08-17 12:40:00,4395.225,4396.41,4393.685,4396.21,1979
2026-08-17 12:45:00,4396.27,4400.97,4396.27,4400.39,2512
2026-08-17 12:50:00,4400.425,4404.655,4400.425,4402.22,2899
2026-08-17 12:55:00,4402.215,4403.46,4401.195,4403.095,2179
2026-08-17 13:00:00,4403.1,4404.185,4401.435,4401.67,3026
2026-08-17 13:05:00,4401.675,4403.025,4399.49,4400.435,1912
2026-08-17 13:10:00,4400.45,4401.41,4396.08,4396.475,2423
2026-08-17 13:15:00,4396.47,4399.31,4396.445,4397.565,2397
2026-08-17 13:20:00,4397.56,4397.82,4396.24,4397.155,2056
2026-08-17 13:25:00,4397.205,4405.29,4396.755,4405.01,2538
2026-08-17 13:30:00,4404.985,4408.22,4404.72,4407.295,3163
2026-08-17 13:35:00,4407.285,4411.435,4406.785,4407.74,2666
2026-08-17 13:40:00,4407.735,4411.055,4407.22,4409.33,1867
2026-08-17 13:45:00,4409.34,4410.015,4407.315,4407.57,1615
2026-08-17 13:50:00,4407.575,4408.29,4403.595,4404.275,1906
2026-08-17 13:55:00,4404.295,4406.13,4404.035,4405.39,1519
2026-08-17 14:00:00,4405.38,4405.38,4399.71,4400.2,3059
2026-08-17 14:05:00,4400.21,4400.74,4397.6,4399.85,2262
2026-08-17 14:10:00,4399.84,4402.98,4398.555,4402.865,1670
2026-08-17 14:15:00,4402.84,4403.92,4400.47,4401.31,1630
2026-08-17 14:20:00,4401.315,4403.23,4400.49,4402.32,1477
2026-08-17 14:25:00,4402.33,4403.33,4401.02,4401.885,1525
2026-08-17 14:30:00,4401.905,4402.23,4399.57,4399.985,1859
2026-08-17 14:35:00,4399.97,4402.23,4399.075,4401.31,1492
2026-08-17 14:40:00,4401.35,4401.48,4396.07,4396.37,1685
2026-08-17 14:45:00,4396.39,4397.035,4395.085,4395.68,1669
2026-08-17 14:50:00,4395.685,4396.205,4392.955,4393.565,1775
2026-08-17 14:55:00,4393.6,4396.09,4392.63,4395.155,1882
2026-08-17 15:00:00,4395.15,4396.415,4393.385,4396.33,1962
2026-08-17 15:05:00,4396.36,4399.835,4395.35,4399.645,1857
2026-08-17 15:10:00,4399.64,4400.63,4398.93,4399.2,1390
2026-08-17 15:15:00,4399.225,4400.085,4397.105,4398.445,1853
2026-08-17 15:20:00,4398.455,4398.76,4396.33,4396.88,1344
2026-08-17 15:25:00,4396.89,4398.28,4395.715,4396.925,1934
2026-08-17 15:30:00,4396.945,4397.635,4394.545,4396.49,2350
2026-08-17 15:35:00,4396.505,4397.21,4394.005,4394.585,1739
2026-08-17 15:40:00,4394.605,4396.485,4393.67,4394.375,1667
2026-08-17 15:45:00,4394.38,4395.34,4392.65,4395.275,1829
2026-08-17 15:50:00,4395.27,4395.985,4392.995,4393.6,1801
2026-08-17 15:55:00,4393.63,4395.675,4393.495,4395.64,1278
2026-08-17 16:00:00,4395.7,4396.03,4393.19,4394.18,1276
2026-08-17 16:05:00,4394.17,4396.29,4394.17,4394.265,1382
2026-08-17 16:10:00,4394.26,4396.49,4394.045,4396.07,1450
2026-08-17 16:15:00,4396.055,4400.215,4395.07,4396.03,1842
2026-08-17 16:20:00,4396.045,4397.435,4395.19,4396.675,1257
2026-08-17 16:25:00,4396.69,4405.665,4391.985,4405.255,2676
2026-08-17 16:30:00,4405.24,4405.93,4397.04,4397.32,4936
2026-08-17 16:35:00,4397.34,4398.4,4395.675,4396.04,2477
2026-08-17 16:40:00,4396.06,4399.015,4395.49,4398.3,1692
2026-08-17 16:45:00,4398.335,4399.32,4396.39,4397.07,1350
2026-08-17 16:50:00,4397.085,4398.69,4396.69,4397.74,1165
2026-08-17 16:55:00,4397.77,4399.61,4397.155,4399.115,1670
2026-08-17 17:00:00,4399.14,4402.4,4398.08,4400.385,2077
2026-08-17 17:05:00,4400.375,4404.065,4400.255,4402.19,2102
2026-08-17 17:10:00,4402.185,4402.965,4399.8,4399.855,2003
2026-08-17 17:15:00,4399.86,4400.135,4397.14,4398.365,1686
2026-08-17 17:20:00,4398.355,4404.265,4398.355,4403.65,2190
2026-08-17 17:25:00,4403.655,4404.8,4402.915,4403.66,1506
2026-08-17 17:30:00,4403.69,4404.95,4402.455,4404.125,1904
2026-08-17 17:35:00,4404.135,4404.895,4402.73,4402.845,1616
2026-08-17 17:40:00,4402.86,4403.18,4399.205,4399.665,1924
2026-08-17 17:45:00,4399.67,4400.845,4396.73,4397.08,1399
2026-08-17 17:50:00,4397.1,4398.93,4395.53,4396.98,1704
2026-08-17 17:55:00,4396.925,4397.69,4395.95,4396.795,1543
2026-08-17 18:00:00,4396.78,4397.745,4393.87,4394.67,2979
2026-08-17 18:05:00,4394.68,4395.265,4392.13,4392.68,2678
2026-08-17 18:10:00,4392.675,4395.325,4391.74,4394.02,2812
2026-08-17 18:15:00,4394.03,4395.74,4393.13,4394.855,2263
2026-08-17 18:20:00,4394.875,4398.86,4392.1,4392.99,3158
2026-08-17 18:25:00,4393.01,4393.79,4382.11,4385.825,4873
2026-08-17 18:30:00,4385.715,4390.49,4384.27,4389.005,3958
2026-08-17 18:35:00,4389.02,4389.525,4381.27,4381.485,3518
2026-08-17 18:40:00,4381.505,4383.45,4378.475,4378.495,3374
2026-08-17 18:45:00,4378.51,4380.65,4377.445,4378.17,3172
2026-08-17 18:50:00,4378.19,4385.04,4377.89,4384.295,3208
2026-08-17 18:55:00,4384.305,4386.48,4383.575,4385.06,2519
2026-08-17 19:00:00,4385.07,4388.485,4381.97,4384.915,5309
2026-08-17 19:05:00,4384.935,4386.335,4382.44,4385.595,3596
2026-08-17 19:10:00,4385.62,4389.665,4385.21,4386.495,3700
2026-08-17 19:15:00,4386.51,4387.03,4382.395,4385.8,3477
2026-08-17 19:20:00,4385.805,4389.075,4384.735,4386.63,3220
2026-08-17 19:25:00,4386.675,4388.66,4386.05,4386.375,3104
2026-08-17 19:30:00,4386.39,4390.38,4385.925,4388.905,6680
2026-08-17 19:35:00,4388.89,4392.065,4386.155,4388.59,6270
2026-08-17 19:40:00,4388.6,4389.655,4384.88,4385.79,5337
2026-08-17 19:45:00,4385.805,4395.71,4384.66,4395.165,6275
2026-08-17 19:50:00,4395.175,4407.575,4394.67,4401.725,6808
2026-08-17 19:55:00,4401.71,4416.37,4401.615,4408.795,7692
2026-08-17 20:00:00,4408.82,4410.19,4404.445,4408.055,7258
2026-08-17 20:05:00,4408.075,4408.58,4405,4405.365,6708
2026-08-17 20:10:00,4405.36,4412.88,4403.91,4412.5,4906
2026-08-17 20:15:00,4412.45,4420.965,4411.94,4418.42,6823
2026-08-17 20:20:00,4418.475,4427.665,4417.37,4424.18,6950
2026-08-17 20:25:00,4424.195,4426.47,4415.81,4418.21,6483
2026-08-17 20:30:00,4418.205,4424.725,4418.175,4422.285,6050
2026-08-17 20:35:00,4422.255,4423.68,4416.575,4417.8,5686
2026-08-17 20:40:00,4417.815,4421.78,4417.32,4417.455,5066
2026-08-17 20:45:00,4417.465,4419.81,4414.13,4417.36,5177
2026-08-17 20:50:00,4417.38,4421.2,4415.94,4416.435,5907
2026-08-17 20:55:00,4416.455,4418.425,4414.675,4417.44,5234
2026-08-17 21:00:00,4417.455,4419.39,4415.15,4418.645,4977
2026-08-17 21:05:00,4418.63,4419.875,4416.15,4416.885,4530
2026-08-17 21:10:00,4416.875,4422.51,4416.09,4421.395,4023
2026-08-17 21:15:00,4421.38,4423.295,4419.555,4422.195,4708
2026-08-17 21:20:00,4422.2,4423.975,4421.625,4423.36,4984
2026-08-17 21:25:00,4423.345,4426.055,4420.955,4425.69,5134
2026-08-17 21:30:00,4425.685,4426.615,4421.4,4422.92,5108
2026-08-17 21:35:00,4422.935,4423.98,4420.325,4421.995,3576
2026-08-17 21:40:00,4421.985,4423.575,4419.005,4419.415,3887
2026-08-17 21:45:00,4419.4,4424.405,4417.85,4423.9,4094
2026-08-17 21:50:00,4423.88,4426.89,4423.095,4426.36,3046
2026-08-17 21:55:00,4426.355,4427.95,4425.89,4427.58,3307
2026-08-17 22:00:00,4427.585,4428.275,4424.135,4425.545,3273
2026-08-17 22:05:00,4425.56,4428.41,4424.31,4427.515,2818
2026-08-17 22:10:00,4427.495,4428.92,4425.64,4426,2822
2026-08-17 22:15:00,4426.005,4427.53,4425.3,4425.855,3060
2026-08-17 22:20:00,4425.855,4427.78,4424.9,4425.195,3207
2026-08-17 22:25:00,4425.22,4425.34,4423.055,4424.93,2619
2026-08-17 22:30:00,4424.935,4425.505,4422.78,4424.095,2455
2026-08-17 22:35:00,4424.105,4427.185,4423.5,4426.71,2220
2026-08-17 22:40:00,4426.685,4426.96,4424.515,4424.745,1857
2026-08-17 22:45:00,4424.75,4424.995,4422.715,4424.395,1745
2026-08-17 22:50:00,4424.385,4425.635,4422.76,4423.3,1719
2026-08-17 22:55:00,4423.31,4425.45,4423.31,4424.25,2168
2026-08-17 23:00:00,4424.245,4426.215,4423.675,4424.73,2852
2026-08-17 23:05:00,4424.72,4425,4421.245,4422.32,3744
2026-08-17 23:10:00,4422.31,4423.545,4421.84,4423.02,3400
2026-08-17 23:15:00,4423.05,4423.295,4418.975,4419.52,3594
2026-08-17 23:20:00,4419.53,4420.375,4416.08,4416.8,4166
2026-08-17 23:25:00,4416.82,4417.57,4413.555,4416.67,4053
2026-08-17 23:30:00,4416.695,4418.77,4414.04,4417.375,3826
2026-08-17 23:35:00,4417.38,4417.63,4411.895,4412.055,3349
2026-08-17 23:40:00,4412.045,4417.535,4411.3,4417.49,3175
2026-08-17 23:45:00,4417.485,4420.47,4417.195,4419.24,2644
2026-08-17 23:50:00,4419.22,4420.695,4416.955,4417.265,2062
2026-08-17 23:55:00,4417.27,4418.06,4413.325,4413.775,2635
2026-08-18 00:00:00,4413.785,4414.64,4410.855,4411.245,3221
2026-08-18 00:05:00,4411.25,4413.195,4410.365,4411.81,3228
2026-08-18 00:10:00,4411.78,4413.975,4410.305,4413.865,2883
2026-08-18 00:15:00,4413.855,4416.22,4413.6,4415.11,2968
2026-08-18 00:20:00,4415.1,4415.52,4409,4409.245,3200
2026-08-18 00:25:00,4409.25,4409.905,4404.705,4406.325,3856
2026-08-18 00:30:00,4406.32,4406.99,4398.195,4400.06,4644
2026-08-18 00:35:00,4400.055,4402.55,4399.34,4402.35,2748
2026-08-18 00:40:00,4402.345,4404.935,4401.475,4401.485,2529
2026-08-18 00:45:00,4401.52,4406.235,4400.215,4405.955,2475
2026-08-18 00:50:00,4405.915,4407.58,4405.16,4406.58,2374
2026-08-18 00:55:00,4406.61,4407.065,4405.87,4406.715,1782
2026-08-18 01:00:00,4406.695,4407.385,4402.125,4403.095,2258
2026-08-18 01:05:00,4403.19,4403.79,4400.3,4403.77,2316
2026-08-18 01:10:00,4403.76,4408.6,4403.76,4408.575,2266
2026-08-18 01:15:00,4408.595,4416.28,4408.56,4415.11,4124
2026-08-18 01:20:00,4415.09,4416.925,4414.97,4416.1,2944
2026-08-18 01:25:00,4416.065,4417.505,4414.515,4414.515,1961
2026-08-18 01:30:00,4414.53,4416.71,4414.19,4416.44,1977
2026-08-18 01:35:00,4416.445,4417.325,4415.105,4416.555,2430
2026-08-18 01:40:00,4416.57,4420.545,4415.555,4419.385,2895
2026-08-18 01:45:00,4419.38,4421.075,4418.57,4420.18,2990
2026-08-18 01:50:00,4420.22,4420.39,4416.58,4418.065,3144
2026-08-18 01:55:00,4418.06,4420.945,4417.615,4419.865,3754
2026-08-18 02:00:00,4419.89,4421.38,4418.21,4418.805,1265
2026-08-18 02:05:00,4418.79,4418.79,4416.705,4417.325,598
2026-08-18 02:10:00,4417.32,4418.055,4416.85,4417.895,501
2026-08-18 02:15:00,4417.88,4418.115,4417.37,4417.965,446
2026-08-18 02:20:00,4417.965,4418.19,4417.14,4417.19,354
2026-08-18 02:25:00,4417.19,4417.315,4415.05,4415.275,525
2026-08-18 02:30:00,4415.285,4415.81,4415.04,4415.32,467
2026-08-18 02:35:00,4415.305,4415.545,4414.67,4415.23,488
2026-08-18 02:40:00,4415.265,4416.055,4415.2,4415.63,646
2026-08-18 02:45:00,4415.59,4416.83,4415.19,4415.795,775
2026-08-18 02:50:00,4415.81,4416.345,4415.4,4415.885,470
2026-08-18 02:55:00,4415.87,4417.1,4415.815,4416.685,944
2026-08-18 04:00:00,4416.43,4419.37,4415.62,4416.39,988
2026-08-18 04:05:00,4416.41,4416.62,4415.035,4415.83,518
2026-08-18 04:10:00,4415.82,4417,4415.415,4416.82,606
2026-08-18 04:15:00,4416.84,4417.43,4415.84,4415.98,661
2026-08-18 04:20:00,4415.995,4416.535,4415.42,4415.64,570
2026-08-18 04:25:00,4415.685,4415.77,4412.11,4412.575,790
2026-08-18 04:30:00,4412.585,4413.57,4411.72,4412.695,955
2026-08-18 04:35:00,4412.705,4414.75,4412.45,4413.295,752
2026-08-18 04:40:00,4413.305,4415.82,4413.06,4414.735,571
2026-08-18 04:45:00,4414.7,4416.375,4414.215,4415.21,560
2026-08-18 04:50:00,4415.215,4415.635,4412.05,4412.05,444
2026-08-18 04:55:00,4412.075,4413.335,4410.58,4411.88,967
2026-08-18 05:00:00,4411.905,4413.75,4409.79,4413.51,1197
2026-08-18 05:05:00,4413.515,4414.505,4412.85,4413.96,714
2026-08-18 05:10:00,4413.985,4415.095,4413.56,4414.875,643
2026-08-18 05:15:00,4414.94,4418.57,4414.9,4417.665,1222
2026-08-18 05:20:00,4417.655,4418.26,4416.5,4417.965,749
2026-08-18 05:25:00,4417.985,4421.985,4417.76,4420.375,1271
2026-08-18 05:30:00,4420.345,4422.415,4420.075,4422.18,1019
2026-08-18 05:35:00,4422.185,4422.51,4420.74,4421.33,875
2026-08-18 05:40:00,4421.34,4422.925,4420.285,4422.725,1468
2026-08-18 05:45:00,4422.715,4424.07,4421.655,4423.98,1949
2026-08-18 05:50:00,4423.94,4424.46,4422.66,4423.6,1886
2026-08-18 05:55:00,4423.58,4426.155,4423.175,4425.99,1455
2026-08-18 06:00:00,4426.015,4429.98,4419.335,4425.425,3122
2026-08-18 06:05:00,4425.405,4426.23,4420.135,4420.3,2330
2026-08-18 06:10:00,4420.325,4422.545,4419.08,4421.89,1962
2026-08-18 06:15:00,4421.85,4428.26,4420.98,4427.02,2852
2026-08-18 06:20:00,4427.035,4431.635,4423.015,4428.05,3042
2026-08-18 06:25:00,4428.055,4431.7,4425.305,4431.515,2925
2026-08-18 06:30:00,4431.525,4432.125,4428.495,4431.455,2174
2026-08-18 06:35:00,4431.57,4433.595,4430.495,4433.055,1578
2026-08-18 06:40:00,4433.12,4433.18,4428.62,4429.58,1696
2026-08-18 06:45:00,4429.595,4430.325,4428.52,4429.225,1542
2026-08-18 06:50:00,4429.22,4430.65,4428.66,4429.32,1735
2026-08-18 06:55:00,4429.375,4435.08,4428.95,4434.565,1964
2026-08-18 07:00:00,4434.59,4436.195,4429.29,4431.41,5253
2026-08-18 07:05:00,4431.4,4436.27,4429.135,4430.635,3655
2026-08-18 07:10:00,4430.62,4432.005,4428.675,4429.295,2733
2026-08-18 07:15:00,4429.27,4430.955,4422.765,4425.39,3701
2026-08-18 07:20:00,4425.435,4426.705,4422.095,4423.75,3195
2026-08-18 07:25:00,4423.725,4426.015,4420.265,4425.105,2944
2026-08-18 07:30:00,4425.115,4426.385,4421.365,4422.535,2848
2026-08-18 07:35:00,4422.525,4423.49,4420.485,4420.515,2203
2026-08-18 07:40:00,4420.555,4421.975,4411.925,4411.945,3768
2026-08-18 07:45:00,4411.94,4412.265,4404.36,4407.73,5419
2026-08-18 07:50:00,4407.725,4408.705,4404.4,4408.205,4442
2026-08-18 07:55:00,4408.175,4409.45,4407.43,4408.12,3349
2026-08-18 08:00:00,4408.1,4408.295,4401.01,4402.265,3864
2026-08-18 08:05:00,4402.285,4404.16,4399.78,4400.08,3007
2026-08-18 08:10:00,4400.085,4402.88,4398.46,4401.105,2995
2026-08-18 08:15:00,4401.115,4405.64,4400.405,4404.05,3068
2026-08-18 08:20:00,4404.06,4404.66,4401.65,4404.19,1969
2026-08-18 08:25:00,4404.2,4405.405,4402.29,4402.43,2193
2026-08-18 08:30:00,4402.44,4402.89,4396.165,4396.45,4274
2026-08-18 08:35:00,4396.435,4399.895,4395.42,4396.56,3093
2026-08-18 08:40:00,4396.62,4397.03,4394.29,4395.1,3211
2026-08-18 08:45:00,4395.135,4398.22,4394.43,4397.29,3093
2026-08-18 08:50:00,4397.25,4398.37,4395.765,4397.975,2783
2026-08-18 08:55:00,4397.965,4400.655,4397.37,4400.02,3007
2026-08-18 09:00:00,4400,4404.195,4399.945,4403.13,3051
2026-08-18 09:05:00,4403.105,4403.565,4399.67,4401.47,2833
2026-08-18 09:10:00,4401.465,4402.675,4398.96,4401.56,2475
2026-08-18 09:15:00,4401.565,4402.215,4395.71,4396.65,2930
2026-08-18 09:20:00,4396.66,4397.5,4394.48,4395.29,2344
2026-08-18 09:25:00,4395.265,4397.78,4395.055,4397.31,1813
2026-08-18 09:30:00,4397.305,4397.335,4395.7,4396.575,1959
2026-08-18 09:35:00,4396.56,4397.025,4395.02,4395.125,1590
2026-08-18 09:40:00,4395.115,4395.98,4394.675,4394.98,1568
2026-08-18 09:45:00,4394.96,4395.2,4393.8,4394.07,1440
2026-08-18 09:50:00,4394.075,4394.145,4391.82,4392.25,2157
2026-08-18 09:55:00,4392.21,4392.69,4390.75,4391.925,1468
2026-08-18 10:00:00,4391.93,4392.225,4390.165,4390.895,1758
2026-08-18 10:05:00,4390.89,4392.27,4390.085,4391.135,1654
2026-08-18 10:10:00,4391.14,4392.89,4390.97,4392.395,1483
2026-08-18 10:15:00,4392.43,4393.78,4390.945,4391.56,1610
2026-08-18 10:20:00,4391.5,4392.565,4390.825,4392.565,1294
2026-08-18 10:25:00,4392.585,4392.925,4391.61,4392.55,1483
2026-08-18 10:30:00,4392.55,4394.215,4391.52,4392.15,1892
2026-08-18 10:35:00,4392.145,4393.165,4388.76,4391.555,2055
2026-08-18 10:40:00,4391.57,4394.425,4390.425,4393.65,1506
2026-08-18 10:45:00,4393.635,4395.1,4392.28,4394.81,1307
2026-08-18 10:50:00,4394.8,4395.535,4393.685,4395.495,1339
2026-08-18 10:55:00,4395.5,4395.58,4393.05,4393.71,1388
2026-08-18 11:00:00,4393.685,4393.82,4391.22,4391.46,2335
2026-08-18 11:05:00,4391.47,4394.23,4391.47,4393.86,1471
2026-08-18 11:10:00,4393.88,4394.105,4390.895,4391.405,1494
2026-08-18 11:15:00,4391.41,4394.615,4391.225,4394.565,1188
2026-08-18 11:20:00,4394.595,4395.975,4394.495,4395.705,1290
2026-08-18 11:25:00,4395.675,4396.08,4391.42,4391.505,1550
2026-08-18 11:30:00,4391.475,4391.68,4386.15,4386.895,4299
2026-08-18 11:35:00,4386.905,4391.06,4386.815,4390.165,2838
2026-08-18 11:40:00,4390.15,4394.39,4388.715,4393.735,2686
2026-08-18 11:45:00,4393.73,4395.91,4393.065,4395.88,2290
2026-08-18 11:50:00,4395.87,4397.655,4394.09,4395.715,2403
2026-08-18 11:55:00,4395.815,4397.015,4394.03,4394.415,2065
2026-08-18 12:00:00,4394.37,4394.415,4388.985,4390.75,3483
2026-08-18 12:05:00,4390.725,4393.91,4387.69,4392.985,3110
2026-08-18 12:10:00,4392.975,4395.495,4392.505,4395.305,2403
2026-08-18 12:15:00,4395.295,4396.43,4393.715,4395.405,2426
2026-08-18 12:20:00,4395.395,4398.04,4394.465,4397.815,2018
2026-08-18 12:25:00,4397.785,4399.92,4396.79,4399.59,2202
2026-08-18 12:30:00,4399.595,4400.3,4395.315,4395.33,2189
2026-08-18 12:35:00,4395.32,4397.635,4395.2,4397.195,2195
2026-08-18 12:40:00,4397.19,4398.79,4396.765,4397.225,1585
2026-08-18 12:45:00,4397.245,4399.415,4397.245,4397.98,1787
2026-08-18 12:50:00,4398.015,4399.04,4397.55,4398.515,2094
2026-08-18 12:55:00,4398.53,4399.135,4397.455,4398.965,2425
2026-08-18 13:00:00,4398.94,4400.405,4396.925,4399.945,2652
2026-08-18 13:05:00,4399.95,4400.945,4397.335,4397.69,2235
2026-08-18 13:10:00,4397.695,4399.405,4397.055,4397.69,2146
2026-08-18 13:15:00,4397.675,4400.775,4397.535,4399.62,1934
2026-08-18 13:20:00,4399.63,4401.44,4399.39,4401.35,1654
2026-08-18 13:25:00,4401.345,4403.54,4401.175,4403.185,2294
2026-08-18 13:30:00,4403.19,4403.77,4396.405,4396.995,2413
2026-08-18 13:35:00,4396.99,4402.695,4396.66,4402.145,2057
2026-08-18 13:40:00,4402.155,4403.66,4400.345,4401.66,2132
2026-08-18 13:45:00,4401.655,4402.77,4399.74,4400.13,1819
2026-08-18 13:50:00,4400.125,4400.525,4398.02,4398.455,2117
2026-08-18 13:55:00,4398.475,4398.84,4395.565,4395.705,2105
2026-08-18 14:00:00,4395.715,4396.27,4394.245,4394.53,3202
2026-08-18 14:05:00,4394.495,4394.61,4390.08,4390.995,3082
2026-08-18 14:10:00,4390.82,4394.775,4388.03,4392.73,3133
2026-08-18 14:15:00,4392.7,4393.675,4391.705,4392.19,2565
2026-08-18 14:20:00,4392.195,4392.57,4386.975,4388.72,2582
2026-08-18 14:25:00,4388.71,4389.7,4387.46,4389.51,2450
2026-08-18 14:30:00,4389.505,4394.13,4389.23,4393.68,2247
2026-08-18 14:35:00,4393.7,4398.69,4393.69,4398.305,2486
2026-08-18 14:40:00,4398.295,4398.56,4396.6,4396.61,2286
2026-08-18 14:45:00,4396.635,4397,4391.705,4393.305,2072
2026-08-18 14:50:00,4393.295,4393.855,4391.585,4393.855,1707
2026-08-18 14:55:00,4393.805,4394.675,4392.42,4393.41,1869
2026-08-18 15:00:00,4393.4,4393.97,4392.09,4392.375,2850
2026-08-18 15:05:00,4392.355,4393.055,4391.16,4391.835,1972
2026-08-18 15:10:00,4391.85,4393.63,4391.46,4392.76,1832
2026-08-18 15:15:00,4392.745,4392.865,4390.965,4391.31,1621
2026-08-18 15:20:00,4391.3,4391.575,4389.005,4390.185,2984
2026-08-18 15:25:00,4390.21,4391.5,4388.695,4389.43,2721
2026-08-18 15:30:00,4389.425,4393.785,4389.265,4393.705,2941
2026-08-18 15:35:00,4393.7,4395.125,4390.565,4391.295,2454
2026-08-18 15:40:00,4391.305,4391.84,4387.395,4388.615,2224
2026-08-18 15:45:00,4388.605,4392.42,4387.095,4392.205,2372
2026-08-18 15:50:00,4392.23,4394.34,4392.16,4394.085,1961
2026-08-18 15:55:00,4394.065,4395.09,4392.935,4393.37,1999
2026-08-18 16:00:00,4393.365,4395.9,4392.305,4394.145,2088
2026-08-18 16:05:00,4394.11,4394.84,4392.57,4393.575,1772
2026-08-18 16:10:00,4393.585,4394.835,4392.81,4394.595,1687
2026-08-18 16:15:00,4394.585,4396.23,4394.17,4395.515,1519
2026-08-18 16:20:00,4395.535,4395.63,4391.535,4391.765,1649
2026-08-18 16:25:00,4391.78,4392.355,4389.815,4392.065,1613
2026-08-18 16:30:00,4392.055,4394.305,4391.73,4393.7,1601
2026-08-18 16:35:00,4393.66,4397.8,4393.535,4397.64,1438
2026-08-18 16:40:00,4397.63,4398.68,4397.12,4398.665,1597
2026-08-18 16:45:00,4398.66,4399.66,4398.325,4399.02,1465
2026-08-18 16:50:00,4399.015,4399.39,4396.55,4397.01,1371
2026-08-18 16:55:00,4397.025,4397.825,4396.585,4397.7,1511
2026-08-18 17:00:00,4397.715,4399.12,4393.7,4393.965,2511
2026-08-18 17:05:00,4393.975,4394.75,4392.61,4393.73,1546
2026-08-18 17:10:00,4393.74,4394.255,4392.05,4393.67,1365
2026-08-18 17:15:00,4393.68,4394.755,4392.195,4393.165,1699
2026-08-18 17:20:00,4393.18,4394,4390.41,4390.495,1744
2026-08-18 17:25:00,4390.48,4391.9,4389.7,4390.205,1783
2026-08-18 17:30:00,4390.195,4391.885,4389.455,4389.57,1860
2026-08-18 17:35:00,4389.58,4391.725,4388.675,4390.43,1813
2026-08-18 17:40:00,4390.425,4392.59,4389.64,4391.02,1842
2026-08-18 17:45:00,4391.015,4393.835,4390.815,4392.33,1478
2026-08-18 17:50:00,4392.335,4393.175,4389.9,4390.935,1686
2026-08-18 17:55:00,4390.985,4396.84,4390.725,4396.02,2222
2026-08-18 18:00:00,4396.01,4397.08,4391.59,4396.65,2876
2026-08-18 18:05:00,4396.665,4397.145,4390.56,4391.33,3249
2026-08-18 18:10:00,4391.315,4393.515,4389.675,4393.285,2687
2026-08-18 18:15:00,4393.28,4393.815,4391.605,4392.99,2223
2026-08-18 18:20:00,4392.995,4400.885,4392.94,4395.825,4296
2026-08-18 18:25:00,4395.83,4396.135,4391.98,4395.39,3051
2026-08-18 18:30:00,4395.4,4398.19,4392.385,4396.7,2608
2026-08-18 18:35:00,4396.705,4397.955,4392.915,4394.375,3159
2026-08-18 18:40:00,4394.36,4394.36,4391.165,4392.265,2767
2026-08-18 18:45:00,4392.29,4396.645,4392.28,4396.095,2731
2026-08-18 18:50:00,4396.09,4397.12,4392.435,4393.24,2710
2026-08-18 18:55:00,4393.235,4395.95,4390.83,4394.275,2864
2026-08-18 19:00:00,4394.24,4397.505,4390.37,4395.815,5364
2026-08-18 19:05:00,4395.825,4396.73,4389.02,4389.14,4118
2026-08-18 19:10:00,4389.135,4396.07,4388.38,4395.925,3313
2026-08-18 19:15:00,4395.92,4396.185,4388.5,4391.06,4066
2026-08-18 19:20:00,4391.065,4393.535,4388.33,4389.81,3921
2026-08-18 19:25:00,4389.805,4392.385,4388.295,4389.095,4576
2026-08-18 19:30:00,4389.115,4399.005,4375.61,4397,9888
2026-08-18 19:35:00,4396.985,4403.39,4395.47,4403.05,9488
2026-08-18 19:40:00,4403.04,4406.88,4399.77,4401.23,8385
2026-08-18 19:45:00,4401.205,4402.32,4391.665,4395.25,8080
2026-08-18 19:50:00,4395.21,4398.23,4389.535,4390.99,7975
2026-08-18 19:55:00,4391.08,4395.195,4389.765,4394.675,6805
2026-08-18 20:00:00,4394.755,4406.695,4393.44,4404.205,7886
2026-08-18 20:05:00,4404.21,4404.665,4397.92,4398.26,6901
2026-08-18 20:10:00,4398.27,4399.09,4391.22,4393.43,6124
2026-08-18 20:15:00,4393.41,4405.13,4393.03,4401.615,6020
2026-08-18 20:20:00,4401.605,4402.885,4395.775,4397.795,6140
2026-08-18 20:25:00,4397.815,4398.93,4392.305,4394.26,6013
2026-08-18 20:30:00,4394.255,4396.37,4385.375,4389.905,6608
2026-08-18 20:35:00,4389.915,4390.18,4382.115,4382.965,6999
2026-08-18 20:40:00,4382.975,4385.035,4377.805,4379.725,7982
2026-08-18 20:45:00,4379.735,4388.55,4378.095,4386.98,6310
2026-08-18 20:50:00,4386.99,4389.03,4372.73,4378.805,7251
2026-08-18 20:55:00,4378.79,4383.125,4363.835,4366.665,8495
2026-08-18 21:00:00,4366.655,4376.725,4365.83,4375.755,10025
2026-08-18 21:05:00,4375.745,4377.78,4365.055,4365.9,6956
2026-08-18 21:10:00,4365.895,4368.395,4358.97,4360.095,7680
2026-08-18 21:15:00,4360.085,4365.295,4355.195,4355.195,7089
2026-08-18 21:20:00,4355.185,4357.21,4351.705,4354.555,8196
2026-08-18 21:25:00,4354.53,4361.08,4353.11,4355.1,6787
2026-08-18 21:30:00,4355.085,4362.26,4354.65,4359.91,6945
2026-08-18 21:35:00,4359.925,4362.44,4356.76,4361.24,6071
2026-08-18 21:40:00,4361.195,4362.04,4356.715,4358.74,4982
2026-08-18 21:45:00,4358.76,4365.145,4358.76,4364.195,4438
2026-08-18 21:50:00,4364.205,4366.78,4361.315,4364.67,3836
2026-08-18 21:55:00,4364.68,4366.17,4363.38,4364.89,3595
2026-08-18 22:00:00,4364.895,4369.4,4364.895,4368.165,3600
2026-08-18 22:05:00,4368.155,4371.74,4366.87,4371.485,4283
2026-08-18 22:10:00,4371.49,4371.735,4367.575,4367.8,3359
2026-08-18 22:15:00,4367.81,4368.45,4364.6,4367.22,4092
2026-08-18 22:20:00,4367.225,4369.765,4366.695,4368.375,3300
2026-08-18 22:25:00,4368.38,4369.205,4363.575,4364.21,3407
2026-08-18 22:30:00,4364.245,4366.9,4363.375,4365.74,4119
2026-08-18 22:35:00,4365.75,4367.2,4363.125,4365.305,3152
2026-08-18 22:40:00,4365.33,4368.66,4365.17,4367.435,3227
2026-08-18 22:45:00,4367.445,4367.83,4363.325,4363.68,3059
2026-08-18 22:50:00,4363.645,4368.925,4363.145,4368.64,2775
2026-08-18 22:55:00,4368.645,4368.645,4363.23,4363.79,3387
2026-08-18 23:00:00,4363.79,4365.865,4363.52,4364.61,4102
2026-08-18 23:05:00,4364.615,4366.325,4364.415,4365.895,2962
2026-08-18 23:10:00,4365.905,4367.245,4364.79,4367.075,2831
2026-08-18 23:15:00,4367.08,4368.3,4363.16,4364.36,3319
2026-08-18 23:20:00,4364.41,4367.585,4364.31,4367.555,3267
2026-08-18 23:25:00,4367.565,4368.4,4363.795,4365.475,3858
2026-08-18 23:30:00,4365.465,4366.28,4361.375,4364.51,3318
2026-08-18 23:35:00,4364.5,4365.365,4361.015,4362.735,3479
2026-08-18 23:40:00,4362.725,4365.185,4358.655,4358.675,3084
2026-08-18 23:45:00,4358.75,4360.535,4357.045,4357.95,3253
2026-08-18 23:50:00,4357.965,4359.875,4357.875,4358.755,2485
2026-08-18 23:55:00,4358.77,4359.21,4356.755,4357.785,3020
2026-08-19 00:00:00,4357.805,4358.01,4352.775,4353.565,3366
2026-08-19 00:05:00,4353.555,4355.905,4352.845,4355.805,3097
2026-08-19 00:10:00,4355.815,4358.19,4352.955,4357.895,2749
2026-08-19 00:15:00,4357.87,4359.155,4356.82,4359.04,2969
2026-08-19 00:20:00,4359.035,4359.505,4355.78,4357.095,2634
2026-08-19 00:25:00,4357.105,4361.085,4356.53,4360.315,2542
2026-08-19 00:30:00,4360.31,4360.68,4358.055,4359.815,2313
2026-08-19 00:35:00,4359.82,4360.355,4358.45,4359.78,2088
2026-08-19 00:40:00,4359.795,4359.925,4353.57,4354.35,2663
2026-08-19 00:45:00,4354.36,4355.705,4352.94,4354,2241
2026-08-19 00:50:00,4353.995,4355.31,4353.925,4354.75,1629
2026-08-19 00:55:00,4354.765,4356.23,4354.01,4354.4,1680
2026-08-19 01:00:00,4354.405,4358.2,4354.165,4355.32,1825
2026-08-19 01:05:00,4355.335,4357.08,4354.92,4355.345,1538
2026-08-19 01:10:00,4355.35,4358.605,4354.73,4357.065,1930
2026-08-19 01:15:00,4357.06,4358.8,4354.13,4354.785,1891
2026-08-19 01:20:00,4354.785,4356.565,4352.745,4353.305,2002
2026-08-19 01:25:00,4353.3,4356.035,4352.54,4354.97,1520
2026-08-19 01:30:00,4354.985,4356.85,4353.805,4354.25,1745
2026-08-19 01:35:00,4354.235,4355.69,4353.675,4355.04,1363
2026-08-19 01:40:00,4354.99,4357.88,4349.84,4350.05,2234
2026-08-19 01:45:00,4350.07,4353.695,4343.875,4345.965,3395
2026-08-19 01:50:00,4345.86,4347.01,4342.3,4345.385,4411
2026-08-19 01:55:00,4345.44,4346.475,4338.625,4345.74,4793
2026-08-19 02:00:00,4345.755,4346.52,4342.74,4343.975,1898
2026-08-19 02:05:00,4343.98,4344.51,4342.62,4343.095,1258
2026-08-19 02:10:00,4343.09,4343.755,4340.735,4342.025,1432
2026-08-19 02:15:00,4342.04,4342.38,4339.795,4341.845,1071
2026-08-19 02:20:00,4341.88,4341.945,4333.545,4337.865,1731
2026-08-19 02:25:00,4337.85,4338.69,4336.64,4338,976
2026-08-19 02:30:00,4338.005,4339.685,4336.635,4339.36,1092
2026-08-19 02:35:00,4339.355,4339.52,4337.475,4337.935,707
2026-08-19 02:40:00,4337.94,4338.575,4331.725,4332.34,1109
2026-08-19 02:45:00,4332.32,4333.38,4329.295,4333.025,1943
2026-08-19 02:50:00,4333.05,4334.565,4330.145,4334.51,1360
2026-08-19 02:55:00,4334.57,4335.605,4332.495,4334.27,1589
2026-08-19 04:00:00,4334.105,4341.58,4323.945,4339.24,487
2026-08-19 04:05:00,4340.595,4343.98,4339.76,4342.335,817
2026-08-19 04:10:00,4342.29,4343.145,4339.805,4340.915,599
2026-08-19 04:15:00,4340.74,4342.21,4338.47,4338.825,1188
2026-08-19 04:20:00,4338.925,4340.175,4333.67,4335.085,1819
2026-08-19 04:25:00,4335.08,4339.1,4334.555,4336.21,1495
2026-08-19 04:30:00,4336.225,4336.795,4335.055,4335.605,993
2026-08-19 04:35:00,4335.6,4336.58,4333.28,4333.71,1099
2026-08-19 04:40:00,4333.8,4334.81,4332.765,4333.82,1168
2026-08-19 04:45:00,4333.82,4334.99,4333.215,4334.78,668
2026-08-19 04:50:00,4334.78,4335.665,4333.87,4335.065,823
2026-08-19 04:55:00,4335.065,4335.205,4333.275,4333.925,684
2026-08-19 05:00:00,4333.985,4336.255,4332.945,4335.935,1058
2026-08-19 05:05:00,4335.945,4338.42,4334.645,4335.295,1259
2026-08-19 05:10:00,4335.29,4335.535,4332.775,4334.2,1328
2026-08-19 05:15:00,4334.205,4335.035,4332.195,4332.53,1101
2026-08-19 05:20:00,4332.49,4337.475,4331.055,4332.865,1414
2026-08-19 05:25:00,4332.91,4333.775,4329.975,4330.605,1656
2026-08-19 05:30:00,4330.63,4332.82,4327.29,4330.99,1950
2026-08-19 05:35:00,4330.98,4331.92,4327.335,4329,1392
2026-08-19 05:40:00,4328.985,4330.435,4328.175,4329.875,2207
2026-08-19 05:45:00,4329.89,4332.205,4329.585,4331.125,2915
2026-08-19 05:50:00,4331.09,4334.365,4330.04,4334.06,1688
2026-08-19 05:55:00,4334.075,4334.075,4331.47,4333.09,2435
2026-08-19 06:00:00,4333.075,4340.76,4331.555,4337.04,4728
2026-08-19 06:05:00,4337.035,4341.29,4335.99,4340.085,3854
2026-08-19 06:10:00,4340.055,4345,4338.285,4343.035,3409
2026-08-19 06:15:00,4342.96,4346.465,4342.855,4343.645,3473
2026-08-19 06:20:00,4343.66,4346.27,4341.685,4343.26,3618
2026-08-19 06:25:00,4343.245,4343.85,4339.23,4343.045,4136
2026-08-19 06:30:00,4343.06,4345.915,4339.715,4340.73,3625
2026-08-19 06:35:00,4340.675,4346.935,4340.575,4344.915,3615
2026-08-19 06:40:00,4344.9,4347.29,4343.135,4343.7,2989
2026-08-19 06:45:00,4343.71,4344.77,4342.28,4342.845,3022
2026-08-19 06:50:00,4342.83,4344.955,4341.335,4341.53,4458
2026-08-19 06:55:00,4341.495,4342.435,4337.215,4338.05,4669
2026-08-19 07:00:00,4337.995,4340.055,4324.64,4332.54,8040
2026-08-19 07:05:00,4332.565,4342.92,4331.615,4340.505,5725
2026-08-19 07:10:00,4340.455,4344.095,4337.23,4343.985,4059
2026-08-19 07:15:00,4344.025,4346.42,4334.725,4337.96,6008
2026-08-19 07:20:00,4337.965,4340.31,4333.145,4337.48,4830
2026-08-19 07:25:00,4337.495,4342.67,4335.655,4342.365,3209
2026-08-19 07:30:00,4342.36,4351.32,4342.36,4350.815,3770
2026-08-19 07:35:00,4350.825,4356.46,4350.35,4355.46,3392
2026-08-19 07:40:00,4355.47,4357.745,4354.21,4355.515,3080
2026-08-19 07:45:00,4355.505,4356.78,4350.84,4351.195,3211
2026-08-19 07:50:00,4351.17,4355.2,4350.55,4353.46,2906
2026-08-19 07:55:00,4353.48,4356.765,4352.805,4356.545,2968
2026-08-19 08:00:00,4356.56,4357.355,4351.695,4354.43,2705
2026-08-19 08:05:00,4354.485,4357.23,4352.915,4355.86,2608
2026-08-19 08:10:00,4355.91,4356.07,4352.63,4353.63,2910
2026-08-19 08:15:00,4353.645,4360.83,4352.55,4358.93,3939
2026-08-19 08:20:00,4358.945,4362.12,4358.095,4359.99,2541
2026-08-19 08:25:00,4360.005,4361.385,4359.205,4359.765,2678
2026-08-19 08:30:00,4359.75,4360.36,4355.705,4356.94,3690
2026-08-19 08:35:00,4356.93,4358.41,4354.22,4355.36,3383
2026-08-19 08:40:00,4355.335,4358.335,4354.84,4355.37,2463
2026-08-19 08:45:00,4355.395,4357.35,4354.215,4355.62,2957
2026-08-19 08:50:00,4355.625,4356.56,4353.015,4354.035,3005
2026-08-19 08:55:00,4354.065,4355.175,4351.475,4355.05,3035
2026-08-19 09:00:00,4355.055,4356.185,4352.81,4355.785,2985
2026-08-19 09:05:00,4355.755,4355.755,4352.005,4353.795,2671
2026-08-19 09:10:00,4353.815,4355.38,4353.52,4354.59,2645
2026-08-19 09:15:00,4354.585,4356.225,4351.94,4352.845,2647
2026-08-19 09:20:00,4352.85,4355.885,4351.955,4355.755,2070
2026-08-19 09:25:00,4355.795,4358.045,4355.795,4357.125,1901
2026-08-19 09:30:00,4357.13,4358.425,4355.985,4357.06,1670
2026-08-19 09:35:00,4357.04,4360.44,4357.005,4358.25,1307
2026-08-19 09:40:00,4358.245,4358.84,4357.09,4358.65,1181
2026-08-19 09:45:00,4358.64,4358.97,4356.44,4357.92,1141
2026-08-19 09:50:00,4357.925,4358.575,4355.79,4355.82,1064
2026-08-19 09:55:00,4355.785,4356.62,4354.865,4355.065,937
2026-08-19 10:00:00,4355.085,4356.33,4353.49,4353.88,1134
2026-08-19 10:05:00,4353.89,4354.945,4353.205,4354.495,883
2026-08-19 10:10:00,4354.505,4355.045,4353.655,4354.755,1229
2026-08-19 10:15:00,4354.755,4355.06,4350.15,4352.44,1599
2026-08-19 10:20:00,4352.46,4352.925,4350.85,4351.78,1617
2026-08-19 10:25:00,4351.79,4351.81,4350.36,4351.25,1240
2026-08-19 10:30:00,4351.285,4352.15,4349.485,4349.745,1516
2026-08-19 10:35:00,4349.78,4350.735,4346.48,4346.68,1512
2026-08-19 10:40:00,4346.685,4347.625,4345.045,4346.57,1570
2026-08-19 10:45:00,4346.565,4347.185,4345.95,4346.725,1170
2026-08-19 10:50:00,4346.72,4346.75,4343.87,4344.925,1376
2026-08-19 10:55:00,4344.98,4348.62,4344.605,4348.56,1822
2026-08-19 11:00:00,4348.595,4350.8,4346.405,4347.45,2436
2026-08-19 11:05:00,4347.47,4348.005,4342.495,4342.555,2115
2026-08-19 11:10:00,4342.595,4342.845,4338.705,4339.005,2024
2026-08-19 11:15:00,4339.015,4339.625,4336.745,4337.775,1658
2026-08-19 11:20:00,4337.745,4342.765,4337.53,4341.53,1849
2026-08-19 11:25:00,4341.545,4345.395,4340.535,4345.335,1659
2026-08-19 11:30:00,4345.4,4345.56,4336.955,4338.455,5231
2026-08-19 11:35:00,4338.51,4343.075,4336.865,4342.985,3149
2026-08-19 11:40:00,4342.965,4343.68,4340.005,4342.355,2479
2026-08-19 11:45:00,4342.34,4342.34,4335.29,4337.16,2935
2026-08-19 11:50:00,4337.145,4338.31,4335.14,4335.53,2782
2026-08-19 11:55:00,4335.535,4338.91,4335.245,4335.7,2557
2026-08-19 12:00:00,4335.71,4341.435,4335.425,4337.735,4139
2026-08-19 12:05:00,4337.755,4340.49,4335.44,4339.05,3798
2026-08-19 12:10:00,4339.04,4341.915,4337.055,4337.53,3363
2026-08-19 12:15:00,4337.465,4346.335,4336.995,4345.345,3936
2026-08-19 12:20:00,4345.33,4348.445,4344.755,4346.075,3378
2026-08-19 12:25:00,4346.065,4346.965,4340.585,4343.3,3309
2026-08-19 12:30:00,4343.305,4343.48,4337.155,4338.705,4093
2026-08-19 12:35:00,4338.71,4345.715,4338.71,4344.035,2822
2026-08-19 12:40:00,4344.015,4344.425,4341.57,4341.975,3040
2026-08-19 12:45:00,4342.005,4344.24,4340.88,4343.89,3401
2026-08-19 12:50:00,4343.875,4347.94,4343.875,4347.8,3487
2026-08-19 12:55:00,4347.795,4349.49,4347.435,4349.15,3490
2026-08-19 13:00:00,4349.155,4351.295,4347.535,4348.105,3642
2026-08-19 13:05:00,4348.09,4353.625,4347.94,4352.99,2340
2026-08-19 13:10:00,4352.995,4353.56,4349.865,4350.57,1781
2026-08-19 13:15:00,4350.56,4351.64,4347.505,4350.56,2097
2026-08-19 13:20:00,4350.725,4355.02,4349.025,4354.395,2235
2026-08-19 13:25:00,4354.38,4357.065,4354.065,4356.855,2454
2026-08-19 13:30:00,4356.84,4360.85,4356.39,4359.56,2229
2026-08-19 13:35:00,4359.535,4363.28,4357.215,4357.655,2048
2026-08-19 13:40:00,4357.66,4357.86,4352.835,4354.55,1840
2026-08-19 13:45:00,4354.52,4357.25,4354.32,4356.595,1887
2026-08-19 13:50:00,4356.59,4357.83,4354.905,4355.67,1820
2026-08-19 13:55:00,4355.66,4356.37,4354.645,4354.87,1756
2026-08-19 14:00:00,4354.84,4357.825,4351.165,4357.17,3501
2026-08-19 14:05:00,4357.175,4361.22,4356.275,4360.94,2696
2026-08-19 14:10:00,4360.93,4362.835,4360.055,4361.7,2137
2026-08-19 14:15:00,4361.715,4362.565,4359.91,4359.925,1808
2026-08-19 14:20:00,4359.915,4360.36,4357.405,4360.14,2107
2026-08-19 14:25:00,4360.145,4361.12,4358.35,4361.115,2783
2026-08-19 14:30:00,4361.1,4361.41,4356.97,4357.26,3057
2026-08-19 14:35:00,4357.23,4361.12,4356.565,4360.205,2128
2026-08-19 14:40:00,4360.175,4363.195,4359.48,4362.605,2381
2026-08-19 14:45:00,4362.615,4363.205,4360.795,4361.705,2137
2026-08-19 14:50:00,4361.715,4361.98,4358.205,4358.395,2333
2026-08-19 14:55:00,4358.41,4358.545,4354.89,4355.76,2714
2026-08-19 15:00:00,4355.75,4359.25,4355.13,4359.07,2510
2026-08-19 15:05:00,4359.065,4359.895,4355.445,4355.895,2681
2026-08-19 15:10:00,4355.9,4357.845,4355.57,4356.44,2261
2026-08-19 15:15:00,4356.42,4356.825,4353.485,4355.38,2820
2026-08-19 15:20:00,4355.355,4357.21,4353.525,4356.12,2604
2026-08-19 15:25:00,4356.115,4357.52,4353.955,4356.645,2013
2026-08-19 15:30:00,4356.64,4357.79,4355.455,4356.56,2359
2026-08-19 15:35:00,4356.565,4357.335,4356.025,4357.08,1710
2026-08-19 15:40:00,4357.07,4361.115,4356.705,4358.865,2341
2026-08-19 15:45:00,4358.845,4361.19,4358.33,4360.62,2019
2026-08-19 15:50:00,4360.615,4361.01,4358.16,4359.815,2260
2026-08-19 15:55:00,4359.84,4362.125,4359.18,4362.07,2063
2026-08-19 16:00:00,4362.085,4363.31,4359.835,4360.16,3081
2026-08-19 16:05:00,4360.155,4362.855,4359.74,4361.535,2135
2026-08-19 16:10:00,4361.515,4364.25,4360.98,4363.8,2277
2026-08-19 16:15:00,4363.79,4368.71,4363.66,4368.55,2609
2026-08-19 16:20:00,4368.555,4369.205,4366.795,4368.525,2270
2026-08-19 16:25:00,4368.45,4369.145,4366.79,4368.86,2035
2026-08-19 16:30:00,4368.865,4369.515,4365.925,4367.035,2130
2026-08-19 16:35:00,4367.05,4367.775,4366.68,4367.11,1621
2026-08-19 16:40:00,4367.08,4368.57,4366.53,4368.14,1794
2026-08-19 16:45:00,4368.15,4369.61,4367.42,4368.53,1583
2026-08-19 16:50:00,4368.535,4368.88,4367.16,4367.485,1729
2026-08-19 16:55:00,4367.48,4367.965,4366.29,4367.415,1699
2026-08-19 17:00:00,4367.445,4371.135,4367.445,4371,2898
2026-08-19 17:05:00,4370.985,4373.77,4370.67,4371.265,2709
2026-08-19 17:10:00,4371.26,4374.195,4370.83,4373.405,2598
2026-08-19 17:15:00,4373.4,4374.15,4369.67,4370.51,2453
2026-08-19 17:20:00,4370.515,4371.365,4368.885,4370.955,2108
2026-08-19 17:25:00,4370.965,4373.485,4370.57,4370.95,2321
2026-08-19 17:30:00,4370.975,4371.875,4368.63,4369.505,2741
2026-08-19 17:35:00,4369.49,4370.02,4366.995,4368.075,2473
2026-08-19 17:40:00,4368.08,4368.145,4363.32,4363.68,2533
2026-08-19 17:45:00,4363.67,4367.695,4363.52,4367.455,2546
2026-08-19 17:50:00,4367.45,4367.475,4363.79,4365.86,2365
2026-08-19 17:55:00,4365.84,4366.41,4364.275,4364.765,1917
2026-08-19 18:00:00,4364.775,4365.455,4362.16,4364.11,3286
2026-08-19 18:05:00,4364.085,4368.345,4363.48,4367.91,3096
2026-08-19 18:10:00,4367.925,4370.725,4366.845,4368.435,3425
2026-08-19 18:15:00,4368.445,4370.305,4366.1,4368.185,3440
2026-08-19 18:20:00,4368.19,4373.635,4367.845,4370.36,4578
2026-08-19 18:25:00,4370.345,4371.33,4367.95,4369.43,3210
2026-08-19 18:30:00,4369.41,4384.915,4368.675,4384.535,6658
2026-08-19 18:35:00,4384.505,4416.76,4382.925,4412.56,10631
2026-08-19 18:40:00,4412.565,4420.545,4406.41,4417.47,10202
2026-08-19 18:45:00,4417.44,4421.085,4411.56,4417.46,8886
2026-08-19 18:50:00,4417.375,4428.565,4411.565,4428.395,8309
2026-08-19 18:55:00,4428.38,4442.3,4426.59,4438.81,8387
2026-08-19 19:00:00,4438.83,4442.135,4426.86,4427.72,9358
2026-08-19 19:05:00,4427.735,4441.605,4424.425,4441.605,8830
2026-08-19 19:10:00,4441.595,4460.955,4441.335,4456.14,8987
2026-08-19 19:15:00,4456.165,4464.305,4455.915,4460.395,7363
2026-08-19 19:20:00,4460.375,4462.985,4455.055,4459.23,6750
2026-08-19 19:25:00,4459.225,4461.46,4455.25,4458.28,7055
2026-08-19 19:30:00,4458.305,4466.365,4455.43,4461.89,10970
2026-08-19 19:35:00,4461.895,4462.295,4442.27,4455.835,11011
2026-08-19 19:40:00,4455.84,4464.75,4450.125,4460.74,10041
2026-08-19 19:45:00,4460.735,4462.005,4449.76,4450.405,9628
2026-08-19 19:50:00,4450.415,4456.41,4445.165,4453.63,9932
2026-08-19 19:55:00,4453.64,4463.385,4451.575,4459.725,9669
2026-08-19 20:00:00,4459.72,4462.7,4455.3,4460.515,9345
2026-08-19 20:05:00,4460.505,4472.175,4460.505,4471.99,9445
2026-08-19 20:10:00,4471.995,4475.625,4469.185,4473.865,9678
2026-08-19 20:15:00,4473.985,4478.4,4471.5,4471.545,9753
2026-08-19 20:20:00,4471.545,4480.595,4470.36,4478.645,9035
2026-08-19 20:25:00,4478.635,4487.99,4477.445,4486.105,9016
2026-08-19 20:30:00,4486.115,4491.44,4483.945,4487.59,8946
2026-08-19 20:35:00,4487.57,4491.45,4486.675,4489.28,7896
2026-08-19 20:40:00,4489.29,4498.81,4487.3,4489.685,8617
2026-08-19 20:45:00,4489.69,4489.75,4478.14,4479.32,7307
2026-08-19 20:50:00,4479.325,4487.025,4478.58,4485.8,7033
2026-08-19 20:55:00,4485.81,4489.685,4485.375,4488.295,6292
2026-08-19 21:00:00,4488.305,4488.475,4481.24,4484.895,7850
2026-08-19 21:05:00,4484.905,4487.225,4482.12,4482.265,6325
2026-08-19 21:10:00,4482.275,4487.925,4479.915,4485.535,6714
2026-08-19 21:15:00,4485.54,4487.48,4483.96,4486.26,6927
2026-08-19 21:20:00,4486.14,4488.075,4481.135,4481.2,7089
2026-08-19 21:25:00,4481.205,4484.75,4478.37,4483.86,8096
2026-08-19 21:30:00,4483.85,4486.245,4480.375,4484.865,7571
2026-08-19 21:35:00,4484.875,4488.455,4484.78,4487.28,5687
2026-08-19 21:40:00,4487.26,4493.105,4484.935,4490.355,6302
2026-08-19 21:45:00,4490.345,4494.315,4489.975,4490.8,5764
2026-08-19 21:50:00,4490.77,4492.91,4488.73,4491.25,5585
2026-08-19 21:55:00,4491.26,4494.18,4490.88,4493.93,5630
2026-08-19 22:00:00,4493.94,4497.55,4493.33,4493.41,6199
2026-08-19 22:05:00,4493.42,4497.65,4491.16,4497.445,4669
2026-08-19 22:10:00,4497.44,4499.19,4496.77,4497.79,4166
2026-08-19 22:15:00,4497.825,4499.445,4495.125,4495.205,4685
2026-08-19 22:20:00,4495.215,4496.875,4493.57,4495.035,4136
2026-08-19 22:25:00,4495.03,4495.755,4490.66,4491.21,4832
2026-08-19 22:30:00,4491.185,4495.86,4490.715,4495.735,5293
2026-08-19 22:35:00,4495.695,4496.29,4492.195,4495.565,4720
2026-08-19 22:40:00,4495.56,4496.55,4493.85,4495.19,3784
2026-08-19 22:45:00,4495.175,4496.965,4493.65,4494.675,3638
2026-08-19 22:50:00,4494.665,4497.915,4494.18,4494.63,4162
2026-08-19 22:55:00,4494.61,4495.4,4493.33,4493.355,4120
2026-08-19 23:00:00,4493.36,4499.115,4493.36,4496.875,5725
2026-08-19 23:05:00,4496.885,4497.37,4491.505,4493.29,5524
2026-08-19 23:10:00,4493.27,4494.14,4489.105,4492.575,5281
2026-08-19 23:15:00,4492.58,4492.865,4487.145,4489.355,5017
2026-08-19 23:20:00,4489.365,4490.565,4487.925,4489.475,4100
2026-08-19 23:25:00,4489.495,4489.73,4486.3,4488.125,4533
2026-08-19 23:30:00,4488.18,4489.35,4484.46,4488.35,4809
2026-08-19 23:35:00,4488.355,4490.04,4486.705,4488.52,4281
2026-08-19 23:40:00,4488.525,4491.725,4487.14,4488.75,4804
2026-08-19 23:45:00,4488.735,4489.67,4487.62,4488.435,3480
2026-08-19 23:50:00,4488.44,4489.25,4485.745,4486.51,3811
2026-08-19 23:55:00,4486.54,4487.075,4484.475,4487.075,2611
2026-08-20 00:00:00,4487.165,4495.92,4485.685,4495.755,5164
2026-08-20 00:05:00,4495.76,4496.615,4486.235,4488.995,6166
2026-08-20 00:10:00,4488.975,4490.395,4486.195,4488.03,3713
2026-08-20 00:15:00,4488.025,4488.025,4482.435,4484.89,4469
2026-08-20 00:20:00,4484.965,4485.175,4481.175,4481.51,4796
2026-08-20 00:25:00,4481.505,4481.98,4472.89,4475.58,5998
2026-08-20 00:30:00,4475.565,4481.385,4472.2,4480.715,6566
2026-08-20 00:35:00,4480.705,4484.705,4478.905,4484.215,5496
2026-08-20 00:40:00,4484.27,4492.065,4483.785,4490.535,4789
2026-08-20 00:45:00,4490.54,4492.175,4489.525,4491.65,3801
2026-08-20 00:50:00,4491.655,4497.165,4490.855,4494.425,3659
2026-08-20 00:55:00,4494.42,4495.91,4494.21,4495.135,3475
2026-08-20 01:00:00,4495.11,4498.6,4494.445,4497.025,3973
2026-08-20 01:05:00,4497.035,4505.805,4495.445,4505.13,4689
2026-08-20 01:10:00,4505.135,4505.44,4502.23,4503.295,3394
2026-08-20 01:15:00,4503.3,4506.275,4503.02,4504.455,4185
2026-08-20 01:20:00,4504.48,4505.495,4502.665,4505.495,3497
2026-08-20 01:25:00,4505.485,4507.815,4503.385,4507.085,4462
2026-08-20 01:30:00,4507.095,4510.915,4505.97,4509.63,4493
2026-08-20 01:35:00,4509.645,4510.475,4503.725,4505.865,4543
2026-08-20 01:40:00,4505.885,4507.745,4502.57,4507.185,4731
2026-08-20 01:45:00,4507.17,4511.415,4505.38,4511.13,5065
2026-08-20 01:50:00,4511.12,4512.15,4508.47,4511.55,5814
2026-08-20 01:55:00,4511.495,4512.34,4508.61,4511.31,5730
2026-08-20 02:00:00,4511.28,4511.855,4508.985,4509.52,2044
2026-08-20 02:05:00,4509.525,4510.605,4507.98,4510.6,1332
2026-08-20 02:10:00,4510.62,4512.12,4505.26,4506.9,1831
2026-08-20 02:15:00,4506.905,4511.255,4506.44,4510.375,1077
2026-08-20 02:20:00,4510.39,4518.33,4510.1,4517.69,1317
2026-08-20 02:25:00,4517.87,4522.16,4517.455,4518.54,2482
2026-08-20 02:30:00,4518.52,4523.65,4518.08,4521.52,1838
2026-08-20 02:35:00,4521.53,4521.59,4518.83,4519.775,1209
2026-08-20 02:40:00,4519.77,4520.85,4518.97,4519.57,1180
2026-08-20 02:45:00,4519.62,4522.19,4519.565,4520.99,1267
2026-08-20 02:50:00,4520.96,4524.075,4520.825,4523.885,1914
2026-08-20 02:55:00,4523.83,4524.365,4522.36,4522.735,2216
2026-08-20 04:00:00,4520.505,4527.575,4519.655,4521.45,2555
2026-08-20 04:05:00,4521.425,4523.73,4520.515,4520.875,1797
2026-08-20 04:10:00,4520.85,4521.845,4518.955,4520.085,1740
2026-08-20 04:15:00,4520.075,4521.075,4519.36,4520.2,1240
2026-08-20 04:20:00,4520.21,4521.585,4519.285,4521.52,926
2026-08-20 04:25:00,4521.51,4521.77,4519.69,4521.05,865
2026-08-20 04:30:00,4521.085,4522.17,4518.17,4519.165,1375
2026-08-20 04:35:00,4519.195,4520.13,4517.68,4518.045,1250
2026-08-20 04:40:00,4518.075,4519.64,4517.965,4518.59,1107
2026-08-20 04:45:00,4518.57,4521.27,4517.91,4519.645,1001
2026-08-20 04:50:00,4519.66,4521.87,4518.885,4519.785,932
2026-08-20 04:55:00,4519.78,4520.165,4516.665,4518.935,1571
2026-08-20 05:00:00,4518.94,4523.765,4517.39,4521.235,2884
2026-08-20 05:05:00,4521.195,4523.73,4521.11,4521.925,1782
2026-08-20 05:10:00,4521.925,4521.985,4519.45,4519.545,910
2026-08-20 05:15:00,4519.495,4520.4,4518.28,4520.065,818
2026-08-20 05:20:00,4520.06,4520.25,4515.38,4519.075,1433
2026-08-20 05:25:00,4519.085,4519.255,4516.235,4517.72,940
2026-08-20 05:30:00,4517.725,4518.34,4514.31,4514.31,1102
2026-08-20 05:35:00,4514.3,4516.475,4513.98,4514.125,1273
2026-08-20 05:40:00,4514.135,4515.39,4513.785,4514.51,1003
2026-08-20 05:45:00,4514.525,4517.54,4514.25,4514.965,1586
2026-08-20 05:50:00,4514.97,4515.285,4512.18,4513.12,1444
2026-08-20 05:55:00,4513.06,4513.385,4511.435,4511.82,2384
2026-08-20 06:00:00,4511.87,4518.89,4510.345,4514.93,4942
2026-08-20 06:05:00,4514.91,4518.36,4514.06,4515.155,3913
2026-08-20 06:10:00,4515.205,4516.52,4512.66,4516.325,3525
2026-08-20 06:15:00,4516.375,4521.33,4514.2,4517.83,3602
2026-08-20 06:20:00,4517.84,4518.125,4510.175,4511.915,3569
2026-08-20 06:25:00,4511.89,4512.63,4508.705,4510.49,2919
2026-08-20 06:30:00,4510.46,4513.32,4509.405,4511.505,3027
2026-08-20 06:35:00,4511.49,4511.755,4508.86,4509.395,2033
2026-08-20 06:40:00,4509.405,4509.56,4503.965,4505.965,2605
2026-08-20 06:45:00,4505.96,4508.2,4504.73,4507.755,2953
2026-08-20 06:50:00,4507.71,4510.275,4504.825,4506.375,2837
2026-08-20 06:55:00,4506.4,4510.61,4504.025,4504.685,3273
2026-08-20 07:00:00,4504.745,4510.18,4492.68,4493.245,6922
2026-08-20 07:05:00,4493.26,4499.78,4491.815,4498.53,5358
2026-08-20 07:10:00,4498.445,4498.545,4492.305,4493.28,4831
2026-08-20 07:15:00,4493.29,4499.665,4493.285,4498.935,5123
2026-08-20 07:20:00,4498.87,4503.48,4498.835,4502.395,4733
2026-08-20 07:25:00,4502.39,4503.36,4497.725,4500.595,3890
2026-08-20 07:30:00,4500.575,4501.32,4495.61,4498.615,5627
2026-08-20 07:35:00,4498.62,4499.945,4493.645,4495.525,5164
2026-08-20 07:40:00,4495.53,4499.52,4493.47,4493.955,4193
2026-08-20 07:45:00,4493.945,4495.705,4489.11,4489.83,3715
2026-08-20 07:50:00,4489.835,4490.655,4484.53,4485.28,3902
2026-08-20 07:55:00,4485.245,4490.775,4484.77,4489.67,4604
2026-08-20 08:00:00,4489.665,4498.83,4488.53,4497.775,5341
2026-08-20 08:05:00,4497.79,4499.075,4494.2,4495.8,4282
2026-08-20 08:10:00,4495.795,4499.79,4495.45,4497.85,3976
2026-08-20 08:15:00,4497.835,4497.845,4489.575,4491.49,2999
2026-08-20 08:20:00,4491.485,4494.42,4489.525,4494.025,2845
2026-08-20 08:25:00,4494.03,4495.055,4491.275,4492.895,2561
2026-08-20 08:30:00,4492.985,4494.665,4490.905,4491.9,4068
2026-08-20 08:35:00,4491.89,4493.995,4490.29,4492.79,3208
2026-08-20 08:40:00,4492.815,4494.02,4490.255,4490.59,3108
2026-08-20 08:45:00,4490.57,4492.065,4489.2,4489.24,2996
2026-08-20 08:50:00,4489.22,4494.79,4488.945,4493.46,3054
2026-08-20 08:55:00,4493.465,4493.55,4490.505,4490.72,2994
2026-08-20 09:00:00,4490.71,4496.315,4490.7,4496.045,2853
2026-08-20 09:05:00,4496.035,4497.06,4491.48,4492.165,3098
2026-08-20 09:10:00,4492.145,4492.78,4487.99,4492.76,3795
2026-08-20 09:15:00,4492.79,4493.785,4490.375,4492.995,2685
2026-08-20 09:20:00,4492.99,4496.2,4491.345,4495.245,3188
2026-08-20 09:25:00,4495.25,4496.68,4493.205,4493.615,2759
2026-08-20 09:30:00,4493.575,4498.37,4492.43,4497.99,2586
2026-08-20 09:35:00,4497.9,4497.995,4494.78,4497.455,1880
2026-08-20 09:40:00,4497.45,4498.67,4496.1,4497.975,1972
2026-08-20 09:45:00,4497.97,4498.51,4497.005,4498.485,2096
2026-08-20 09:50:00,4498.47,4500.425,4496.85,4499.895,2460
2026-08-20 09:55:00,4499.88,4501.175,4498.06,4498.945,2012
2026-08-20 10:00:00,4498.92,4499.375,4495.05,4495.795,2631
2026-08-20 10:05:00,4495.81,4497.835,4495.655,4497,2172
2026-08-20 10:10:00,4496.99,4497.625,4496.13,4496.57,1728
2026-08-20 10:15:00,4496.545,4497.315,4495.125,4496.705,1609
2026-08-20 10:20:00,4496.725,4497.195,4494.255,4495.425,1944
2026-08-20 10:25:00,4495.41,4495.41,4489.81,4489.985,2005
2026-08-20 10:30:00,4489.99,4490.885,4486.795,4488.275,2448
2026-08-20 10:35:00,4488.27,4488.7,4486.465,4487.235,2170
2026-08-20 10:40:00,4487.325,4488.775,4486.77,4487.19,1596
2026-08-20 10:45:00,4487.195,4490.605,4486.99,4490.305,1946
2026-08-20 10:50:00,4490.295,4491.615,4489.565,4489.89,1901
2026-08-20 10:55:00,4489.885,4491.62,4488.13,4488.58,1988
2026-08-20 11:00:00,4488.585,4491.73,4488.225,4491.69,1929
2026-08-20 11:05:00,4491.7,4494.1,4490.93,4491.015,1759
2026-08-20 11:10:00,4491.03,4491.75,4484.16,4485.64,2387
2026-08-20 11:15:00,4485.655,4486.985,4484.275,4484.57,2386
2026-08-20 11:20:00,4484.575,4487.075,4484.295,4486.48,1898
2026-08-20 11:25:00,4486.485,4486.515,4482.82,4483.225,2248
2026-08-20 11:30:00,4483.235,4486.105,4479.59,4480.415,4586
2026-08-20 11:35:00,4480.39,4481.7,4478.01,4480.46,3506
2026-08-20 11:40:00,4480.45,4482.42,4479.035,4480.815,2959
2026-08-20 11:45:00,4480.805,4481.61,4479.275,4481.265,2440
2026-08-20 11:50:00,4481.295,4481.775,4478.485,4478.61,2779
2026-08-20 11:55:00,4478.6,4483.335,4478.01,4481.335,2477
2026-08-20 12:00:00,4481.33,4488.84,4480.165,4488.62,3218
2026-08-20 12:05:00,4488.545,4491.495,4487.945,4490.205,2610
2026-08-20 12:10:00,4490.215,4493.45,4489.875,4492.895,3136
2026-08-20 12:15:00,4492.91,4496.06,4491.87,4493.665,3081
2026-08-20 12:20:00,4493.675,4494.46,4492.315,4493.24,2791
2026-08-20 12:25:00,4493.265,4495.69,4493.04,4494.195,2226
2026-08-20 12:30:00,4494.14,4495.205,4492.28,4495.125,2551
2026-08-20 12:35:00,4495.12,4495.48,4493.355,4493.72,2455
2026-08-20 12:40:00,4493.71,4494.4,4491.86,4492.51,2424
2026-08-20 12:45:00,4492.515,4495.405,4492.5,4493.205,2673
2026-08-20 12:50:00,4493.2,4493.345,4491.295,4492.05,2488
2026-08-20 12:55:00,4492.045,4494.34,4491.265,4493.895,2319
2026-08-20 13:00:00,4493.89,4494,4487.65,4488.96,3621
2026-08-20 13:05:00,4489.105,4490.86,4487.555,4489.265,2985
2026-08-20 13:10:00,4489.225,4490.5,4487.265,4487.94,2840
2026-08-20 13:15:00,4487.945,4490.535,4486.995,4487.17,2661
2026-08-20 13:20:00,4487.145,4488.25,4485.62,4485.675,2758
2026-08-20 13:25:00,4485.67,4486.365,4483.71,4484.11,2989
2026-08-20 13:30:00,4484.115,4489.9,4483.545,4489.855,3792
2026-08-20 13:35:00,4489.895,4491.41,4489.13,4490.205,2927
2026-08-20 13:40:00,4490.2,4493.44,4489.26,4491.26,3179
2026-08-20 13:45:00,4491.285,4494.42,4489.265,4489.365,2524
2026-08-20 13:50:00,4489.36,4491.08,4488.435,4491.02,2260
2026-08-20 13:55:00,4491.04,4492.515,4489.28,4491.01,2782
2026-08-20 14:00:00,4491.02,4495.115,4490.69,4492.65,4293
2026-08-20 14:05:00,4492.64,4494.605,4491.19,4494.075,3488
2026-08-20 14:10:00,4494.08,4495.5,4491.755,4494.4,2926
2026-08-20 14:15:00,4494.36,4498.83,4494.125,4496.265,3743
2026-08-20 14:20:00,4496.275,4498.265,4495.01,4495.68,3163
2026-08-20 14:25:00,4495.67,4496.355,4490.075,4491.44,3053
2026-08-20 14:30:00,4491.43,4493.33,4487.26,4493.22,4040
2026-08-20 14:35:00,4493.215,4495.45,4490.205,4491.765,3752
2026-08-20 14:40:00,4491.755,4493.06,4490.335,4490.625,2995
2026-08-20 14:45:00,4490.615,4491.71,4488.06,4488.065,3233
2026-08-20 14:50:00,4488.07,4492.03,4487.71,4491.87,2310
2026-08-20 14:55:00,4491.865,4492.165,4487.72,4489.475,2617
2026-08-20 15:00:00,4489.485,4491.2,4488.535,4490.835,2751
2026-08-20 15:05:00,4490.84,4493.4,4488.915,4491.69,2612
2026-08-20 15:10:00,4491.72,4494.325,4491.47,4492.425,2535
2026-08-20 15:15:00,4492.4,4493.925,4489.265,4489.415,2550
2026-08-20 15:20:00,4489.465,4493.05,4488.39,4489.85,2569
2026-08-20 15:25:00,4489.865,4490.89,4488.13,4490.015,2247
2026-08-20 15:30:00,4490.01,4490.66,4487.01,4487.675,3137
2026-08-20 15:35:00,4487.705,4488.545,4484.615,4486.26,2490
2026-08-20 15:40:00,4486.225,4490.43,4485.91,4489.26,2491
2026-08-20 15:45:00,4489.25,4489.25,4485.18,4485.645,2184
2026-08-20 15:50:00,4485.65,4486.35,4482.035,4483.95,3597
2026-08-20 15:55:00,4483.955,4484.865,4481.935,4482.735,2916
2026-08-20 16:00:00,4482.675,4486.175,4480.84,4485.52,3582
2026-08-20 16:05:00,4485.515,4489.865,4485.395,4489.655,2400
2026-08-20 16:10:00,4489.645,4491.39,4488.285,4490.57,2274
2026-08-20 16:15:00,4490.565,4491.775,4490.09,4490.7,2363
2026-08-20 16:20:00,4490.695,4490.945,4486.49,4489.02,2692
2026-08-20 16:25:00,4489.035,4494.33,4488.395,4493.91,2647
2026-08-20 16:30:00,4493.915,4494.955,4492.575,4493.115,2259
2026-08-20 16:35:00,4493.1,4494.795,4490.2,4490.55,2512
2026-08-20 16:40:00,4490.535,4491.305,4490.17,4491.245,1838
2026-08-20 16:45:00,4491.235,4491.375,4488.73,4490.26,1790
2026-08-20 16:50:00,4490.275,4490.855,4487.56,4487.965,2040
2026-08-20 16:55:00,4487.96,4490.62,4487.61,4490.205,2269
2026-08-20 17:00:00,4490.215,4491.375,4487.685,4488.38,3932
2026-08-20 17:05:00,4488.37,4488.5,4485.705,4487.36,2823
2026-08-20 17:10:00,4487.345,4487.665,4482.805,4485.385,2741
2026-08-20 17:15:00,4485.335,4485.97,4481.28,4482.49,2743
2026-08-20 17:20:00,4482.475,4487.685,4481.795,4487.66,2961
2026-08-20 17:25:00,4487.67,4489.91,4484.26,4484.35,2641
2026-08-20 17:30:00,4484.345,4486.04,4482.715,4485.02,2774
2026-08-20 17:35:00,4485.03,4486.945,4480.005,4481.885,3535
2026-08-20 17:40:00,4481.88,4482.695,4474.35,4474.955,4587
2026-08-20 17:45:00,4474.945,4475.825,4465.85,4471.195,5564
2026-08-20 17:50:00,4471.185,4473.03,4466.26,4467.295,6006
2026-08-20 17:55:00,4467.285,4471.405,4465.52,4467.155,5083
2026-08-20 18:00:00,4467.15,4467.4,4457.26,4458.31,7130
2026-08-20 18:05:00,4458.28,4459.465,4450.785,4456.995,7283
2026-08-20 18:10:00,4456.99,4466.42,4456.695,4462.615,5656
2026-08-20 18:15:00,4462.625,4467.46,4462.2,4467.05,6316
2026-08-20 18:20:00,4467.04,4467.97,4461.92,4464.02,5701
2026-08-20 18:25:00,4464.015,4464.015,4457.11,4459.455,5164
2026-08-20 18:30:00,4459.51,4461.085,4451.215,4453.52,5048
2026-08-20 18:35:00,4453.515,4463.345,4451.895,4463.195,5614
2026-08-20 18:40:00,4463.185,4467.135,4460.065,4466.685,5064
2026-08-20 18:45:00,4466.68,4471.6,4464.2,4471.405,4249
2026-08-20 18:50:00,4471.355,4475.455,4470.14,4472.25,3900
2026-08-20 18:55:00,4472.255,4477.21,4471.925,4474.93,4971
2026-08-20 19:00:00,4474.92,4484.715,4474.05,4478.615,7083
2026-08-20 19:05:00,4478.63,4480.385,4473.16,4473.805,5963
2026-08-20 19:10:00,4473.82,4475.965,4471.95,4472.98,5656
2026-08-20 19:15:00,4472.945,4476.81,4471.005,4474.87,5642
2026-08-20 19:20:00,4474.9,4476.71,4471.555,4474.21,4735
2026-08-20 19:25:00,4474.2,4474.445,4470.27,4471.95,5378
2026-08-20 19:30:00,4471.97,4477.37,4469.4,4475.83,8842
2026-08-20 19:35:00,4475.81,4486.725,4474.68,4483.885,9350
2026-08-20 19:40:00,4483.875,4488.02,4477.92,4486.745,8581
2026-08-20 19:45:00,4486.755,4489.405,4480.15,4482.315,8658
2026-08-20 19:50:00,4482.295,4486.645,4481.005,4485.76,8642
2026-08-20 19:55:00,4485.79,4486.805,4479.435,4481.755,7714
2026-08-20 20:00:00,4481.77,4490.705,4481.58,4483.41,8498
2026-08-20 20:05:00,4483.405,4486.9,4480.875,4485.45,7791
2026-08-20 20:10:00,4485.44,4489.175,4483.59,4485.14,8837
2026-08-20 20:15:00,4485.15,4489.64,4481.91,4482.22,7861
2026-08-20 20:20:00,4482.23,4493.985,4481.815,4490.9,9143
2026-08-20 20:25:00,4490.905,4493.23,4486.86,4491.69,8049
2026-08-20 20:30:00,4491.72,4497.135,4491.72,4494.485,7322
2026-08-20 20:35:00,4494.515,4500.855,4493.16,4496.075,7285
2026-08-20 20:40:00,4496.045,4501.24,4493.735,4499.355,5979
2026-08-20 20:45:00,4499.35,4509.36,4498.855,4508.1,6118
2026-08-20 20:50:00,4508.095,4510.645,4504.83,4510.025,6085
2026-08-20 20:55:00,4510.005,4516.395,4509.485,4516.105,6927
2026-08-20 21:00:00,4516.115,4536.635,4515.145,4535.745,10472
2026-08-20 21:05:00,4535.715,4536.685,4522.39,4524.74,10317
2026-08-20 21:10:00,4524.77,4537.415,4521.715,4535.15,10333
2026-08-20 21:15:00,4535.135,4540.945,4530.54,4539.72,9781
2026-08-20 21:20:00,4539.725,4541.05,4523.64,4527.25,9031
2026-08-20 21:25:00,4527.245,4534.19,4525.77,4532.56,8890
2026-08-20 21:30:00,4532.545,4533.98,4522.775,4524.125,8263
2026-08-20 21:35:00,4524.13,4526.875,4517.375,4518.665,7330
2026-08-20 21:40:00,4518.66,4519.745,4509.97,4511.635,6836
2026-08-20 21:45:00,4511.63,4521.51,4510.995,4520.32,7090
2026-08-20 21:50:00,4520.3,4521.73,4515.815,4519.2,7313
2026-08-20 21:55:00,4519.195,4524.225,4517.645,4521.78,6181
2026-08-20 22:00:00,4521.8,4524.92,4519.35,4519.685,6441
2026-08-20 22:05:00,4519.675,4522.205,4518.825,4520.09,5609
2026-08-20 22:10:00,4520.075,4520.485,4510.455,4511.28,5678
2026-08-20 22:15:00,4511.3,4513.245,4508.555,4512.27,5209
2026-08-20 22:20:00,4512.27,4513.1,4509.38,4511.84,4821
2026-08-20 22:25:00,4511.86,4511.935,4505.5,4509.335,5082
2026-08-20 22:30:00,4509.34,4509.96,4502.89,4509.355,5499
2026-08-20 22:35:00,4509.27,4512.835,4507.165,4507.365,5637
2026-08-20 22:40:00,4507.37,4510.37,4507.095,4509.33,4689
2026-08-20 22:45:00,4509.265,4512.625,4507.465,4512.085,4315
2026-08-20 22:50:00,4512.105,4513.84,4508.81,4509.58,4481
2026-08-20 22:55:00,4509.585,4511.26,4507.91,4510.07,4807
2026-08-20 23:00:00,4510.065,4514.06,4510,4511.63,4179
2026-08-20 23:05:00,4511.63,4511.985,4507.89,4510.095,3760
2026-08-20 23:10:00,4510.09,4510.74,4507.835,4509.52,3913
2026-08-20 23:15:00,4509.51,4511.47,4508.01,4508.88,4630
2026-08-20 23:20:00,4508.885,4514.4,4508.435,4511.22,4735
2026-08-20 23:25:00,4511.235,4516.74,4509.405,4512.995,5005
2026-08-20 23:30:00,4513.025,4518.535,4510.905,4518.325,4401
2026-08-20 23:35:00,4518.315,4518.8,4516.165,4516.84,3431
2026-08-20 23:40:00,4516.81,4518.415,4516.195,4518.34,3298
2026-08-20 23:45:00,4518.33,4520.38,4517.38,4519.3,3654
2026-08-20 23:50:00,4519.3,4520.185,4517.235,4518.78,3391
2026-08-20 23:55:00,4518.785,4520.625,4518.12,4520.02,3608
2026-08-21 00:00:00,4520.03,4522.44,4518.365,4521.895,4773
2026-08-21 00:05:00,4521.87,4522.51,4514.86,4516.725,4400
2026-08-21 00:10:00,4516.755,4516.815,4509.53,4510.78,5170
2026-08-21 00:15:00,4510.775,4516.375,4508.425,4515.93,5308
2026-08-21 00:20:00,4515.925,4518.235,4515.08,4516.585,4089
2026-08-21 00:25:00,4516.61,4520.345,4516.47,4519.13,4155
2026-08-21 00:30:00,4519.105,4521.605,4518.555,4519.535,3662
2026-08-21 00:35:00,4519.545,4523.55,4518.955,4521.25,4228
2026-08-21 00:40:00,4521.26,4522.135,4519.88,4520.31,3920
2026-08-21 00:45:00,4520.32,4521.62,4518.075,4521.465,4026
2026-08-21 00:50:00,4521.48,4525.42,4521.08,4524.77,3688
2026-08-21 00:55:00,4524.775,4525.06,4521.35,4522.135,4221
2026-08-21 01:00:00,4522.145,4522.72,4518.195,4521.69,3206
2026-08-21 01:05:00,4521.695,4526.245,4521.295,4526.135,2537
2026-08-21 01:10:00,4526.13,4528.2,4524.345,4527.72,2618
2026-08-21 01:15:00,4527.745,4529.46,4525.625,4525.97,2564
2026-08-21 01:20:00,4525.98,4528.205,4523.83,4527.14,2841
2026-08-21 01:25:00,4527.125,4527.855,4522.795,4522.86,2532
2026-08-21 01:30:00,4522.91,4524.685,4522.055,4524.115,2741
2026-08-21 01:35:00,4524.125,4529.775,4523.16,4529.09,3185
2026-08-21 01:40:00,4529.085,4529.115,4526.265,4526.265,2857
2026-08-21 01:45:00,4526.24,4530.46,4525.04,4528.93,3330
2026-08-21 01:50:00,4528.925,4532.25,4528.165,4531.13,3846
2026-08-21 01:55:00,4531.145,4531.635,4527.01,4528.81,4883
2026-08-21 02:00:00,4528.815,4529.3,4526.02,4527.185,1751
2026-08-21 02:05:00,4527.18,4528.035,4522.73,4523.03,1719
2026-08-21 02:10:00,4523.01,4525.065,4522.415,4522.545,1147
2026-08-21 02:15:00,4522.515,4522.885,4520.975,4521.95,1056
2026-08-21 02:20:00,4521.94,4522.42,4520.755,4521.45,930
2026-08-21 02:25:00,4521.465,4522.12,4520.535,4520.895,1155
2026-08-21 02:30:00,4520.905,4521.095,4516.95,4518.14,1575
2026-08-21 02:35:00,4518.13,4518.71,4517.375,4518.04,923
2026-08-21 02:40:00,4518.04,4518.855,4517.78,4518.255,713
2026-08-21 02:45:00,4518.27,4519.25,4518.075,4518.7,630
2026-08-21 02:50:00,4518.685,4521.45,4518.165,4519.835,1153
2026-08-21 02:55:00,4519.82,4520.37,4518.455,4519.245,996
2026-08-21 04:00:00,4519.2,4522.2,4516.915,4519.715,1307
2026-08-21 04:05:00,4519.76,4520.915,4518.145,4518.33,646
2026-08-21 04:10:00,4518.335,4519.765,4517.015,4518.535,714
2026-08-21 04:15:00,4518.545,4520.27,4518.545,4519.87,649
2026-08-21 04:20:00,4519.815,4520.165,4518.1,4518.515,511
2026-08-21 04:25:00,4518.525,4520.96,4518.525,4519.765,890
2026-08-21 04:30:00,4519.785,4520.365,4518.345,4520.285,736
2026-08-21 04:35:00,4520.295,4522.7,4519.705,4521.645,748
2026-08-21 04:40:00,4521.63,4523.77,4521.345,4522.83,937
2026-08-21 04:45:00,4522.785,4523.675,4519.63,4522.315,944
2026-08-21 04:50:00,4522.305,4524.485,4521.905,4523.995,680
2026-08-21 04:55:00,4523.99,4524.595,4523.605,4524.355,644
2026-08-21 05:00:00,4524.335,4530.15,4523.655,4529.37,1382
2026-08-21 05:05:00,4529.32,4530.44,4524.995,4527.385,1471
2026-08-21 05:10:00,4527.43,4532.945,4527.38,4531.935,1207
2026-08-21 05:15:00,4531.865,4532.515,4529.58,4531.64,1232
2026-08-21 05:20:00,4531.62,4531.725,4528.25,4529.005,972
2026-08-21 05:25:00,4529.005,4530.635,4522.745,4527.175,1682
2026-08-21 05:30:00,4527.145,4528.85,4522.305,4523.795,1546
2026-08-21 05:35:00,4523.795,4524.495,4520.935,4523.7,1555
2026-08-21 05:40:00,4523.635,4525.15,4523.59,4524.7,718
2026-08-21 05:45:00,4524.75,4527.63,4523.19,4527.345,1052
2026-08-21 05:50:00,4527.355,4528.285,4526.06,4527.685,1427
2026-08-21 05:55:00,4527.675,4527.77,4525.985,4526.415,1396
2026-08-21 06:00:00,4526.405,4527.61,4522.22,4522.835,3118
2026-08-21 06:05:00,4522.85,4523.175,4519.885,4520.185,2488
2026-08-21 06:10:00,4520.285,4523.115,4517.53,4518.765,2726
2026-08-21 06:15:00,4518.665,4519.63,4514.725,4517.81,2752
2026-08-21 06:20:00,4517.82,4519.225,4516.56,4517.675,2761
2026-08-21 06:25:00,4517.665,4520.835,4513.885,4514.885,2994
2026-08-21 06:30:00,4514.95,4517.305,4513.185,4514.315,2365
2026-08-21 06:35:00,4514.345,4515.945,4511.48,4512.82,2791
2026-08-21 06:40:00,4512.835,4514.595,4510.895,4513.84,2208
2026-08-21 06:45:00,4513.855,4514.205,4510.08,4511.645,2284
2026-08-21 06:50:00,4511.67,4512.88,4510.17,4511.17,2268
2026-08-21 06:55:00,4511.13,4511.765,4509.925,4510.64,2560
2026-08-21 07:00:00,4510.63,4517.475,4508.88,4513.205,6251
2026-08-21 07:05:00,4513.24,4516.245,4512.39,4513.88,5285
2026-08-21 07:10:00,4513.89,4521.295,4512.01,4520.915,4863
2026-08-21 07:15:00,4520.935,4526.915,4520.435,4524.21,3788
2026-08-21 07:20:00,4524.2,4530.065,4522.56,4526.595,4108
2026-08-21 07:25:00,4526.585,4530.845,4525.515,4529.6,3671
2026-08-21 07:30:00,4529.535,4539.12,4528.505,4537.445,4747
2026-08-21 07:35:00,4537.435,4544.04,4527.075,4528.92,5627
2026-08-21 07:40:00,4528.92,4529.105,4523.71,4526.095,3849
2026-08-21 07:45:00,4526.11,4533.535,4525.87,4531.505,3049
2026-08-21 07:50:00,4531.51,4532.51,4525.425,4526.19,3534
2026-08-21 07:55:00,4526.17,4531.035,4526.1,4530.845,3316
2026-08-21 08:00:00,4530.82,4531.255,4521.44,4522.665,3907
2026-08-21 08:05:00,4522.68,4525.45,4521.175,4523.15,3194
2026-08-21 08:10:00,4523.17,4523.635,4518.3,4521.25,3185
2026-08-21 08:15:00,4521.235,4522.54,4520.255,4522.49,1980
2026-08-21 08:20:00,4522.495,4527.51,4522.32,4527.425,1856
2026-08-21 08:25:00,4527.355,4529.455,4526.1,4527.315,2192
2026-08-21 08:30:00,4527.32,4531.04,4525.355,4526.435,3826
2026-08-21 08:35:00,4526.45,4531.95,4526.42,4531.42,2982
2026-08-21 08:40:00,4531.38,4538.36,4531.16,4538.285,2792
2026-08-21 08:45:00,4538.28,4539.895,4535.365,4539.06,2875
2026-08-21 08:50:00,4539.01,4543.06,4535.06,4540.935,3133
2026-08-21 08:55:00,4540.9,4541.265,4532.485,4533.855,2979
2026-08-21 09:00:00,4533.88,4538.64,4533.02,4533.42,3021
2026-08-21 09:05:00,4533.405,4535.915,4532.11,4534.475,2256
2026-08-21 09:10:00,4534.53,4536.57,4532.41,4532.625,2458
2026-08-21 09:15:00,4532.65,4534.785,4532.085,4532.84,2193
2026-08-21 09:20:00,4532.87,4534.945,4532.5,4533.565,1949
2026-08-21 09:25:00,4533.605,4534.85,4529.71,4529.73,2655
2026-08-21 09:30:00,4529.735,4535.895,4529.325,4535.66,2190
2026-08-21 09:35:00,4535.67,4535.765,4529.28,4529.31,1843
2026-08-21 09:40:00,4529.27,4529.58,4526.875,4529.225,1911
2026-08-21 09:45:00,4529.235,4533.905,4528.255,4531.725,1650
2026-08-21 09:50:00,4531.715,4533.555,4531.6,4533.135,1097
2026-08-21 09:55:00,4533.145,4535.815,4532.495,4535.525,1393
2026-08-21 10:00:00,4535.555,4539.5,4535.48,4538.725,1869
2026-08-21 10:05:00,4538.765,4539.805,4536.165,4538.29,1537
2026-08-21 10:10:00,4538.285,4541.95,4537.34,4540.185,2003
2026-08-21 10:15:00,4540.19,4541.485,4537.45,4541.485,1941
2026-08-21 10:20:00,4541.475,4546.08,4541.11,4543.24,1940
2026-08-21 10:25:00,4543.29,4547.41,4542.73,4546.93,1963
2026-08-21 10:30:00,4546.92,4548.13,4543.395,4544.215,1990
2026-08-21 10:35:00,4544.235,4544.86,4540.845,4541.955,1265
2026-08-21 10:40:00,4541.97,4543.31,4540.885,4541.795,1417
2026-08-21 10:45:00,4541.805,4542.325,4540.235,4541.09,1234
2026-08-21 10:50:00,4541.065,4542.555,4540.91,4541.55,1172
2026-08-21 10:55:00,4541.595,4542.435,4540.365,4540.72,1167
2026-08-21 11:00:00,4540.715,4540.925,4536.765,4537.91,1552
2026-08-21 11:05:00,4537.92,4539.795,4535.315,4536.865,1761
2026-08-21 11:10:00,4536.91,4537.815,4534.825,4537.31,1658
2026-08-21 11:15:00,4537.32,4538.81,4531.08,4533.765,2304
2026-08-21 11:20:00,4533.8,4534.67,4532.77,4534.02,1281
2026-08-21 11:25:00,4534.03,4534.605,4530.56,4530.615,1780
2026-08-21 11:30:00,4530.63,4538.425,4529.31,4538.175,3821
2026-08-21 11:35:00,4538.235,4540.91,4535.425,4536.48,2965
2026-08-21 11:40:00,4536.415,4543.595,4535.965,4543.325,2832
2026-08-21 11:45:00,4543.275,4546.635,4541.69,4546.27,2687
2026-08-21 11:50:00,4546.25,4549.245,4543.3,4547.975,2946
2026-08-21 11:55:00,4548.01,4556.4,4547.785,4553.77,3733
2026-08-21 12:00:00,4553.775,4555.305,4547.645,4549.635,3624
2026-08-21 12:05:00,4549.61,4551.635,4546.905,4548.52,2633
2026-08-21 12:10:00,4548.485,4550.265,4545.63,4549.075,3085
2026-08-21 12:15:00,4549.07,4556.77,4549.07,4555.89,3320
2026-08-21 12:20:00,4555.9,4556.82,4550.175,4550.625,2960
2026-08-21 12:25:00,4550.595,4558.305,4550.185,4555.555,3096
2026-08-21 12:30:00,4555.565,4563.675,4554.645,4561.6,3763
2026-08-21 12:35:00,4561.58,4565.9,4561.47,4564.985,3224
2026-08-21 12:40:00,4564.995,4565.075,4560.495,4562.56,3372
2026-08-21 12:45:00,4562.57,4567.68,4562.57,4567.495,2866
2026-08-21 12:50:00,4567.46,4567.49,4564.345,4564.835,2676
2026-08-21 12:55:00,4564.855,4567.75,4561.075,4561.08,2912
2026-08-21 13:00:00,4561.09,4566.16,4559.665,4566.025,2676
2026-08-21 13:05:00,4566.03,4566.1,4558.885,4558.895,2745
2026-08-21 13:10:00,4558.905,4561.795,4558.555,4561.645,2430
2026-08-21 13:15:00,4561.64,4567.09,4559.895,4566.425,2456
2026-08-21 13:20:00,4566.445,4568,4563,4563.665,2784
2026-08-21 13:25:00,4563.66,4564.715,4560.905,4561.805,2060
2026-08-21 13:30:00,4561.775,4564.83,4560.425,4562.3,2915
2026-08-21 13:35:00,4562.28,4564.97,4560.17,4564.235,2716
2026-08-21 13:40:00,4564.225,4566.355,4562.605,4564.48,2495
2026-08-21 13:45:00,4564.49,4568.125,4562.81,4566.115,2818
2026-08-21 13:50:00,4566.11,4567.24,4560.97,4561.9,2437
2026-08-21 13:55:00,4561.89,4565.11,4561.28,4564.415,2228
2026-08-21 14:00:00,4564.42,4566.73,4561.39,4561.455,2846
2026-08-21 14:05:00,4561.475,4562.895,4559.205,4561.815,3205
2026-08-21 14:10:00,4561.81,4568.095,4561.65,4565.535,2761
2026-08-21 14:15:00,4565.545,4573.485,4563.935,4572.82,3069
2026-08-21 14:20:00,4572.83,4579.37,4571.86,4577.785,3654
2026-08-21 14:25:00,4577.78,4581.91,4577.53,4579.475,3746
2026-08-21 14:30:00,4579.49,4579.985,4578.925,4579.17,742
